{"paper_id": "BI-DiffSR", "title": "Binarized Diffusion Model for Image Super-Resolution", "abstract": "Advanced diffusion models (DMs) perform impressively in image super-resolution (SR), but the high memory and computational costs hinder their deployment. Binarization, an ultra-compression algorithm, offers the potential for effectively accelerating DMs. Nonetheless, due to the model structure and the multi-step iterative attribute of DMs, existing binarization methods result in significant performance degradation. In this paper, we introduce a novel binarized diffusion model, BI-DiffSR, for image SR. First, for the model structure, we design a UNet architecture optimized for binarization. We propose the consistent-pixel-downsample (CP-Down) and consistent-pixel-upsample (CP-Up) to maintain dimension consistent and facilitate the full-precision information transfer. Meanwhile, we design the channel-shuffle-fusion (CS-Fusion) to enhance feature fusion in skip connection. Second, for the activation difference across timestep, we design the timestep-aware redistribution (TaR) and activation function (TaA). The TaR and TaA dynamically adjust the distribution of activations based on different timesteps, improving the flexibility and representation alability of the binarized module. Comprehensive experiments demonstrate that our BI-DiffSR outperforms existing binarization methods. Code is released at: https://github.com/zhengchen1999/BI-DiffSR.", "pdf_parse": {"paper_id": "BI-DiffSR", "abstract": [{"text": "Advanced diffusion models (DMs) perform impressively in image super-resolution (SR), but the high memory and computational costs hinder their deployment. Binarization, an ultra-compression algorithm, offers the potential for effectively accelerating DMs. Nonetheless, due to the model structure and the multi-step iterative attribute of DMs, existing binarization methods result in significant performance degradation. In this paper, we introduce a novel binarized diffusion model, BI-DiffSR, for image SR. First, for the model structure, we design a UNet architecture optimized for binarization. We propose the consistent-pixel-downsample (CP-Down) and consistent-pixel-upsample (CP-Up) to maintain dimension consistent and facilitate the full-precision information transfer. Meanwhile, we design the channel-shuffle-fusion (CS-Fusion) to enhance feature fusion in skip connection. Second, for the activation difference across timestep, we design the timestep-aware redistribution (TaR) and activation function (TaA). The TaR and TaA dynamically adjust the distribution of activations based on different timesteps, improving the flexibility and representation alability of the binarized module. Comprehensive experiments demonstrate that our BI-DiffSR outperforms existing binarization methods. Code is released at: https://github.com/zhengchen1999/BI-DiffSR.", "section": "Abstract", "sec_num": null}], "body_text": [{"text": "Image super-resolution (SR) is a fundamental task in low-level vision and image processing. It aims to reconstruct high-resolution (HR) images from low-resolution (LR) counterparts. Currently, the mainstream methods for this task are deep neural networks, which employ learning-based techniques to map LR images to HR images [10, 70, 31, 54, 6, 68] . Among these methods, generative models [62, 9, 44] have garnered widespread attention for their ability to restore more realism results.", "section": "Introduction", "sec_num": "1"}, {"text": "Especially, the diffusion model (DM) [16, 58, 52] , a newly proposed generative model, exhibits impressive performance. With its superior generation quality and more stable training, diffusion model is widely used in various image tasks, including image SR [54, 63] . Specifically, the diffusion model transforms a standard Gaussian distribution into a high-quality image through a stochastic iterative denoising process. In image SR, it further constrains the generation scope by conditioning on the LR image to produce the targeted HR image.", "section": "Introduction", "sec_num": "1"}, {"text": "However, to produce high-quality results, diffusion models require thousands of iterative steps, leading to slow inference processes and high computational costs. Some methods [58, 40, 37] implement faster sampling strategies via learning sample trajectories, effectively reducing the number of iterations to tens. Yet, a single inference step still demands substantial memory usage and floatingpoint computations, especially for SR tasks involving high-resolution images. Meanwhile, most edge devices (e.g., mobile and IoT devices), have limited storage and computational resources. This hampers the deployment of diffusion models on these platforms and limits their application. Therefore, it is essential to compress diffusion models to accelerate inference speed and reduce computational costs while maintaining model performance. Urban100: img_074 HR Bicubic SR3 (FP) [54] BNN [19] DoReFa [71] XNOR [50] IRNet [48] ReActNet [38] BBCU [66] BI-DiffSR (ours)", "section": "Introduction", "sec_num": "1"}, {"text": "Figure 1 : Visual comparison (\u00d74) of binarization methods. Some methods (e.g., BNN [19] ) cannot work on diffusion models. Several methods (e.g., BBCU [66] ) suffer from blurring and artifacts. In contrast, our proposed BI-DiffSR outperforms other methods with accurate results.", "section": "Introduction", "sec_num": "1"}, {"text": "Common compression approaches include pruning [11] , distillation [61] , and quantization [45, 66, 26] . Among these, 1-bit quantization (i.e., binarization) stands out for its effectiveness. As the most aggressive form of bit-width reduction, binarization significantly reduces memory and computational costs by quantizing the weights and activations of full-precision (32-bit) models to 1-bit.", "section": "Introduction", "sec_num": "1"}, {"text": "Nonetheless, existing binarization research primarily deals with higher-level tasks (e.g., classification) and end-to-end models [49, 19, 39] . Applying existing binarization methods directly to current diffusion model architectures results in a significant performance drop. This is primarily due to two aspects: (1) Model Structure. Diffusion models typically apply the UNet architecture [53] for noise estimation, which is not easy to binarize directly. I. Dimension Mismatch: The identity shortcut is crucial for the binarized SR model, since it facilitates the transfer of full-precision (FP) information, compensating for the binarized model [66] . However, in UNet, the feature dimensions change since downsampling/upsampling. The dimension mismatch prevents the usage of shortcuts, cutting off the full-precision propagation. II. Fusion Difficulty: The UNet structure uses skip connections to transfer information from encoder to decoder. However, the typical fusion method, concatenation, leads to the dimension mismatch. Alternatively, other methods (e.g., addition) also struggle to achieve effective fusion due to significant differences in value ranges between encoder and decoder features.", "section": "Introduction", "sec_num": "1"}, {"text": "(2) Activation Distribution. Due to the multi-step iterative nature of diffusion models, the activation distribution dramatically changes with timesteps. Furthermore, the activation binarization will even amplify activation differences [50] . The difference increases the learning challenges for binarized modules (e.g., binarized convolution), thereby hindering the effective representation of features. Consequently, the SR performance of the binarized diffusion model is limited.", "section": "Introduction", "sec_num": "1"}, {"text": "Based on the above analysis, we propose a novel binarized diffusion model, BI-DiffSR, to achieve effective image SR. Our design comprises two main aspects: structure and activation. (1) Structure.", "section": "Introduction", "sec_num": "1"}, {"text": "We develop a simple yet effective convolutional UNet architecture, which is suitable for binarization.", "section": "Introduction", "sec_num": "1"}, {"text": "We propose consistent-pixel-downsample (CP-Down) and consistentpixel-upsample (CP-Up) to ensure dimensional consistency in binarized computation. CP-Down and CP-Up maintain the full-precision information transfer during feature scaling. II. Feature Fusion:", "section": "I. Dimension Consistency:", "sec_num": null}, {"text": "We develop the channel-shuffle-fusion (CS-Fusion) to facilitate the fusion of different features within skip connections and suit binarized modules. Through channel shuffle, we combine two input features into two shuffled features to balance their activation value ranges. (2) Activation. Considering the activation differences at different timesteps, we design the timestep-aware redistribution (TaR) and timestep-aware activation function (TaA). The TaR and TaA adjust the binarized module input and output activations according to different timesteps. This timestep-aware adjustment improves the flexibility and representational ability of the binarized module to various activation distributions.", "section": "I. Dimension Consistency:", "sec_num": null}, {"text": "Extensive experiments demonstrate that our proposed BI-DiffSR significantly outperforms existing binarization methods. As shown in Fig. 1 , our BI-DiffSR restores more perceptually pleasing results than other methods. Overall, our contributions are as follows:", "section": "I. Dimension Consistency:", "sec_num": null}, {"text": "\u2022 We design the novel binarized model, BI-DiffSR, for image SR. To the best of our knowledge, this is the first binarized diffusion model applied to SR.", "section": "I. Dimension Consistency:", "sec_num": null}, {"text": "\u2022 We develop a UNet architecture optimized for binarization, with consistent-pixeldownsample (CP-Down) and upsample (CP-Up), and channel-shuffle-fusion (CS-Fusion).", "section": "I. Dimension Consistency:", "sec_num": null}, {"text": "\u2022 We introduce the timestep-aware redistribution (TaR) and activation function (TaA) to adapt activation distributions by timestep, enhancing the capabilities of the binarized module.", "section": "I. Dimension Consistency:", "sec_num": null}, {"text": "\u2022 Our BI-DiffSR surpasses current state-of-the-art binarization methods, and offers comparable perceptual performance to full-precision diffusion models.", "section": "I. Dimension Consistency:", "sec_num": null}, {"text": "2 Related Work", "section": "I. Dimension Consistency:", "sec_num": null}, {"text": "Since the advent of SRCNN [10] , deep neural networks have gradually become the mainstream for image SR. Numerous architectures [33, 70, 46, 31, 5] are designed to advance reconstruction accuracy. Concurrently, generative methods are widely applied to improve the quality of restored image details. This includes autoregressive model [23, 9] , normalizing flow [51, 41, 32] , and generative adversarial network (GAN) [13, 24] . For instance, SRFlow [41] utilizes normalizing flows to transform a Gaussian distribution into the HR image space. Meanwhile, SRGAN [24] employs GAN as supervision loss and combines it with perceptual loss to produce visually pleasing results. Subsequent methods [62, 4] further refine the network and loss to yield more natural results. Recently, the diffusion model (DM) [16, 8] has been introduced into SR, displaying impressive performance, especially regarding perception. Thereby, DM has been attracting widespread attention [54, 25, 65] .", "section": "Image Super-Resolution", "sec_num": "2.1"}, {"text": "Through the Markov chain, the diffusion model (DM) generates images from the Gaussian distribution [16] . It has demonstrated exceptional performance in various tasks [3, 17, 52, 7, 14, 30, 29, 36, 35, 28, 15] . Naturally, DM has also been extensively researched in the field of image SR [54, 21, 63, 34, 65] . For instance, SR3 [54] achieves conditional diffusion by concatenating the resized LR image with the noise image as the input of the noise estimation network. Meanwhile, some methods, e.g., DDNM [63] , utilize an unconditional pre-trained diffusion model as a prior for zeroshot SR. Additionally, some approaches [34, 65] employ text-to-image diffusion models to achieve realistic and controllable SR. Despite promising results, these methods require hundreds or thousands of sampling steps to generate HR images. Although some acceleration algorithms [58, 37, 28] reduce the inference steps to tens, each denoising step still demands substantial resources. The high memory and computational costs hinder the practical application of DMs on resource-limited platforms (e.g., mobile devices). To address this issue, we design a practical binarized SR diffusion model.", "section": "Diffusion Model", "sec_num": "2.2"}, {"text": "Binarization is a popular model compression approach [49] . As an extreme case of quantization, it reduces the weights and activations of a full-precision neural network to 1-bit. This significantly decreases the model size and computational complexity, making it widely used in both high-level [19, 39, 48, 38, 67] and low-level [20, 66, 66, 69 ] vision tasks. For example, BNN [19] directly binarizes weights and activations during forward and backward processes. IRNet [48] retains information accurately through the proposed information retention network. ReActNet [38] proposes the RSign and RPReLU to enable explicit distribution reshape and shift of activations. Meanwhile, in the image SR field, BBCU [66] introduces a meticulously designed basic binary conv unit, which removes batch normalization (BN) in the binarized model. However, for DM, though some methods realize low-bit (e.g., 4 or 8) quantization [55, 26, 27] , implementing binarization remains challenging. Due to the structure of the noise estimation network and the multi-step iterative attribute, existing binarization methods often result in significant SR performance degradation.", "section": "Binarization", "sec_num": "2.3"}, {"text": "In this section, we introduce our proposed BI-DiffSR. First, we describe the structural designs suitable for binarization: consistent-pixel-downsample (CP-Down), consistent-pixel-upsample (CP-Up), and channel-shuffle-fusion module (CS-Fusion). The CP-Down and CP-Up achieve dimension adjustment and ensure the transfer of full-precision information. The CS-Fusion effectively integrates different features within the skip connection. Secondly, we present the dynamic designs tailored for varying activations: timestep-aware redistribution (TaR) and activation function (TaA). The TaR and TaA enhance the representational learning of the binarized modules across multiple timesteps.", "section": "Method", "sec_num": "3"}, {"text": "Overall. We employ a convolutional UNet [53] as the noise estimation network. Details of the diffusion model for SR are provided in the supplementary materials. As the common choice within DMs, using UNet as the backbone for binarization offers generalizability. Moreover, for binarized models, the design should be compact and well-defined. Compared to the non-local self-attention operations, convolution is simpler and easier to implement. Our architecture is shown in Fig. 2a , featuring an encoder-bottleneck-decoder (E-B-D) design. ", "section": "Model Structure", "sec_num": "3.1"}, {"text": "Res Block", "section": "Res Block", "sec_num": null}, {"text": "!\u00d7#\u00d7$ ! 2 \u00d7 # 2 \u00d72$ ! 4 \u00d7 # 4 \u00d74$ ! 4 \u00d7 # 4 \u00d74$ ! 8 \u00d7 # 8 \u00d78$ ! 4 \u00d7 # 4 \u00d74$ ! 2 \u00d7 # 2 \u00d72$ ! 2 \u00d7 # 2 \u00d72$ !\u00d7#\u00d7$ !\u00d7#\u00d7$ ! 8 \u00d7 # 8 \u00d78$ ! 4 \u00d7 # 4 \u00d74$ ! 4 \u00d7 # 4 \u00d74$ ! 2 \u00d7 # 2 \u00d72$ ! 2 \u00d7 # 2 \u00d72$ ! 2 \u00d7 # 2 \u00d72$ ! 4 \u00d7 # 4 \u00d74$ !\u00d7#\u00d7$ !\u00d7#\u00d7$ !\u00d7#\u00d7$ Conv Conv C \u00d7\"( \u00d7\"( \u00d7\"( \u00d72", "section": "CP-Up", "sec_num": null}, {"text": "\u00d7\")", "section": "Res Block", "sec_num": null}, {"text": "\u00d7\") Given the noise image x t \u2208R H\u00d7W \u00d73 at t-th timestep, and the LR image y\u2208R H\u00d7W \u00d73 (bicubic to HR resolution), two images are concatenated along the channel dimension as the UNet input, where H\u00d7W is the resolution. For timestep t, the sinusoidal position encoding [60] is applied to obtain the timestep embedding t em \u2208R C . The input images first pass through a convolutional layer to produce the shallow feature F s \u2208R H\u00d7W \u00d7C , where C is the channel number. Then, the shallow feature F s are further refined by the E-B-D into the deepe feature F d \u2208R H\u00d7W \u00d7C . Each level of the E-B-D is composed of multiple (N e in E and N d in D) residual blocks (ResBlocks), with details illustrated in Fig. 2b . Within the ResBlocks, the timestep embedding t em is incorporated to provide temporal information. In the encoder E, downsample module (i.e., CP-Down) progressively reduces feature resolution and increases channel number. Conversely, in the decoder D, upsample module (i.e., CP-Up) gradually restores the high-resolution representation. Moreover, to compensate for information loss during downsampling, the skip connection is used to link features between the encoder and decoder. Finally, through one convolution, the predicted noise \u03f5 t \u2208R H\u00d7W \u00d73 is obtained.", "section": "Res Block", "sec_num": null}, {"text": "\u00d7\") \" !\" 1\u00d7$ (a) U-Net (Noise Estimation Network) $ # !\u00d7#\u00d73 % # !\u00d7#\u00d73 & !\u00d7#\u00d73 \" !\" 1\u00d7$ \" !\" 1\u00d7$ 1\u00d7$ \" !\"", "section": "Res Block", "sec_num": null}, {"text": "Structure Analysis. Although the UNet architecture is suitable for diffusion models, its unique structure poses challenges for direct binarization, which results in a substantial accuracy decrease compared to full-precision models. We identify two main issues/challenges that contribute to the problem: dimension mismatch and fusion difficulty.", "section": "Res Block", "sec_num": null}, {"text": "Challenge I: Dimension Mismatch. In the binarized model, 1-bit quantization leads to significant information loss, limiting the capability for feature representation and the ultimate SR performance. Compared to binary activations, full-precision activations contain more information. Therefore, we can apply the identity shortcut to preserve the full-precision information. This operation effectively compensates for the information loss caused by binarization. However, in UNet, the frequent changes in feature resolution and channel size lead to dimension mismatches. This prevents the effective use of the identity shortcut and cuts off the propagation of full-precision information.", "section": "Res Block", "sec_num": null}, {"text": "Challenge II: Fusion Difficulty. Another crucial structure of UNet is the skip connection, which links encoder and decoder features. The typical approach is to concatenate these features along the channel dimension and pass them to subsequent layers. However, concatenate causes dimension mismatch. As analyzed in Challenge I, it is unsuitable for binarization. Furthermore, we find that there is a significant difference in the activation ranges between the two inputs (from encoder and decoder) of the skip connection (Fig. 3d ). This imbalance makes other fusion methods, e.g., addition, also unsuitable, since the smaller range activation is masked by the larger one, as illustrated in Fig. 3d .", "section": "Res Block", "sec_num": null}, {"text": "To better adapt binarization for the UNet architecture, we propose two structures: Consistent-Downsample/Upsample and Channel-Shuffle Fusion, as illustrated in Fig. 3 .", "section": "Res Block", "sec_num": null}, {"text": "Consistent-Pixel-Downsample/Upsample. To address the dimension mismatch in the UNet structure, we first confine all feature reshaping operations to the Upsample and Downsample modules. That is to ensure that the dimension of the main module, i.e., ResBlock, remains matched. Meanwhile, we propose the consistent-pixel-downsample (CP-Down) and consistent-pixel-upsample (CP-Up). x 2 ) may be significant differences, which impedes effective fusion. (e) The illustration of channel shuffle. the shuffled features (x sh 1 , x sh 2 ) have closely matched value ranges. (1) CP-Down: We evenly split the input features x do in \u2208R H\u00d7W \u00d7C along the channel dimension and process them through two convolutions with identical input and output dimensions. The stable (matching) dimension allows the usage of identity shortcuts. Finally, by applying Pixel-UnShuffle [57] , we reduce the resolution of the features while increasing the channel number. The formula is:", "section": "Res Block", "sec_num": null}, {"text": "Distribution Pixel UnShuffle Split !\u00d7#\u00d7 $ 2 ! 2 \u00d7 # 2 !\u00d7#\u00d7 $ 2 !\u00d7#\u00d7 $ 2 !\u00d7#\u00d7 $ 2 BI-Conv Block BI-Conv Block C !\u00d7#\u00d7$ !\u00d7#\u00d7$ !\u00d7#\u00d7$ !\u00d7#\u00d7$ Pixel Shuffle !\u00d7#\u00d72$ 2!\u00d72#\u00d7 $ 2 BI-Conv Block BI-Conv Block Channel Shuffle !\u00d7#\u00d7$ !\u00d7#\u00d7$ !\u00d7#\u00d7$ !\u00d7#\u00d7$ !\u00d7#\u00d7$ !\u00d7#\u00d7$ !\u00d7#\u00d7$ (a) CP-Down (b) CP-Up (c) CS-Fusion", "section": "Res Block", "sec_num": null}, {"text": "!\u00d7#\u00d7$ !\u00d7#\u00d7 $ 2 BI-Conv Block BI-Conv Block !\u00d7#\u00d7$ $ $ &' $ % &' \" $ !", "section": "Res Block", "sec_num": null}, {"text": "EQUATION", "section": "Res Block", "sec_num": null}, {"text": "where", "section": "Res Block", "sec_num": null}, {"text": "x do out \u2208R H 2 \u00d7 W 2 \u00d72C", "section": "Res Block", "sec_num": null}, {"text": "is the output of CP-Down; C 1 (\u2022) and C 2 (\u2022) represent two (binarized) convolutions; PS -1 denotes the Pixel-UnShuffle operation.", "section": "Res Block", "sec_num": null}, {"text": "(2) CP-Up: Similarly, feature upsampling is achieved through two convolutions combined with Pixel-Shuffle. The operation can be mathematically expressed as follows:", "section": "Res Block", "sec_num": null}, {"text": "EQUATION", "section": "Res Block", "sec_num": null}, {"text": "where, x up in \u2208R H\u00d7W \u00d7C and x up out \u2208R 2H\u00d72W \u00d7 C 2 denotes the input and output of CP-Up; Concat (\u2022) represents the channel concatenation operation; PS is the Pixel-Shuffle operation.", "section": "Res Block", "sec_num": null}, {"text": "With the above design, we ensure the flow of full-precision information throughout the UNet, effectively improving feature representation and enhancing SR performance.", "section": "Res Block", "sec_num": null}, {"text": "Channel-Shuffle Fusion. To effectively fuse the features in the skip connection while meeting the requirements for dimension matching in binarization, we propose the channel-shuffle fusion (CS-Fusion), as shown in Fig. 3c . Given two features x 1 , x 2 \u2208R H\u00d7W \u00d7C , we first employ the channel-shuffle operation to mitigate the differences in their value ranges, as illustrated in Fig. 3e . Specifically, we split the two features according to the odd and even channel indexes. Then, we pair and concatenate features along the channel dimension, based on odd and even indexes, to produce two new shuffle features x sh 1 , x sh 2 \u2208R H\u00d7W \u00d7C . This process can be formulated as follows:", "section": "Res Block", "sec_num": null}, {"text": "EQUATION", "section": "Res Block", "sec_num": null}, {"text": "Through visualization in Fig. 3e , we can observe that the value range of features after channel shuffle becomes balanced. Subsequently, we process the shuffled features through two convolutions and addition to produce the final fused feature x sh out \u2208R H\u00d7W \u00d7C , in a manner similar to Eq. (1), as:", "section": "Res Block", "sec_num": null}, {"text": "EQUATION", "section": "Res Block", "sec_num": null}, {"text": "where C sh 1 (\u2022) and C sh 2 (\u2022) are two (binarized) convolutions. This process realizes the fusion of two features, ensuring that dimensions are matched within the fusion process and in subsequent modules (e.g., ResBlock). Meanwhile, the matched dimension allows the usage of the identity shortcut, thus effectively transferring full-precision information. Overall, our proposed CS-Fusion achieves effective feature integration in the skip connection. Therefore, the binarized model can better represent features and improve SR performance. Furthermore, our CS-Fusion does not introduce additional memory or computational overhead since the channel shuffle only involves feature transformation operations. Experiments in Sec. 4.2 further reveal the impacts of CS-Fusion. ", "section": "Res Block", "sec_num": null}, {"text": "Basic Binarized Convolutional Block. We first introduce the basic binarized module, as illustrated in Fig. 5a . For the full-precision activation x f \u2208R H\u00d7W \u00d7C , we initially shift its distribution and binarize the shifted activation to 1-bit activations with sign function Sign(\u2022). The process is:", "section": "Activation Distribution", "sec_num": "3.2"}, {"text": "EQUATION", "section": "Activation Distribution", "sec_num": "3.2"}, {"text": "where b\u2208R C is a learnable parameter; x b \u2208R H\u00d7W \u00d7C is the 1-bit activation. Meanwhile, for the binarized convolution, the full-precision weight w f \u2208R Cout\u00d7Cin\u00d7K h \u00d7Kw is also binarized to 1-bit weight w b \u2208R Cout\u00d7Cin\u00d7K h \u00d7Kw . To compensate for the differences between binary and full-precision weights, we scale w b using the mean absolute value of w f [50] . The total operation is:", "section": "Activation Distribution", "sec_num": "3.2"}, {"text": "EQUATION", "section": "Activation Distribution", "sec_num": "3.2"}, {"text": ")", "section": "Activation Distribution", "sec_num": "3.2"}, {"text": "where n is the number of w f values. Subsequently, the floating-point matrix multiplication in full-precision convolution can be replaced by logical XNOR and bit-counting operations as:", "section": "Activation Distribution", "sec_num": "3.2"}, {"text": "EQUATION", "section": "Activation Distribution", "sec_num": "3.2"}, {"text": "where * means the convolutional operation; x b out \u2208R H\u00d7W \u00d7C is the output of 1-bit convolution. Then, we adjust x b out with the activation function RPReLU [38] , resulting in x b act \u2208R H\u00d7W \u00d7C . Finally, we combine x b act with full-precision activation x f via an identity shortcut to get the final output x out \u2208R H\u00d7W \u00d7C . Moreover, since the sign function Sign(\u2022) is non-differentiable, we use the straight-through estimator (STE) [1] for backpropagation to train binarized models.", "section": "Activation Distribution", "sec_num": "3.2"}, {"text": "Distribution Analysis. In diffusion models, the multi-step iterative design leads to changes in the activation distribution as the timestep changes. By visualizing the activation distributions at different timesteps in Fig. 4 , we can observe that activation distributions of adjacent timesteps are similar, whereas those separated by larger intervals show significant differences.", "section": "Activation Distribution", "sec_num": "3.2"}, {"text": "For full-precision models, the impact of these variations may be small due to the real-valued weight and activation. In contrast, for binarized modules, the activation distribution has a substantial impact on feature representation, and consequently, affects the SR performance. This is because 1-bit modules, due to the binary weights, struggle to effectively learn representations from different distributions, thereby limiting their modeling capabilities. Meanwhile, during the activation binarization, the sign function further amplifies activation differences, particularly for values around zero [38] .", "section": "Activation Distribution", "sec_num": "3.2"}, {"text": "The basic binarized module utilizes the learnable biase and the activation function RPReLU to adjust the input and output activations. This approach mitigates the representational challenges posed by activation distribution differences across timestep to some extent. However, these static designs are insufficient to cope with the extreme activation changes across multiple timesteps in diffusion models. Consequently, the SR performance of the binarized diffusion model is limited. Experiments in Sec. 4.2, further demonstrate the above analyses.", "section": "Activation Distribution", "sec_num": "3.2"}, {"text": "Timestep-aware Redistribution/Activation Function. To cope with the variability of activation distribution with timestep, we propose the timestep-aware redistribution (TaR) and timestep-aware activation function (TaA). The module details are illustrated in Fig. 5b . The design of TaR and TaA is inspired by the mixture of experts (MoE) [56] , applying a set of learnable biases and RPReLU activation functions to accommodate different timesteps. Specifically, we apply K pairs of bias and RPReLU for TaR (b (i) \u2208R C ) and TaA (RPReLU (i) ), where i\u2208{1, 2, . . . , K}. Given the total timesteps (e.g., {1, 2, . . . , T }), we evenly divide them into K groups in sequence. For the input activation x f,t \u2208R H\u00d7W \u00d7C at t-th timstep (t\u2208{1, 2, . . . , T }), we select the corresponding pair of bias and RPReLU based on the group associated with t, to adjust its input and output activation. The process can be formulated as:", "section": "Activation Distribution", "sec_num": "3.2"}, {"text": "EQUATION", "section": "Activation Distribution", "sec_num": "3.2"}, {"text": "where 1 (\u2022) is the indicator function; x r,t , x b,t out , x b,t act \u2208R H\u00d7W \u00d7C , represent, at t-th timestep, the shifted input activation, the output of the 1-bit convolution, the output of the RPReLU activation function, respectively. Since the activations at adjacent timesteps exhibit a certain degree of similarity (as shown in Fig. 4 ), we employ the fixed grouping sampling strategy (defined in Eq. ( 8)).", "section": "Activation Distribution", "sec_num": "3.2"}, {"text": "Essentially, the TaR and TaA segment the multi-step process into smaller groups, limiting the range of activation changes. This reduces the difficulty of adjusting activations, allowing the binarized module to better adapt to changing activations. Therefore, the proposed TaR and TaA can effectively enhance the representation ability of the binarized module and ultimately improve SR performance. Meanwhile, compared to the basic module, there are no additional computational costs in our TaR and TaA. This is because, for each timestep, only one pair of bias and RPReLU are selected for use.", "section": "Activation Distribution", "sec_num": "3.2"}, {"text": "Data and Evaluation. We take DIV2K [59] and Flickr2K [33] as the training dataset. Meanwhile, we evaluate the models with four benchmark datasets: Set5 [2] , B100 [42] , Urban100 [18] , and Manga109 [43] . Experiments are conducted under two upscale factors: \u00d72 and \u00d74. The LR images are generated from HR images through bicubic downsampling degradation. We apply two distortionbased metrics, PSNR and SSIM [64] , which are calculated on the Y channel (i.e., luminance) of the YCbCr space. We also use the perceptual metrics: LPIPS [12] . Following previous work [66, 49] , the total parameters (Params) of the model are calculated as Params=Params b +Params f , and the overall operations (OPs) as OPs=OPs b +OPs f , where Params b =Params f /32 and OPs b =OPs f /64; the superscripts f and b denote full-precision and binarized modules, respectively. Implementation Details. For the noise estimation network, we set the encoder and decoder level to 4. In each level of the encoder, we use 2 Residual Blocks (ResBlocks), while in the decoder, we apply 3 ResBlocks. The number of channels C is set to 64. We set the number of bias and RPReLU in TaR and TaA as K=5. For the diffusion model, we set the total number of timesteps to T =2,000. During the inference phase, we employ the DDIM sampler with 50 timesteps.", "section": "Experimental Settings", "sec_num": "4.1"}, {"text": "Training Settings. We train models with the L 1 loss. We employ the Adam optimizer [22] with \u03b2 1 =0.9 and \u03b2 2 =0.99, and a learning rate of 1\u00d710 -4 . The batch size is set to 16, with a total of 1,000K iterations. Input LR images are randomly cropped to size 64\u00d764. Random rotations of 90 \u2022 , 180 \u2022 , and 270 \u2022 and horizontal flips are used for data augmentation. Our model is implemented based on PyTorch [47] with two Nvidia A100-80G GPUs.", "section": "Experimental Settings", "sec_num": "4.1"}, {"text": "In this section, we conduct all experiments on the \u00d72 scale factor. We apply DIV2K [59] and Flickr2K [33] as the training dataset, and Manga109 [43] as the testing dataset. The training iterations are set to 500K. Other settings are the same as defined in Sec. 4.1. We test the computational complexity (i.e., OPs) of one single sampling step on the output size 3\u00d7256\u00d7256. Break Down. We first execute a break-down ablation on different components of our method. The results are listed in Tab. 1a. The baseline is established by using binarized convolution (BI-Conv) and Pixel-(Un)Shuffle for dimension scaling in the downsample, upsample, and fusion (skip connection) modules of the UNet. Meanwhile, the basic BI-Conv block (Fig. 5 ) is employed without the identity shortcut. The baseline performance is poor, with the PSNR of 27.66 dB. Then, we add identity shortcut, consistent-pixel-downsample (CP-Down) and upsample (CP-Up), channel-shuffle-fusion module (CS-Fusion), and timestep-aware redistribution (TaR) and activation function (TaA) in sequence. We can find that the performance gradually increases. Ultimately, the final model achieves gains of 5 dB in PSNR and 0.0580 in LPIPS, compared to the baseline.", "section": "Ablation Study", "sec_num": "4.2"}, {"text": "Channel-Shuffle Fusion. We experiment on the fusion module for the skip connection. We attempt four methods: directly add two features (Add); concatenation and adjust dimension by binarized convolution (Concat); process each feature via binarized convolution and add them; and our proposed CS-Fusion. The results are shown in Tab. 1b. Due to the differences between features, direct addition (Add) can hardly work, even with convolution (Split). Moreover, since the concatenation changes the dimensions, the Method (Concat) also degrades the performance. In contrast, our proposed CS-Fusion, eliminates the distribution imbalances by channel fusion, thereby achieving effective fusion. The visualization in Fig. 6 , further indicates that addition cannot fuse data with narrow value distributions, whereas channel shuffle can effectively integrate.", "section": "Ablation Study", "sec_num": "4.2"}, {"text": "Timestep-aware Module. We conduct experiments on the time-aware redistribution (TaR) and activation function (TaA). Firstly, we experiment with the combinations of TaR and TaA in Tab. 1c. We find that effective improvements are only achieved when both TaR and TaA are employed. This may be because both input and output activation impact the learning of the binarized module. Then, in Tab. 1d, we experiment with the pair number (#Pair) of bias and RPReLU. The experiments show that 5 pairs already lead to effective improvements. Considering the additional parameters, we adopt 5 as the pair number in BI-DiffSR. Moreover, we present the weights of five learnable biases in the TaR (module position shown at the image top) in Fig. 7 . The difference in weights indicates that TaR can effectively adapt to the varying activation distributions at different timesteps.", "section": "Ablation Study", "sec_num": "4.2"}, {"text": "We compare our proposed BI-DiffSR with recent binarization methods, including BNN [19] , DoReFa [71] , XNOR [50] , IRNet [48] , ReActNet [38] , and BBCU [66] . To ensure a fair comparison, we set the parameters (Params) and complexity (OPs) of all binarization methods to be similar. We also compare our BI-DiffSR with the full-precision (FP) model, SR3 [54] . IRNet [48] ReActNet [38] BBCU [66] BI-DiffSR (ours) Urban100: img_033 HR Bicubic SR3 (FP) [54] XNOR [50] IRNet [48] ReActNet [38] BBCU [66] BI-DiffSR (ours)", "section": "Comparison with State-of-the-Art Methods", "sec_num": "4.3"}, {"text": "Figure 8 : Visual comparison (\u00d74) in some challenge cases.", "section": "Comparison with State-of-the-Art Methods", "sec_num": "4.3"}, {"text": "Quantitative Results. We provide the quantitative comparisons in Tab. 2. We test OPs of single-step sampling on the output size 3\u00d7256\u00d7256. Compared to other binarization methods, our BI-DiffSR achieves the best performance. Specifically, on Urban100 and Manga109 (\u00d72), BI-DiffSR surpasses the second-best method, BBCU, with a PSNR gain of 0.92 and 1.11 dB, respectively. Moreover, compared to the full-precision model, SR3, our method achieves comparable or even better perceptual performance with only 8.3% Params and 20.8% OPs. For instance, BI-DiffSR achieves 93.6% LPIPS results of SR3 on Manga109. These results demonstrate the superiority of our method.", "section": "Comparison with State-of-the-Art Methods", "sec_num": "4.3"}, {"text": "Visual Results. We present visual comparisons (\u00d74) in Fig. 8 . Previous binarization methods struggle to recover image details in challenging cases. In contrast, our method can restore clearer results with more texture details. Meanwhile, the difference between our BI-DiffSR and the full-precision model results is small. More visual results are provided in the supplementary material.", "section": "Comparison with State-of-the-Art Methods", "sec_num": "4.3"}, {"text": "In this paper, we propose the BI-DiffSR, a novel binarized diffusion model for image SR. Specifically, we first design the UNet structure suitable for binarization. To ensure dimension consistency and fullprecision information transfer, we design the consistent-pixel-downsample (CP-Down) and upsample (CP-Up). Meanwhile, we develop the channel-shuffle-fusion (CS-Fusion) to enhance information fusion within the skip connection. Furthermore, in response to the multi-step mechanism of diffusion models, we design the timestep-aware redistribution (TaR) and activation functions (TaA) to adapt to the varying activation distributions. The TaR and TaA enhance the representational capabilities of the binarized modules under multiple timesteps. Extensive experiments indicate that our method outperforms current binarization methods, and achieves comparable perceptual performance to the full-precision model, demonstrating substantial potential.", "section": "Conclusion", "sec_num": "5"}, {"text": "NeurIPS Paper Checklist", "section": "Conclusion", "sec_num": "5"}, {"text": "Question: Do the main claims made in the abstract and introduction accurately reflect the paper's contributions and scope?", "section": "Claims", "sec_num": "1."}, {"text": "Answer: [Yes] Justification: Please refer to our abstract and introduction.", "section": "Claims", "sec_num": "1."}, {"text": "Guidelines:", "section": "Claims", "sec_num": "1."}, {"text": "\u2022 The answer NA means that the abstract and introduction do not include the claims made in the paper. \u2022 The abstract and/or introduction should clearly state the claims made, including the contributions made in the paper and important assumptions and limitations. A No or NA answer to this question will not be perceived well by the reviewers. \u2022 The claims made should match theoretical and experimental results, and reflect how much the results can be expected to generalize to other settings. \u2022 It is fine to include aspirational goals as motivation as long as it is clear that these goals are not attained by the paper.", "section": "Claims", "sec_num": "1."}, {"text": "Question: Does the paper discuss the limitations of the work performed by the authors?", "section": "Limitations", "sec_num": "2."}, {"text": "Answer: [Yes] Justification: We discuss the limitations in the supplementary file.", "section": "Limitations", "sec_num": "2."}, {"text": "Guidelines:", "section": "Limitations", "sec_num": "2."}, {"text": "\u2022 The answer NA means that the paper has no limitation while the answer No means that the paper has limitations, but those are not discussed in the paper. \u2022 The authors are encouraged to create a separate \"Limitations\" section in their paper.", "section": "Limitations", "sec_num": "2."}, {"text": "\u2022 The paper should point out any strong assumptions and how robust the results are to violations of these assumptions (e.g., independence assumptions, noiseless settings, model well-specification, asymptotic approximations only holding locally). The authors should reflect on how these assumptions might be violated in practice and what the implications would be. \u2022 The authors should reflect on the scope of the claims made, e.g., if the approach was only tested on a few datasets or with a few runs. In general, empirical results often depend on implicit assumptions, which should be articulated. \u2022 The authors should reflect on the factors that influence the performance of the approach.", "section": "Limitations", "sec_num": "2."}, {"text": "For example, a facial recognition algorithm may perform poorly when image resolution is low or images are taken in low lighting. Or a speech-to-text system might not be used reliably to provide closed captions for online lectures because it fails to handle technical jargon. \u2022 The authors should discuss the computational efficiency of the proposed algorithms and how they scale with dataset size. \u2022 If applicable, the authors should discuss possible limitations of their approach to address problems of privacy and fairness. \u2022 While the authors might fear that complete honesty about limitations might be used by reviewers as grounds for rejection, a worse outcome might be that reviewers discover limitations that aren't acknowledged in the paper. The authors should use their best judgment and recognize that individual actions in favor of transparency play an important role in developing norms that preserve the integrity of the community. Reviewers will be specifically instructed to not penalize honesty concerning limitations.", "section": "Limitations", "sec_num": "2."}, {"text": "Question: For each theoretical result, does the paper provide the full set of assumptions and a complete (and correct) proof?", "section": "Theory Assumptions and Proofs", "sec_num": "3."}, {"text": "Answer: [NA]", "section": "Theory Assumptions and Proofs", "sec_num": "3."}, {"text": "Answer: [Yes] Justification: We provide the code and pre-trained models at: https://github.com/ zhengchen1999/BI-DiffSR. Guidelines:", "section": "Theory Assumptions and Proofs", "sec_num": "3."}, {"text": "\u2022 The answer NA means that paper does not include experiments requiring code. \u2022 Providing as much information as possible in supplemental material (appended to the paper) is recommended, but including URLs to data and code is permitted.", "section": "Theory Assumptions and Proofs", "sec_num": "3."}, {"text": "Question: Does the paper specify all the training and test details (e.g., data splits, hyperparameters, how they were chosen, type of optimizer, etc.) necessary to understand the results?", "section": "Experimental Setting/Details", "sec_num": "6."}, {"text": "Answer: [Yes]", "section": "Experimental Setting/Details", "sec_num": "6."}, {"text": "Justification: We have provided implementation details, which cover the above questions.", "section": "Experimental Setting/Details", "sec_num": "6."}, {"text": "Guidelines:", "section": "Experimental Setting/Details", "sec_num": "6."}, {"text": "\u2022 The answer NA means that the paper does not include experiments.", "section": "Experimental Setting/Details", "sec_num": "6."}, {"text": "\u2022 The experimental setting should be presented in the core of the paper to a level of detail that is necessary to appreciate the results and make sense of them. \u2022 The full details can be provided either with the code, in appendix, or as supplemental material.", "section": "Experimental Setting/Details", "sec_num": "6."}, {"text": "Question: Does the paper report error bars suitably and correctly defined or other appropriate information about the statistical significance of the experiments?", "section": "Experiment Statistical Significance", "sec_num": "7."}, {"text": "Answer: [Yes] Justification: Please refer to the experiment part.", "section": "Experiment Statistical Significance", "sec_num": "7."}, {"text": "Guidelines:", "section": "Experiment Statistical Significance", "sec_num": "7."}, {"text": "\u2022 The answer NA means that the paper does not include experiments.", "section": "Experiment Statistical Significance", "sec_num": "7."}, {"text": "\u2022 The authors should answer \"Yes\" if the results are accompanied by error bars, confidence intervals, or statistical significance tests, at least for the experiments that support the main claims of the paper. \u2022 The factors of variability that the error bars are capturing should be clearly stated (for example, train/test split, initialization, random drawing of some parameter, or overall run with given experimental conditions). \u2022 The method for calculating the error bars should be explained (closed form formula, call to a library function, bootstrap, etc.) \u2022 The assumptions made should be given (e.g., Normally distributed errors).", "section": "Experiment Statistical Significance", "sec_num": "7."}, {"text": "\u2022 It should be clear whether the error bar is the standard deviation or the standard error of the mean. Justification: The research conducted in the paper conforms, in every respect, with the NeurIPS Code of Ethics.", "section": "Experiment Statistical Significance", "sec_num": "7."}, {"text": "Guidelines:", "section": "Experiment Statistical Significance", "sec_num": "7."}, {"text": "\u2022 The answer NA means that the authors have not reviewed the NeurIPS Code of Ethics.", "section": "Experiment Statistical Significance", "sec_num": "7."}, {"text": "\u2022 If the authors answer No, they should explain the special circumstances that require a deviation from the Code of Ethics. \u2022 The authors should make sure to preserve anonymity (e.g., if there is a special consideration due to laws or regulations in their jurisdiction).", "section": "Experiment Statistical Significance", "sec_num": "7."}, {"text": "Question: Does the paper discuss both potential positive societal impacts and negative societal impacts of the work performed?", "section": "Broader Impacts", "sec_num": "10."}, {"text": "Answer: [Yes] Justification: Please refer to the supplementary file.", "section": "Broader Impacts", "sec_num": "10."}, {"text": "Guidelines:", "section": "Broader Impacts", "sec_num": "10."}, {"text": "\u2022 The answer NA means that there is no societal impact of the work performed.", "section": "Broader Impacts", "sec_num": "10."}, {"text": "\u2022 If the authors answer NA or No, they should explain why their work has no societal impact or why the paper does not address societal impact. \u2022 Examples of negative societal impacts include potential malicious or unintended uses (e.g., disinformation, generating fake profiles, surveillance), fairness considerations (e.g., deployment of technologies that could make decisions that unfairly impact specific groups), privacy considerations, and security considerations.", "section": "Broader Impacts", "sec_num": "10."}, {"text": "\u2022 The conference expects that many papers will be foundational research and not tied to particular applications, let alone deployments. However, if there is a direct path to any negative applications, the authors should point it out. For example, it is legitimate to point out that an improvement in the quality of generative models could be used to generate deepfakes for disinformation. On the other hand, it is not needed to point out that a generic algorithm for optimizing neural networks could enable people to train models that generate Deepfakes faster. \u2022 The authors should consider possible harms that could arise when the technology is being used as intended and functioning correctly, harms that could arise when the technology is being used as intended but gives incorrect results, and harms following from (intentional or unintentional) misuse of the technology. \u2022 If there are negative societal impacts, the authors could also discuss possible mitigation strategies (e.g., gated release of models, providing defenses in addition to attacks, mechanisms for monitoring misuse, mechanisms to monitor how a system learns from feedback over time, improving the efficiency and accessibility of ML).", "section": "Broader Impacts", "sec_num": "10."}, {"text": "Question: Does the paper describe safeguards that have been put in place for responsible release of data or models that have a high risk for misuse (e.g., pretrained language models, image generators, or scraped datasets)?", "section": "Safeguards", "sec_num": "11."}, {"text": "Answer: [NA] Justification: This work poses no such risks.", "section": "Safeguards", "sec_num": "11."}, {"text": "Guidelines:", "section": "Safeguards", "sec_num": "11."}, {"text": "\u2022 The answer NA means that the paper poses no such risks.", "section": "Safeguards", "sec_num": "11."}, {"text": "\u2022 Released models that have a high risk for misuse or dual-use should be released with necessary safeguards to allow for controlled use of the model, for example by requiring that users adhere to usage guidelines or restrictions to access the model or implementing safety filters. \u2022 Datasets that have been scraped from the Internet could pose safety risks. The authors should describe how they avoided releasing unsafe images. \u2022 We recognize that providing effective safeguards is challenging, and many papers do not require this, but we encourage authors to take this into account and make a best faith effort.", "section": "Safeguards", "sec_num": "11."}, {"text": "12. Licenses for existing assets Question: Are the creators or original owners of assets (e.g., code, data, models), used in the paper, properly credited and are the license and terms of use explicitly mentioned and properly respected?", "section": "Safeguards", "sec_num": "11."}, {"text": "Answer: [Yes]", "section": "Safeguards", "sec_num": "11."}, {"text": "Justification: We have credited most previous works in the paper. The license and terms are respected properly.", "section": "Safeguards", "sec_num": "11."}, {"text": "Guidelines:", "section": "Safeguards", "sec_num": "11."}, {"text": "\u2022 The answer NA means that the paper does not use existing assets.", "section": "Safeguards", "sec_num": "11."}, {"text": "\u2022 The authors should cite the original paper that produced the code package or dataset.", "section": "Safeguards", "sec_num": "11."}, {"text": "\u2022 The authors should state which version of the asset is used and, if possible, include a URL. \u2022 The name of the license (e.g., CC-BY 4.0) should be included for each asset.", "section": "Safeguards", "sec_num": "11."}, {"text": "\u2022 For scraped data from a particular source (e.g., website), the copyright and terms of service of that source should be provided. \u2022 If assets are released, the license, copyright information, and terms of use in the package should be provided. For popular datasets, paperswithcode.com/datasets has curated licenses for some datasets. Their licensing guide can help determine the license of a dataset. \u2022 For existing datasets that are re-packaged, both the original license and the license of the derived asset (if it has changed) should be provided.", "section": "Safeguards", "sec_num": "11."}], "back_matter": [{"text": "Acknowledgments. This work is supported by the National Natural Science Foundation of China (62141220, 62271414), Shanghai Municipal Science and Technology Major Project (2021SHZDZX0102), the Fundamental Research Funds for the Central Universities, Zhejiang Provincial Distinguish Young Science Foundation (LR23F010001), Zhejiang \"Pioneer\" and \"Leading Goose\" R&D Program (2024SDXHDX0006, 2024C03182), the Key Project of Westlake Institute for Optoelectronics (2023GD007), and Ningbo Science and Technology Bureau, \"Science and Technology Yongjiang 2035\" Key Technology Breakthrough Program (2024Z126).", "section": "acknowledgement", "sec_num": null}, {"text": "Justification: The paper does not include theoretical results. Guidelines:\u2022 The answer NA means that the paper does not include theoretical results.\u2022 All the theorems, formulas, and proofs in the paper should be numbered and crossreferenced. \u2022 All assumptions should be clearly stated or referenced in the statement of any theorems.\u2022 The proofs can either appear in the main paper or the supplemental material, but if they appear in the supplemental material, the authors are encouraged to provide a short proof sketch to provide intuition. \u2022 Inversely, any informal proof provided in the core of the paper should be complemented by formal proofs provided in appendix or supplemental material. \u2022 Theorems and Lemmas that the proof relies upon should be properly referenced.", "section": "annex", "sec_num": null}, {"text": "Question: Does the paper fully disclose all the information needed to reproduce the main experimental results of the paper to the extent that it affects the main claims and/or conclusions of the paper (regardless of whether the code and data are provided or not)? Answer: [Yes] Justification: We have provided implementation details in the experiments section. We release all the code and models at: https://github.com/zhengchen1999/BI-DiffSR.Guidelines:\u2022 The answer NA means that the paper does not include experiments.\u2022 If the paper includes experiments, a No answer to this question will not be perceived well by the reviewers: Making the paper reproducible is important, regardless of whether the code and data are provided or not. \u2022 If the contribution is a dataset and/or model, the authors should describe the steps taken to make their results reproducible or verifiable. \u2022 Depending on the contribution, reproducibility can be accomplished in various ways.For example, if the contribution is a novel architecture, describing the architecture fully might suffice, or if the contribution is a specific model and empirical evaluation, it may be necessary to either make it possible for others to replicate the model with the same dataset, or provide access to the model. In general. releasing code and data is often one good way to accomplish this, but reproducibility can also be provided via detailed instructions for how to replicate the results, access to a hosted model (e.g., in the case of a large language model), releasing of a model checkpoint, or other means that are appropriate to the research performed. \u2022 While NeurIPS does not require releasing code, the conference does require all submissions to provide some reasonable avenue for reproducibility, which may depend on the nature of the contribution. , with an open-source dataset or instructions for how to construct the dataset). (d) We recognize that reproducibility may be tricky in some cases, in which case authors are welcome to describe the particular way they provide for reproducibility.In the case of closed-source models, it may be that access to the model is limited in some way (e.g., to registered users), but it should be possible for other researchers to have some path to reproducing or verifying the results.", "section": "Experimental Result Reproducibility", "sec_num": "4."}, {"text": "Question: Does the paper provide open access to the data and code, with sufficient instructions to faithfully reproduce the main experimental results, as described in supplemental material?\u2022 If this information is not available online, the authors are encouraged to reach out to the asset's creators.", "section": "Open access to data and code", "sec_num": "5."}, {"text": "Question: Are new assets introduced in the paper well documented and is the documentation provided alongside the assets? Answer: [Yes] Justification: We release code and pre-trained models at: https://github.com/ zhengchen1999/BI-DiffSR. In the paper, we have provided implementation details and other contents to reproduce our results. Guidelines:\u2022 The answer NA means that the paper does not release new assets.\u2022 Researchers should communicate the details of the dataset/code/model as part of their submissions via structured templates. This includes details about training, license, limitations, etc. \u2022 The paper should discuss whether and how consent was obtained from people whose asset is used. \u2022 We recognize that the procedures for this may vary significantly between institutions and locations, and we expect authors to adhere to the NeurIPS Code of Ethics and the guidelines for their institution. \u2022 For initial submissions, do not include any information that would break anonymity (if applicable), such as the institution conducting the review.", "section": "New Assets", "sec_num": "13."}], "ref_entries": {"FIGREF1": {"uris": null, "fig_num": "2", "type_str": "figure", "text": "Figure 2: The overall structure of the noise estimation network. (a) UNet: The model consists of ResBlock, CP-Down, CP-Up, and CS-Fusion. It predicts noise \u03f5 t with the upscaled LR image y, noise image x t , and timestep t. (b) ResBlock: Residual block, utilizes the binarized convolution (BI-Conv) block. The input and output dimensions of the block remain consistent, making it suitable for binarization. (c) TE: Time encoding, encoders timestep t to produce the timestep embedding t em .", "num": null}, "FIGREF3": {"uris": null, "fig_num": "3", "type_str": "figure", "text": "Figure 3: (a) CP-Down: Consistent-pixel-downsample. (b) CP-Up: Consistent-pixel-upsample. (c) CS-Fusion: Channel-shuffle fusion. (d) In the skip connection, the value ranges of two features (x 1 ,x 2 ) may be significant differences, which impedes effective fusion. (e) The illustration of channel shuffle. the shuffled features (x sh 1 , x sh 2 ) have closely matched value ranges. (1) CP-Down: We evenly split the input features x do in \u2208R H\u00d7W \u00d7C along the channel dimension and process them through two convolutions with identical input and output dimensions. The stable (matching) dimension allows the usage of identity shortcuts. Finally, by applying Pixel-UnShuffle[57], we reduce the resolution of the features while increasing the channel number. The formula is:", "num": null}, "FIGREF4": {"uris": null, "fig_num": "4", "type_str": "figure", "text": "Figure 4: Visualization of the changes in activation distribution across 50 timesteps.", "num": null}, "FIGREF5": {"uris": null, "fig_num": "25", "type_str": "figure", "text": "Figure 5: (a) The basic binarized convolutional (BI-Conv) block. The learnable bias b and the activation function RPReLU adjust the activations. (b) In timestep-aware redistribution (TaR) and activation function (TaA), multiple pairs of b and RPReLU are applied to adapt to the multi-step in DM. At each step t, only one pair of b and RPReLU is used (the darker modules with solid lines).", "num": null}, "FIGREF6": {"uris": null, "fig_num": "7", "type_str": "figure", "text": "Figure 7: Weights of biases b i (i\u2208{1, . . . , 5}) in TaR.", "num": null}, "TABREF1": {"content": "<table><tr><td colspan=\"3\">Method</td><td colspan=\"11\">Baseline +Identity +CP-Down&amp;Up +CS-Fusion +TaR&amp;TaA</td><td/><td>Method</td><td>Params (M) OPs (G) PSNR (dB) LPIPS</td></tr><tr><td colspan=\"4\">Params (M) 4.29</td><td/><td>4.29</td><td/><td colspan=\"2\">4.29</td><td/><td/><td colspan=\"2\">4.30</td><td>4.58</td><td/><td>Add</td><td>4.10</td><td>33.40</td><td>18.89</td><td>0.1695</td></tr><tr><td colspan=\"3\">OPs (G)</td><td>36.67</td><td/><td>36.67</td><td/><td colspan=\"2\">36.67</td><td/><td/><td colspan=\"2\">36.67</td><td>36.67</td><td/><td>Concat</td><td>4.29</td><td>36.67</td><td>31.08</td><td>0.0327</td></tr><tr><td colspan=\"4\">PSNR (dB) 27.66</td><td/><td>29.29</td><td/><td colspan=\"2\">31.08</td><td/><td/><td colspan=\"2\">31.99</td><td>32.66</td><td/><td>Split</td><td>4.30</td><td>36.67</td><td>29.67</td><td>0.0384</td></tr><tr><td colspan=\"3\">LPIPS</td><td>0.0780</td><td colspan=\"2\">0.0658</td><td/><td colspan=\"2\">0.0327</td><td/><td/><td colspan=\"2\">0.0261</td><td>0.0200</td><td/><td>CS-Fusion</td><td>4.30</td><td>36.67</td><td>31.99</td><td>0.0261</td></tr><tr><td/><td/><td/><td/><td colspan=\"7\">(a) Break-down ablation.</td><td/><td/><td/><td/><td>(b) Ablation on feature fusion.</td></tr><tr><td/><td colspan=\"2\">Method</td><td>TaR</td><td>TaA</td><td colspan=\"3\">Params (M)</td><td colspan=\"3\">Ops (G)</td><td colspan=\"2\">PSNR (dB)</td><td>LPIPS</td><td/><td>#Pair</td><td>1</td><td>2</td><td>5</td></tr><tr><td/><td colspan=\"2\">w/o</td><td/><td/><td/><td colspan=\"2\">4.30</td><td colspan=\"3\">36.67</td><td/><td>31.99</td><td>0.0261</td><td/><td>Params (M)</td><td>4.30</td><td>4.37</td><td>4.58</td></tr><tr><td/><td colspan=\"2\">In</td><td>\u2713</td><td/><td/><td colspan=\"2\">4.37</td><td colspan=\"3\">36.67</td><td/><td>29.27</td><td>0.0337</td><td/><td>OPs (G)</td><td>36.67</td><td>36.67</td><td>36.67</td></tr><tr><td/><td colspan=\"2\">Out</td><td/><td>\u2713</td><td/><td colspan=\"2\">4.51</td><td colspan=\"3\">36.67</td><td/><td>29.13</td><td>0.0308</td><td/><td>PSNR (dB)</td><td>31.99</td><td>32.42</td><td>32.66</td></tr><tr><td/><td colspan=\"2\">All</td><td>\u2713</td><td>\u2713</td><td/><td colspan=\"2\">4.58</td><td colspan=\"3\">36.67</td><td/><td>32.66</td><td>0.0200</td><td/><td>LPIPS</td><td>0.0261</td><td>0.0229</td><td>0.0200</td></tr><tr><td/><td/><td colspan=\"12\">(c) Ablation on time aware module (TaR and TaA).</td><td/><td>(d) Numbers (#) of bias and RPReLU pair.</td></tr><tr><td/><td>1.2 1.4 1.6</td><td>1e4</td><td colspan=\"4\">Addition (Module: ups.2)</td><td>Input 1 Input 2 Sum</td><td/><td>1.2 1.4 1.6</td><td>1e4</td><td colspan=\"5\">Channel Fusion (Module: ups.2) Fusion 2 Fusion 1 Input 2 Input 1</td><td>0.25 0.50 0.75</td><td>TaR (Module: downs.5.res_block.block1.conv)</td></tr><tr><td>Number</td><td>0.8 1.0</td><td/><td/><td/><td/><td/><td/><td>Number</td><td>0.8 1.0</td><td/><td/><td/><td/><td/><td>Weight</td><td>0.00 0.25</td></tr><tr><td/><td>0.6</td><td/><td/><td/><td/><td/><td/><td/><td>0.6</td><td/><td/><td/><td/><td/><td>0.50</td></tr><tr><td/><td>0.4</td><td/><td/><td/><td/><td/><td/><td/><td>0.4</td><td/><td/><td/><td/><td/><td>0.75</td></tr><tr><td/><td>0.2</td><td/><td/><td/><td/><td/><td/><td/><td>0.2</td><td/><td/><td/><td/><td/><td>1.00</td></tr><tr><td/><td>0.0</td><td>40</td><td colspan=\"3\">20 Activation Value Distribution 0 20</td><td>40</td><td>60</td><td/><td>0.0</td><td/><td>40</td><td colspan=\"2\">20 Activation Value Distribution 0 20</td><td>40</td><td>60</td><td>bias-1</td><td>bias-2</td><td>bias-3 Index</td><td>bias-4</td><td>bias-5</td></tr></table>", "html": null, "type_str": "table", "text": "Ablation study. We train models on DIV2K and Flickr2K, and evaluate on Manga109 (\u00d72).", "num": null}, "TABREF2": {"content": "<table><tr><td>Method</td><td colspan=\"4\">Params Ops Scale (M) (G) PSNR SSIM LPIPS PSNR SSIM LPIPS PSNR SSIM LPIPS PSNR SSIM LPIPS Set5 B100 Urban100 Manga109</td></tr><tr><td>Bicubic</td><td>\u00d72</td><td>N/A</td><td colspan=\"2\">N/A 33.67 0.9303 0.1274 29.55 0.8431 0.2508 26.87 0.8403 0.2064 30.82 0.9349 0.1025</td></tr><tr><td>SR3 [54]</td><td colspan=\"4\">\u00d72 55.41 176.41 36.69 0.9513 0.0310 30.41 0.8683 0.0700 30.29 0.9060 0.0430 35.11 0.9682 0.0161</td></tr><tr><td>BNN [19]</td><td>\u00d72</td><td colspan=\"3\">4.78 37.93 13.97 0.5210 0.4529 13.73 0.4553 0.5784 12.75 0.4236 0.5575 9.29 0.3035 0.7489</td></tr><tr><td>DoReFa [71]</td><td>\u00d72</td><td colspan=\"3\">4.78 37.93 16.43 0.6553 0.2662 16.11 0.5912 0.3972 15.09 0.5495 0.4055 12.35 0.4609 0.5047</td></tr><tr><td>XNOR [50]</td><td>\u00d72</td><td colspan=\"3\">4.78 37.93 32.34 0.8661 0.0782 27.94 0.7548 0.1665 27.47 0.8225 0.1153 31.99 0.9428 0.0326</td></tr><tr><td>IRNet [48]</td><td>\u00d72</td><td colspan=\"3\">4.78 37.93 32.55 0.9340 0.0446 27.76 0.8199 0.1115 26.34 0.8452 0.0913 23.89 0.7621 0.1820</td></tr><tr><td>ReActNet [38]</td><td>\u00d72</td><td colspan=\"3\">4.85 37.93 34.30 0.9271 0.0351 28.36 0.8158 0.0943 27.43 0.8563 0.0731 32.16 0.9441 0.0379</td></tr><tr><td>BBCU [66]</td><td>\u00d72</td><td colspan=\"3\">4.82 37.75 34.31 0.9281 0.0393 28.39 0.8202 0.0905 28.05 0.8669 0.0620 32.88 0.9508 0.0272</td></tr><tr><td colspan=\"2\">BI-DiffSR (ours) \u00d72</td><td colspan=\"3\">4.58 36.67 35.68 0.9414 0.0277 29.73 0.8478 0.0682 28.97 0.8815 0.0522 33.99 0.9601 0.0172</td></tr><tr><td>Bicubic</td><td>\u00d74</td><td>N/A</td><td colspan=\"2\">N/A 28.43 0.8111 0.3398 25.95 0.6678 0.5244 23.14 0.6579 0.4729 24.90 0.7876 0.3210</td></tr><tr><td>SR3 [54]</td><td/><td/><td/></tr><tr><td/><td/><td/><td>HR</td><td>Bicubic</td><td>SR3 (FP) [54]</td><td>XNOR [50]</td></tr><tr><td colspan=\"2\">Urban100: img_023</td><td/><td/></tr></table>", "html": null, "type_str": "table", "text": "\u00d74 55.41 176.41 31.03 0.8798 0.1127 26.11 0.6933 0.2247 25.52 0.7702 0.1438 28.77 0.8854 0.0646 BNN [19] \u00d74 4.78 37.93 12.21 0.3103 0.8310 12.30 0.2128 0.9519 11.30 0.2191 0.9592 8.96 0.1833 1.0117 DoReFa [71] \u00d74 4.78 37.93 10.40 0.246 0.9855 9.78 0.1709 1.0793 8.79 0.1614 1.1186 7.52 0.1464 1.1169 XNOR [50] \u00d74 4.78 37.93 28.06 0.8274 0.1381 25.25 0.6552 0.3101 23.13 0.6647 0.2564 23.84 0.7839 0.1559 IRNet [48] \u00d74 4.78 37.93 15.52 0.3514 0.7548 16.38 0.3121 0.7072 15.23 0.3043 0.7068 11.82 0.2442 0.8354 ReActNet [38] \u00d74 4.85 37.93 29.23 0.8362 0.1472 23.56 0.5670 0.3339 22.32 0.6440 0.2276 25.32 0.7854 0.1721 BBCU [66] \u00d74 4.82 37.75 25.44 0.7795 0.1650 21.46 0.5472 0.3206 20.52 0.6293 0.2290 23.02 0.7966 0.1496 BI-DiffSR (ours) \u00d74 4.58 36.67 29.63 0.8374 0.1109 25.84 0.6779 0.2754 24.11 0.7177 0.1823 26.95 0.8548 0.0889 Quantitative comparison with state-of-the-art binarization methods. The best and second best results are coloured with red and blue. Our method surpasses current approaches.", "num": null}, "TABREF3": {"content": "<table/>", "html": null, "type_str": "table", "text": "\u2022 Please see the NeurIPS code and data submission guidelines (https://nips.cc/ public/guides/CodeSubmissionPolicy) for more details. \u2022 While we encourage the release of code and data, we understand that this might not be possible, so \"No\" is an acceptable answer. Papers cannot be rejected simply for not including code, unless this is central to the contribution (e.g., for a new open-source benchmark). \u2022 The instructions should contain the exact command and environment needed to run to reproduce the results. See the NeurIPS code and data submission guidelines (https: //nips.cc/public/guides/CodeSubmissionPolicy) for more details. \u2022 The authors should provide instructions on data access and preparation, including how to access the raw data, preprocessed data, intermediate data, and generated data, etc. \u2022 The authors should provide scripts to reproduce all experimental results for the new proposed method and baselines. If only a subset of experiments are reproducible, they should state which ones are omitted from the script and why. \u2022 At submission time, to preserve anonymity, the authors should release anonymized versions (if applicable).", "num": null}, "TABREF4": {"content": "<table><tr><td>8. Experiments Compute Resources</td></tr><tr><td>Question: For each experiment, does the paper provide sufficient information on the com-</td></tr><tr><td>puter resources (type of compute workers, memory, time of execution) needed to reproduce</td></tr><tr><td>the experiments?</td></tr><tr><td>Answer: [Yes]</td></tr><tr><td>Justification: Please refer to experiment part.</td></tr><tr><td>Guidelines:</td></tr><tr><td>\u2022</td></tr></table>", "html": null, "type_str": "table", "text": "\u2022 It is OK to report 1-sigma error bars, but one should state it. The authors should preferably report a 2-sigma error bar than state that they have a 96% CI, if the hypothesis of Normality of errors is not verified. \u2022 For asymmetric distributions, the authors should be careful not to show in tables or figures symmetric error bars that would yield results that are out of range (e.g. negative error rates). \u2022 If error bars are reported in tables or plots, The authors should explain in the text how they were calculated and reference the corresponding figures or tables in the text. The answer NA means that the paper does not include experiments. \u2022 The paper should indicate the type of compute workers CPU or GPU, internal cluster, or cloud provider, including relevant memory and storage. \u2022 The paper should provide the amount of compute required for each of the individual experimental runs as well as estimate the total compute. \u2022 The paper should disclose whether the full research project required more compute than the experiments reported in the paper (e.g., preliminary or failed experiments that didn't make it into the paper).", "num": null}}}}