{"paper_id": "Learning_Vibrating_Plates", "title": "Learning to Predict Structural Vibrations", "abstract": "In mechanical structures like airplanes, cars and houses, noise is generated and transmitted through vibrations. To take measures to reduce this noise, vibrations need to be simulated with expensive numerical computations. Deep learning surrogate models present a promising alternative to classical numerical simulations as they can be evaluated magnitudes faster, while trading-off accuracy. To quantify such trade-offs systematically and foster the development of methods, we present a benchmark on the task of predicting the vibration of harmonically excited plates. The benchmark features a total of 12,000 plate geometries with varying forms of beadings, material, boundary conditions, load position and sizes with associated numerical solutions. To address the benchmark task, we propose a new network architecture, named Frequency-Query Operator, which predicts vibration patterns of plate geometries given a specific excitation frequency. Applying principles from operator learning and implicit models for shape encoding, our approach effectively addresses the prediction of highly variable frequency response functions occurring in dynamic systems. To quantify the prediction quality, we introduce a set of evaluation metrics and evaluate the method on our vibrating-plates benchmark. Our method outperforms Deep-ONets, Fourier Neural Operators and more traditional neural network architectures and can be used for design optimization. Code, dataset and visualizations: https://github.com/ecker-lab/Learning_Vibrating_Plates", "pdf_parse": {"paper_id": "Learning_Vibrating_Plates", "abstract": [{"text": "In mechanical structures like airplanes, cars and houses, noise is generated and transmitted through vibrations. To take measures to reduce this noise, vibrations need to be simulated with expensive numerical computations. Deep learning surrogate models present a promising alternative to classical numerical simulations as they can be evaluated magnitudes faster, while trading-off accuracy. To quantify such trade-offs systematically and foster the development of methods, we present a benchmark on the task of predicting the vibration of harmonically excited plates. The benchmark features a total of 12,000 plate geometries with varying forms of beadings, material, boundary conditions, load position and sizes with associated numerical solutions. To address the benchmark task, we propose a new network architecture, named Frequency-Query Operator, which predicts vibration patterns of plate geometries given a specific excitation frequency. Applying principles from operator learning and implicit models for shape encoding, our approach effectively addresses the prediction of highly variable frequency response functions occurring in dynamic systems. To quantify the prediction quality, we introduce a set of evaluation metrics and evaluate the method on our vibrating-plates benchmark. Our method outperforms Deep-ONets, Fourier Neural Operators and more traditional neural network architectures and can be used for design optimization. Code, dataset and visualizations: https://github.com/ecker-lab/Learning_Vibrating_Plates", "section": "Abstract", "sec_num": null}], "body_text": [{"text": "Humans are exposed to noise in everyday life, which is unpleasant and unhealthy in the long term [1] . Therefore, designers and engineers work on reducing noise that occurs, for example, in cars, airplanes, and houses. In this work, we specifically consider vibrations in mechanical structures as a source of sound. Vibrating structures radiate sound into the surrounding air. For example in a car, the engine causes the chassis to vibrate, which then radiates sound into the interior of the car. By reducing the vibration energy of the chassis, the noise can be reduced.", "section": "Introduction", "sec_num": "1"}, {"text": "Vibrations of mechanical structures depend on the frequency of the excitation force (e.g. by the engine). A special case occurs when the excitation frequency matches an eigenfrequency of a given structure. In this case, the external force adds energy in phase with the structure's natural vibration and amplifies the motion with each cycle. This continues until the energy added equals the energy lost due to damping, resulting in large vibration amplitudes. This effect is called resonance and leads to characteristic resonance peaks in the dynamic response of the system. At resonance frequencies, due to the higher vibration amplitudes, more noise is emitted. A second distinctive feature of structural vibrations is the vibration pattern, i.e. the spatial field of vibration velocity amplitudes. With increasing frequency, these vibration patterns become more complex and exhibit more local maxima and minima (Figure 1 , left) [2] .", "section": "Introduction", "sec_num": "1"}, {"text": "38th Conference on Neural Information Processing Systems (NeurIPS 2024). To reduce noise, the vibration patterns of a mechanical structure can be influenced through modifications to its design. One method is the placement of damping elements, that absorb vibrational energy and thereby reduce sound emission, but this adds weight and requires space. Another approach is introducing beadings, which are indentations in plate-like structures (Figure 1 , right). Beadings increase the local stiffness of a structure, resulting in a shift in the structure's eigenfrequencies and subsequent resonance peaks. When they are well-placed, beadings can reduce the vibration energy for a range of excitation frequencies by shifting the resonance peaks out of the range. Reducing the vibration energy for a specific range of frequencies is a goal in many applications, e.g. in automotive design, where a motor excites vibrations in a range of frequencies [3] .", "section": "Introduction", "sec_num": "1"}, {"text": "In this work, we focus on a crucial prerequisite for targeted modifications to a design: Computing its vibrational behavior. The finite element method (FEM) is an established approach for numerically solving partial differential equations. The geometry of a design is discretized into small elements and the solution of the PDE is approximated by simple functions, e.g. polynomial functions, defined on these elements. [4, 5] . This method enables the numerical simulation of vibration patterns, but is computationally expensive. With increasing frequency and decreasing wavelength, finer meshes are required to accurately resolve the vibrations. This leads to a high increase in computational load and limits the number of designs and value of the frequencies that can be evaluated. Deep learning surrogate models could accelerate the evaluation of design candidates by several magnitudes. Related work on predicting the solution of partial differential equations with deep learning has mostly focused on time-domain problems [e.g. 6, 7, 8] . In contrast, for our problem the change over time is not of interest. Instead, we predict steady-state vibration patterns in the frequency domain. Steady-state refers to the fact that the system vibrates harmonically and the amplitude and frequency remain constant over time since the system is in a dynamic equilibrium. Despite being practically relevant in acoustics and structural dynamics in general this problem is so far under-explored by machine learning research.", "section": "Introduction", "sec_num": "1"}, {"text": "Contributions. To explore the potential of vibration prediction with deep learning methods, we (1) introduce a benchmark and define evaluation metrics on it, (2) evaluate a range of machine learning methods on the benchmark and (3) introduce our own method.", "section": "Introduction", "sec_num": "1"}, {"text": "Our novel benchmark dataset consists of 12,000 instances of an exemplary structural mechanical system, a plate excited by a harmonic force, and their numerically computed vibrations given a range of excitation frequencies. Given a plate instance, the task is to predict the vibration patterns and frequency response. We vary material properties and the boundary conditions of the plate as well as the geometry by adding beadings. Plates with beadings are abundant in technical systems (Figure 1 , right). Plates are also often a component of more complex mechanical systems and their vibrational behavior on their own is similar to more complex systems [9, 10] , making them a wellposed and scalable initial benchmark problem for deep learning methods.", "section": "Introduction", "sec_num": "1"}, {"text": "To address the benchmark task, we propose a novel network architecture named Frequency-Query Operator (FQO). This model is trained to predict the resulting vibration pattern from plate geometries together with an excitation frequency query. This approach is inspired by work on operator learning for predicting the solution to partial differential equations [11] and implicit models for shape representation [e.g. 12, 13, 14], both techniques enable evaluating any point in the domain instead of a fixed grid. In our case, this enables predictions for any excitation frequency, including those not seen during training. On our vibrating-plates benchmark, the proposed FQO can accurately predict the highly variable resonances occurring in vibration patterns and outperforms DeepONet [11] , Fourier Neural Operators [15] and other baselines.", "section": "Introduction", "sec_num": "1"}, {"text": "We introduce a dataset consisting of instances of aluminum plate geometries and their vibration patterns. The plates are simply supported, i.e. the edges cannot move up and down. Depending on the dataset setting, the rotational stiffness at the boundary is varied, which corresponds to free rotation or clamped edges. The plate is excited by a harmonic point force at varying positions with the excitation frequency varied between 1 and 300 Hz. While the specific setting in other mechanical engineering design tasks may differ, this setup functions as an exemplary engineering design problem. Analogous problems are the design of an air-conditioning enclosure [16] , a washing machine [17] or parts of a car chassis [3] . Compared to these problems, our plate setup has two differences that allow for a comparatively easy experimental real world validation of the computed vibration patterns and do not change typical vibrational characteristics: First, exciting the plate with a point force is a common experimental setup, where a plate is excited via a shaker. Second, the condition of no rotational stiffness at the edges in comparison to clamped edges does not introduce additional uncertainty and parameters into the measurement and mirrors e.g. a bonnet of a car that rests on the chassis. Other typical types of fixation include screws or welding. In the following, we describe the specific quantity of interest of the vibration patterns, how the vibration patterns of the plate are obtained via numerical simulation and how the plate geometry and parameters are varied.", "section": "Dataset and Benchmark Construction 2.1 Vibrating Plates Dataset", "sec_num": "2"}, {"text": "Vibration patterns and frequency response function. Our benchmark is designed to address a vibroacoustic engineering design problem. Therefore, the goal is to predict a quantity that best reflects the noise emitted by a mechanical structure. For a plate, a natural choice is the maximum velocity field v z (x, y|f ) for a specific frequency f . Here, v z (x, y|f ) represents the component of the velocity field orthogonal to the plate surface (in the following V(f ) denotes the velocity field on the discrete grid). This component closely relates to how much sound is radiated, but specific details about where the velocity on the plate is highest are superfluous. Therefore, we use the mean of the squared velocity as a more compact representation and express it in a frequency response function F, which is a function of the excitation frequency:", "section": "Dataset and Benchmark Construction 2.1 Vibrating Plates Dataset", "sec_num": "2"}, {"text": "F(f ) = 10 log 10 r A A v z (x, y|f ) 2 dA (1)", "section": "Dataset and Benchmark Construction 2.1 Vibrating Plates Dataset", "sec_num": "2"}, {"text": "The square velocity is proportional to the kinetic energy and is therefore closely related to how strongly the vibration couples into a surrounding fluid and can then be perceived as airborne sound.", "section": "Dataset and Benchmark Construction 2.1 Vibrating Plates Dataset", "sec_num": "2"}, {"text": "In the above expression, A is the plate area over which the velocity is averaged. The result is scaled by a reference value r and converted to a decibel scale.", "section": "Dataset and Benchmark Construction 2.1 Vibrating Plates Dataset", "sec_num": "2"}, {"text": "Numerical simulation. Historically, plate structures have been the subject of intense research regarding their vibrational behavior [e.g. 18, 19] . A common approach in plate modeling is to reduce the model to a two-dimensional problem with the goal to accurately describe the vibrational behavior while being computationally efficient [20] . To model the vibrational behavior of plates in this work, we use a shell formulation based on Mindlin's plate theory [18] . This theory is applicable for moderately thin plates and represents the plate using a mid-plane with constant thickness. Mindlins plate theory is a standard choice in many engineering applications and has been experimentally validated [21, 22] .", "section": "Dataset and Benchmark Construction 2.1 Vibrating Plates Dataset", "sec_num": "2"}, {"text": "Figure 2 : Process of the finite element solution in frequency domain in order to compute the velocity field at each frequency query.", "section": "Dataset and Benchmark Construction 2.1 Vibrating Plates Dataset", "sec_num": "2"}, {"text": "We apply the finite element method to solve the shell formulation and simulate the vibrational behavior of the plate [4] (Figure 2 ). This involves partitioning the plate geometry into discrete elements and approximating the solution on these elements by simple ansatzfunctions. By choosing a sufficiently large number of elements, the solution converges to the exact solution of the model [23] . We discretize the plate with a regular grid and use triangular elements in the domain to allow a flexible representation of beadings. The discretization is sufficient to resolve wave lengths in the plate structure, but limits the detail that can be represented with the beading patterns. After discretizing the plate, the PDE is integrated over the elements and a linear system of equations is derived. This linear system describes the dynamics of the discretized structure and is solved with a direct solver. We perform the computations with a specialized FEM software for acoustics [24] . Further details on the setup and mechanical model are given in Appendix A.1.", "section": "Dataset and Benchmark Construction 2.1 Vibrating Plates Dataset", "sec_num": "2"}, {"text": "Dataset variations. The plate instances are varied in two settings: For the V-5000 setting, we generate random beading patterns consisting of 1 -3 lines and 0 -2 ellipses. Also, the width of the beading-elements is randomly varied. The size of the plates as well as material, boundary and loading parameters are fixed. For the G-5000 setting, we apply the same beading pattern variation and additionally vary the plate geometry (length, width and thickness) as well as the damping loss factor, rotational stiffness at the boundary and forcing position. For each setting, 5000 instances for training and validation are generated. 1000 further instances are generated as a test set and are not used during training or to select a model. Further details are given in Appendix A.2.", "section": "Dataset and Benchmark Construction 2.1 Vibrating Plates Dataset", "sec_num": "2"}, {"text": "Dataset analysis. The mean plate design shows a close to uniform distribution, with a margin at the plate's edge (see Figure 3b ). With a greater proportion of beaded area in a given plate, the number of peaks tends to decrease (see Figure 3a ). This is due to additional beadings stiffening the plates, and it represents an interesting trait specific to our problem. The density of peaks is related to the frequency. As the frequency increases, so does the peak density. Starting from around 120 Hz the peak density plateaus (see Figure 3d ). The average number of peaks in the G-5000 setting is smaller than in the V-5000 setting. This is influenced by the on average smaller plates being stiffer and therefore having less peaks in the frequency range (see Figure 3c ).", "section": "Dataset and Benchmark Construction 2.1 Vibrating Plates Dataset", "sec_num": "2"}, {"text": "Before computing our metrics, we perform the following preprocessing steps to address numerical issues as well as facilitate an easier interpretation of the evaluation metrics. We normalize the fre-quency response and the velocity fields. To do this, we first take the log of the velocity fields, to align it with the dB-scale of the frequency response. Then, we subtract the mean per frequency over all samples (depicted in Figure 3b for frequency response) and then divide by the overall standard deviation across all frequencies and samples. Small changes in the beading pattern can cause frequency shifts, potentially pushing peaks out of the considered frequency band. To reduce the effect of such edge cases, we predict frequency responses between 1 and 300 Hz but evaluate on the frequency band between 1 and 250 Hz.", "section": "Evaluation", "sec_num": "2.2"}, {"text": "We propose three complementary metrics to measure the quality of the frequency response predictions.", "section": "Evaluation", "sec_num": "2.2"}, {"text": "Mean squared error. The mean squared error (MSE) is a well-known regression error measure:", "section": "Evaluation", "sec_num": "2.2"}, {"text": "For the global deviation we compare the predicted F(f ) and numerically computed frequency response F(f ) by the MSE error", "section": "Evaluation", "sec_num": "2.2"}, {"text": "E MSE = i ( F(f i ) -F(f i )) 2 .", "section": "Evaluation", "sec_num": "2.2"}, {"text": "Earth mover distance. The earth mover distance [25, 26] expresses the work needed to transmute a distribution P into another distribution Q. As a first step, the optimal flow \u03b3 is identified. Based on \u03b3 the earth mover distance is expressed as follows:", "section": "Evaluation", "sec_num": "2.2"}, {"text": "E EMD (P, Q) = i,j \u03b3ij \u2022 d ij i,j \u03b3ij with \u03b3 = min \u03b3 i,j \u03b3 ij \u2022 d ij", "section": "Evaluation", "sec_num": "2.2"}, {"text": "where d ij is the distance between bins i and j in P and Q. Correspondingly, \u03b3 ij is the flow between bins i and j. We calculate the E EMD based on the original amplitudes in m/s that have not been transformed to the log-scale (dB) and normalize these amplitudes with the sum over all frequencies. As a consequence and unlike the MSE, E EMD is invariant to the mean amplitude and only considers the shape of the frequency response. In this form, our metric is equivalent to the W 1 Wasserstein metric [27, 28] .", "section": "Evaluation", "sec_num": "2.2"}, {"text": "Peak frequency error. To specifically address the prediction of resonance peaks, which are particularly relevant for noise emission, we introduce a third metric called peak frequency error. The metric answers two questions: (1) Does the predicted frequency response contain the same number of resonance peaks as the true response? (2) How far are corresponding ground truth and prediction peaks shifted against each other? To this end, we set up an algorithm that starts by detecting a set of peaks K in the ground truth and a set of peaks K in the prediction using the find peaks function in scipy [29] (examples in Appendix B). Then, we match these peaks pairwise using the Hungarian algorithm [30] based on the distance between the frequencies of the peaks E F . This allows us to determine the ratio between predicted and actual peaks | K| |K| and |K| | K| . To equally penalize predicting too many and too few peaks we consider the minimum of both ratios:", "section": "Evaluation", "sec_num": "2.2"}, {"text": "E PEAKS = 1 -min{ | K| |K| , |K| | K| }.", "section": "Evaluation", "sec_num": "2.2"}, {"text": "We propose a method to predict the frequency response, F g,m (f ), for plates characterized by their geometry g (influenced by beading patterns) and scalar parameters m (height, width, thickness, damping loss factor, rotational stiffness at boundary, loading position). This process involves two steps: (1) First, the input g and m are encoded by an encoder \u03a6. Because g is defined on a regular grid, standard image processing architectures are suitable. (2) Frequency response predictions are generated for specific excitation frequencies f by a decoder \u03a8 (Figure 4 ). The computation can then be expressed as:", "section": "Predicting Vibrations with Neural Networks", "sec_num": "3"}, {"text": "EQUATION", "section": "Predicting Vibrations with Neural Networks", "sec_num": "3"}, {"text": "This problem formulation, training a neural network to predict a function and evaluating this function, given some input values, is a common paradigm in operator learning [11] . It allows for the evaluation of any frequency query f , even if it has not been part of the training data. In contrast, predicting frequencies on a fixed grid only allows for the evaluation of those frequencies. This formulation shares similarities with implicit models, for instance by [13] in the context of 3d shape prediction. Based on this, we investigate the following central aspects of our architecture:", "section": "Predicting Vibrations with Neural Networks", "sec_num": "3"}, {"text": "Figure 4 : Frequency-Query Operator method. The geometry encoder takes the mesh geometry and the scalar properties as input. The resulting feature volume along with a frequency query is passed to the query decoder, that either predicts a velocity field or directly a frequency response. The velocity field is aggregated to arrive at the frequency response at the query frequency f .", "section": "Predicting Vibrations with Neural Networks", "sec_num": "3"}, {"text": "Q1 -Frequency-query approach: Vibrations are dominated by resonance peaks at specific frequencies. The resonance frequencies vary strongly across instances. An implicit or operator learning approach has been shown to be able to deal with high variation better in other contexts. In the context of vibration prediction, a frequency-query approach could be employed to generate predictions for one specific frequency.", "section": "Predicting Vibrations with Neural Networks", "sec_num": "3"}, {"text": "Q2 -ViT encoder: Image processing architectures based on convolutions encode local features. In contrast, vision transformers have a global receptive field size from early layers. As vibrations are determined by the full geometry, we expect vision transformers to perform better.", "section": "Predicting Vibrations with Neural Networks", "sec_num": "3"}, {"text": "We can train networks to either directly predict the aggregate frequency response F or to predict the velocity field V and compute F from V via Equation 1. For predicting the velocity field, much richer training data is available, since it describes a field over the plate instead of the scalar frequency response. Most of this information is not represented in the frequency response.", "section": "Q3 -Velocity field prediction:", "sec_num": null}, {"text": "In the following, we describe architectural variations explored for these aspects.", "section": "Q3 -Velocity field prediction:", "sec_num": null}, {"text": "To parse the plate geometry into a feature vector, we employ three variants: ResNet18 [31, RN18], a vision transformer [32, 33, ViT] and the encoder part of a UNet [34] . For the RN18, we replace batch normalization with layer normalization [35] , as we found this to work substantially better. Compared to the CNN-based RN18, the ViT architecture supports interactions across different image regions in early layers. For both, the RN18 and the ViT encoder, we obtain a feature vector x by average pooling the last feature map. Since the UNet generates velocity fields, no pooling is applied.", "section": "Geometry Encoder \u03a6", "sec_num": "3.1"}, {"text": "FiLM conditioning. For including the scalar parameters m, we introduce a film layer [36] . The film layer first encodes the scalar parameters with a linear layer. The resulting encoding is then multiplied element-wise with the feature of the encoder and a bias is added. This operation is applied before the last layer of the geometry encoder (UNet) or after it (RN18, ViT).", "section": "Geometry Encoder \u03a6", "sec_num": "3.1"}, {"text": "FQO-RN18 and FQO-ViT: Predicting F(f ) directly. Having obtained an encoding of the plate geometry and properties x, a decoder now takes this as well as a frequency query as input and maps them towards a prediction. For the RN18 and ViT geometry encoders, the decoder is implemented by an MLP taking both x and a scalar frequency value f as input to predict the response for that specific query frequency, i.e. \u03a8(x, f ) \u2208 R. The frequency query is merged to x by a film layer [36] . By querying the decoder with all frequencies individually, we obtain results for the frequency band between 1 and 300 Hz. The MLP has six hidden layers with 512 dimensions each and ReLU activations.", "section": "Decoder \u03a8", "sec_num": "3.2"}, {"text": "FQO-UNet: Predicting F(f ) through the velocity field V(f ). To incorporate physics-based contraints and take advantage of the larger amount of available data, we employ a UNet to predict the velocity fields, V(f ). From V(f ), we derive the frequency response F(f ) (analogous to Equation 1). A frequency query, introduced via a FiLM layer after the encoder, enables frequencyspecific predictions. To reduce the memory and computation demands per geometry during training, we select a random subset of k frequency queries per geometry in a batch, with k < 300. If not otherwise specified, k is set to 50. Grid-Unet and Grid-RN18: Predicting F for a fixed grid of frequencies. To ablate the frequency-query approach, we employ two variations of the FQO-RN18 and FQO-UNet architectures, that do not employ frequency queries. They instead generate predictions for 1-300 Hz at once. This is done by setting the output size of the respective last layer to 300.", "section": "Decoder \u03a8", "sec_num": "3.2"}, {"text": "We further report baseline results on the following alternative methods: A k-Nearest Neighbors regressor, that finds the nearest neighbors in the latent space of an autoencoder. DeepONet [11] , with a RN18 as backbone and a MLP to encode the query frequencies as a branch net. Two architectures based on Fourier Neural Operators [15] . One employing an FNO as a replacement for the querybased decoder based on RN18 features. The second directly takes the input geometry and is trained to map it to the velocity fields.", "section": "Baseline Methods", "sec_num": "3.3"}, {"text": "All methods are trained in a data-driven fashion for 500 epochs on the training dataset of 5000 samples. 500 samples from the training dataset are excluded and employed for validation. We report evaluation results on the previously unseen test set consisting of 1000 additional samples.", "section": "Training", "sec_num": "3.4"}, {"text": "For methods that predict V(f ), i.e. UNet based methods and the FNO variation, the training loss is set to L V where L V represents the MSE on the log-transformed, normalized squared velocity field (Ablation on loss function in Appendix D). For methods that directly predict F, the loss is set to L F , the MSE on the normalized frequency response. Choosing the log-transformed quantities enables the loss to be sensitive to errors outside of resonance frequencies. Otherwise, such errors would have little influence on the total loss, as their magnitude is much lower. See Appendix C for further details on the architectures and training procedure.", "section": "Training", "sec_num": "3.4"}, {"text": "We train the architecture variations and baseline methods on the Vibrating Plates dataset (see Table 1 ). To assess which architecture aspects described in Section 3 are beneficial, we perform the following comparisons. Regarding Q1 (frequency-query approach), the Frequency-Query Operator variations consistently yield better predictions than equivalent grid-based methods, where responses for all frequencies are predicted at once: The E MSE and the E EMD are lower, more peaks are reproduced, and the peak positions are more precise. Regarding Q3 (velocity field prediction), predicting the velocity fields and then transforming them to the frequency response leads to better results than directly predicting the frequency response. Specifically, the UNet based architectures strongly outperform all alternatives, which we attribute to the richer training data of velocity fields. Regarding Q2, the ViT encoder leads to worse results than the CNN-based encoders. All evaluated baseline methods achieve comparatively worse results than our proposed methods. Despite using the same RN18 geometry encoder as FQO-RN18, DeepONet [11] performs worse. We assume that this is due to incorporating frequency information through a single weighted summation, which limits the model's expressivity [37] . In contrast, FQO-RN18 introduces the queried frequency earlier into the model. Two Fourier Neural Operator [15] baseline methods are evaluated: the first, RN18 + FNO, which substitutes the query-based decoder with an FNO decoder, underperforms compared to FQO-RN18 on both datasets. The second FNO baseline, trained directly to predict velocity fields, yields poorer results.", "section": "Experiments", "sec_num": "4"}, {"text": "Results for the G-5000 setting are slightly worse than for the V-5000 setting. The difference is surprising small considering the seven additional varied parameters in the G-5000 setting. One reason might be the average number of peaks in the frequency response: the plates in G-5000 are on average smaller and because of this stiffer, leading to fewer peaks (on average 3.9 in G-5000 and 5.9 in V-5000). This interpretation is supported by the fact that the average error becomes higher with increasing frequency and thus increasing peak density (Figure 3d ). Looking at a prediction example (Figure 5a-d ) for our best model, FQO-UNet, the predicted velocity field has subtle differences to the ground truth. The prediction captures the two modes and their shape quite well, but the shape is slightly less regular than in the reference. Despite that, the resulting frequency response prediction at f = 131 is close to the FEM reference. In comparison to the grid-based prediction, where peaks tend to be blurry, the frequency response peaks generated by FQO-UNet are more pronounced. Additional visualizations are provided in Appendix E.3 and in the code repository. For the best architecture in our experiments, FQO-UNet, we report mean and standard deviation results for multiple runs in Appendix E.2 and provide an ablation of model size for the FQO-UNet and Grid-UNet architectures in Appendix D.", "section": "Experiments", "sec_num": "4"}, {"text": "Transfer learning. To quantify to which degree features learned on a subset of the design space transfer to a different subset, the V-5000 setting is split into two equally-sized parts based on the number of mesh elements that are part of a beading. The \"more beadings\" set contains only 5.1 peaks on average because the plates are stiffened by the beadings, compared to 6.7 peaks on average for the \"less beadings\" set. The training on plates with less beadings leads to a smaller drop in prediction quality (see Table 2 ). This indicates that training on data with more complex frequency responses might be more efficient. In addition, we train a single model on both G-5000 and V-5000. Performance increases, indicating that training can benefit from training with data based on similar mechanical models (Table 3 ).", "section": "Experiments", "sec_num": "4"}, {"text": "Sample efficiency. We train the FQO-UNet and the FQO-RN18 with reduced numbers of samples (see Figure 5e ). It is notable, that the FQO-UNet with a quarter of the training data achieves nearly the same prediction quality as the FQO-RN18 with full training data. This highlights the benefit of including the velocity fields into the training process. Quantitative results are given in Appendix E.1 for both dataset settings. We further investigate the optimal ratio of numbers of frequencies per geometry and total number of geometries, by generating an additional dataset in the V-5000 setting consisting of 50,000 plate geometries but with only 15 frequency evaluations per geometry. These frequencies are uniformly spaced with a random starting frequency. Reducing the frequencies per geometry drastically increases the data efficiency of our method. With a tenth of data points compared to our original dataset, the MSE metric approaches the original value (Figure 5f , quantitative results in Appendix E.1).", "section": "Experiments", "sec_num": "4"}, {"text": "Design optimization. We investigate the potential of our FQO-UNet to be used for optimizing a beading pattern for reduced vibrations in a specified frequency range. Following the approach described in [38] , to generate plates with reduced vibrations, a diffusion model trained to generate novel beading patterns is combined with gradient information from our FQO-UNet as follows: A gradient on the pixels of the input beading pattern is obtained by passing a beading pattern through the network, computing the sum of the predicted frequency response as a loss and then performing backpropagation to the input beading pattern. This gradient is then used to guide the diffusion model to generate beading patterns with reduced vibrations. We optimize beading patterns to reduce vibrations between 100 and 200 Hz using the FQO-UNet trained on the V-5000 dataset (Figure 6 ).", "section": "Experiments", "sec_num": "4"}, {"text": "Resulting plates have a lower mean frequency response in the targeted range than any plate in the training dataset.", "section": "Experiments", "sec_num": "4"}, {"text": "Acoustics. While research on surrogate models for the spatio-temporal evolution of vector fields is fairly common [39, 40, 41] , directly predicting frequency responses through neural networks is an understudied problem. A general CNN architecture is applied in [42] to calibrate the parameters of an analytical model for a composite column on a shake table. The data includes spectrograms representing the structural response in time-frequency domain. The frequency-domain response of acoustic metamaterials is considered in a material design task by conditional generative adversarial networks or reinforcement learning [43, 44, 45] . The frequency response of a multi-mass oscillator is predicted with transformer-based methods [46] . Within the context of aeroacoustics, the propagation of a two-dimensional acoustic wave while considering sound-scattering obstacles is predicted in time-domain by a CNN [47, 48] . A review of machine learning in acoustics is given by [49] . Several acoustic benchmarks for numerical methods are available [50] , however, these benchmarks do not systematically vary input geometries, making them not directly applicable to data-driven models.", "section": "Related Work", "sec_num": "5"}, {"text": "Scientific machine learning. Data-driven machine learning techniques were successfully applied in many different disciplines within engineering and applied science; for example for alloy discovery [51] , crystal structure prediction [52] , climate modeling [53] and protein folding [54] . A popular use case for data-driven methods is to accelerate fluid dynamics, governed by the Navier-Stokes equations [39, 40, 55, 56, 57] .", "section": "Related Work", "sec_num": "5"}, {"text": "The question of how to structure and train neural networks for predicting the solution of partial differential equations (PDE) has been the topic of intense research. Many methods investigate the inclusion of physics informed loss terms [58, 59, 60, 56, 61] . Some methods directly solve PDEs with neural networks as a surrogate model [62, 63] . Graph neural networks are often employed, e.g. for interaction of rigid and deformable objects as well as fluids [64, 65] .", "section": "Related Work", "sec_num": "5"}, {"text": "Operator learning and implicit models. A promising avenue of research for incorporating inductive biases for physical models has been operator learning [11, 15, 66, 37, 41] . Operator learning structures neural networks such that they implement a function that can be evaluated at real values instead of a fixed discrete grid. DeepONet [11] implements operator learning by taking the value at which it is evaluated as an input and processes this value in a separate branch. Fourier Neural Operators [15] use a point-wise mapping to a latent space which is processed through a sequence of individual layers in Fourier space before being projected to the output space. Implicit models (or coordinate-based representation) are models where location is utilized as an input to obtain a location-specific prediction, instead of predicting the entire grid at once and thus fit in the operator learning paradigm. Such models were used to represent shapes [12, 67, 68, 13] , later their representations were improved [69, 70] and adapted for representing neural radiance fields (NeRFs) [71, 14] . Our method applies techniques from these implicit models to operator learning.", "section": "Related Work", "sec_num": "5"}, {"text": "We introduced the problem of predicting structural vibrations and associated frequency response functions of mechanical systems. Unlike other benchmarks for deep learning surrogate models, this task necessitates predicting a steady-state solution that remains constant over time, but varies across different excitation frequencies. To this end, we created the Vibrating Plates dataset and benchmark and provide reference scores for several methods. Our Frequency-Query Operator method addresses the benchmark and achieves better results than the DeepONet and FNO baselines. We find that query-based approaches and the indirect prediction of a mean frequency response through predicted field quantities lead to better results. Surrogate models as shown in this work can greatly accelerate the prediction of physical quantities over the finite element method: Our models achieved a speed-up of around 4 to 6 orders of magnitude (see Appendix C), which makes tasks such as design optimization feasible. This efficiency, however, depends on the availability of enough pre-generated training data and requires model training. We further investigated effects of changing the composition of the training dataset and found that using less frequencies per plate and more different plates positively impacts prediction accuracy.", "section": "Conclusion", "sec_num": "6"}, {"text": "Limitations and future work. Our dataset and method serve as an initial step in the development of surrogate models for vibration prediction. The dataset focuses on plates, a common geometric primitive used in a great number of applications. However, many structures beyond plates exist, involving curved shells, multi-component geometries and complex material parameters. While some results from our study might transfer to these cases, more flexible architectures, able to deal with 3D data, would be needed. Different mechanical models, might also produce more complex frequency responses with e.g. more closely spaced modes, making the prediction task more challenging. As more complex geometries incur higher computational costs of FEM simulations, key questions are how to enhance sample-efficiency further, for example through transfer learning. A further limitation is the manufacturability of the considered beading patterns. The plate beadings could in principle be manufactured by deep drawing of sheet metal, but would require specifically designed stamps.", "section": "Conclusion", "sec_num": "6"}, {"text": "2353: Daring More Intelligence -Design Assistants in Mechanics and Dynamics'. The authors gratefully acknowledge the computing time made available to them on the high-performance computers HLRN-IV at GWDG at the NHR Centers NHR@G\u00f6ttingen. These centers are jointly supported by the German Federal Ministry of Education and Research and the German state governments participating in the NHR (www.nhr-verein.de/unsere-partner).", "section": "Conclusion", "sec_num": "6"}, {"text": "In the following, we give a technical description of the mechanical model that is applied to generate the datasets. For moderately thin plates, the plate theory by Mindlin is a valid differential equation [18] :", "section": "A.1 The Mechanical Model", "sec_num": null}, {"text": "B \u2207 4 u z -\u03c9 2 \u03c1 s h u z + \u03c9 2 B\u03c1 s G + \u03c1 s I \u2207 2 u z + \u03c9 4 I \u03c1 2 s G u z = p l", "section": "A.1 The Mechanical Model", "sec_num": null}, {"text": "This equation is combined with a disc formulation for in-plane loads in order to receive a shell formulation for the mechanical description of arbitrarily formed moderately thin structures considering in-plane and transverse loads. The plate part is the dominating and important part for resolving bending waves. In the equation, u z denotes the normal displacement of the plate structure as degree of freedom of interest. B represents the bending stiffness, \u03c1 s the density, h the thickness, G the shear modulus and I the moment of inertia. The angular frequency \u03c9 is defined as \u03c9 = 2\u03c0f . The right hand-side excitation p l describes an applied pressure load, which is converted to point forces through integration. As boundary conditions we apply homogeneous dirichlet boundary conditions, i.e. u z (x) = 0 on the boundary and include a rotational stiffness at the boundary to model different boundary conditions, ranging from free rotating to clamped plates. The equation is transformed into a weak integral formulation by weighted residuals, discretized using finite elements and integrated numerically. In particular, we use triangular shell elements with 3 nodes and linear ansatz functions.", "section": "A.1 The Mechanical Model", "sec_num": null}, {"text": "The integration delivers the sparse linear system of equations. This linear system is solved using the direct solver MUMPS [72] with a specialized FEM implementation for acoustics [24] . The discretization is chosen, such that the bending waves are resolved with a minimum of 10 nodes. The bending wave length \u03bb B of a plate can be calculated by", "section": "A.1 The Mechanical Model", "sec_num": null}, {"text": "\u03bb B = 2\u03c0 f 4 Et 2 12(1 -\u03bd 2 )\u03c1", "section": "A.1 The Mechanical Model", "sec_num": null}, {"text": ",", "section": "A.1 The Mechanical Model", "sec_num": null}, {"text": "where E is the Young's modulus, t the thickness, \u03bd the Poisson ratio and \u03c1 the density of the plate. The final discretization is set to 181 \u00d7 121 for G-5000 and 121 \u00d7 81 for V-5000, which is sufficient for convergence.", "section": "A.1 The Mechanical Model", "sec_num": null}, {"text": "The exact physical setting and variation of our mechanical model to form the V-5000 and G-5000 datasets are given in Table 4 , Table 6 and Table 5 . Both dataset settings contain 6000 samples, each consisting of a plate geometry with associated physical and material parameters and the computed velocity fields V(f ) and frequency response F(f ) for frequencies f 1 to 300 Hz. 1000 samples from the 6000 samples are selected as a test dataset and not considered during neural network training or validation. Computing a single sample out of the 6000 samples takes 2 minutes and 19 seconds on a machine with a 2 Ghz CPU (20 physical cores). For the G-5000 dataset, the geometry, material, boundary condition and loading parameters are varied. The effect of two of the material parameters is visualized in Figure 7 . Increasing the damping reduces amplitudes at resonance peaks but does not shift the overall form of the frequency response.", "section": "A.2 Datasets", "sec_num": null}, {"text": "Increasing the thickness increases the overall stiffness and shifts resonance peaks towards higher frequencies in a less regular manner. For boundary condition variation, we include one rotational stiffness parameter, which models the rotational stiffness along the x-axis at the lower and upper edge and along the y-axis at the left and right edge. The rotational stiffness is added at the respective rotational degree of freedom at the boundaries and varied as given in Table 6 . Increasing the damping reduces the amplitudes at the resonance peaks. Increasing the plate thickness increases the stiffness of the plate and thus shifts the resonance peaks towards higher frequencies", "section": "A.2 Datasets", "sec_num": null}, {"text": "We provide examples of the find peak operation which serves as the basis for the peak frequency error on ground truth (Fig. 8 ) and predictions (Fig. 9 , using a kNN baseline) and visualize the matched peaks for calculating the peak frequency error (Fig. 10 ). Note that find peaks is run with the prominence threshold set to 0.5 meaning that the peak must be at least 0.5 units higher than their surroundings. ", "section": "B Metrics -Peak Frequency Error", "sec_num": null}, {"text": "In the following, our neural network architectures and the training procedure are described. The training and neural networks can be reproduced based on the publicly available code repository. To give an overall impression of the employed models, Table 7 gives an overview of the number of parameters and the speed for a forward pass prediction. Predicting F(f ) directly: FQO-RN18 and FQO-ViT. To directly predict the frequency response instead of predicting the velocity fields and then transforming it to the frequency response, we use a ResNet [31] and a vision transformer (ViT) [32] as geometry encoders. For the ResNet, we opt for the ResNet18 backbone. We replace batch normalization with layer normalization [35] , as we found this to work substantially better. In addition, we employ the vision transformer (ViT) architecture [32] . The ViT supports interactions across different image regions in early layers. We use a variation of the ViT-Base configuration with a reduced token size of 192, an intermediate size of 768 and three attention heads. For both the RN18 and the ViT encoder, we obtain the d-dimensional global feature x through average pooling from the last feature map or the encoded tokens. Scalar parameters are introduced the encoding by a film layer. As a decoder, we employ an MLP. The MLP r takes both x and a scalar frequency value f as input to predict the response for that specific query frequency, i.e. r(x, f ) \u2208 R. The frequency query is introduced by a film layer to x. By querying the decoder with all frequencies individually, we obtain results for the frequency band between 1 and 300 Hz. The MLP has six hidden layers with 512 dimensions each and ReLU activation functions.", "section": "C Architectures", "sec_num": null}, {"text": "Predicting F(f ) through the velocity field V(f ): FQO-UNet. To predict V(f ) instead of directly predicting F(f ), we employ a UNet. The plate geometry is encoded by the UNet encoder and the scalar material parameters are introduced before the last contraction block of the UNet. A frequency query is introduced after the encoder again by a film layer and the decoder then produces predictions of size 40 \u00d7 60, which is sufficient to capture the structure and modes of the velocity fields. Since the decoder has to be evaluated for each frequency query individually, we opt to map to predictions for five velocity fields per query. The UNet consists of three contraction blocks, two spatial-shape-preserving blocks and two expansion blocks. Additionally, two self-attention layers are included in the encoder and one self attention layer in the decoder. To ensure global features are included in the full feature volume after the encoder, adaptive average pooling is applied to the feature volume and the result is concatenated to the feature volume.", "section": "C Architectures", "sec_num": null}, {"text": "To provide a direct comparison to the query-based approach, two methods that predict all frequency responses at once are tested.", "section": "C.2 Grid-based Methods", "sec_num": null}, {"text": "Grid-RN18. The same RN18 is used to generate a global feature x as in the FQO-RN18. Given x, an MLP r predicts the frequency response on a fixed 1 Hz interval grid, with r(x) \u2208 R 300 . We employ six hidden layers with 512 dimensions each and ReLU activations.", "section": "C.2 Grid-based Methods", "sec_num": null}, {"text": "Grid-based U-Net. For the grid-based U-Net we also employ the same architecture as for the query-variation but double the number of channels to account for the larger number of predictions that the network has to produce at once. The U-Net is trained to predict all 300 velocity fields at once.", "section": "C.2 Grid-based Methods", "sec_num": null}, {"text": "RN18 + Fourier Neural Operator (FNO). A 1d FNO as constructed by [15] takes as input x processed by a linear layer to size 300, the number of frequencies to be predicted. We keep 32 modes and use eight FNO blocks with 128 hidden channels.", "section": "C.3 Baseline Methods", "sec_num": null}, {"text": "DeepONet. We further test a DeepONet with the RN18 as branch network and as trunk network, a four layer MLP of width 128 and 512 as output width to match the size of x. The trunk network processes the frequency queries and is then combined with x to produce the prediction [11, 66] . Note, the RN18 branch network is the same as the encoder of the FQO-RN18.", "section": "C.3 Baseline Methods", "sec_num": null}, {"text": "The FNO takes as input the geometry interpolated to the resolution 40\u00d760. The 2d FNO then consists of eight FNO blocks with 128 hidden channels and finally 300 output channels to map to the 300 velocity fields in this resolution. In the FNO blocks, 32 modes are preserved after the Fourier transform. Scalar parameters are introduced by a film layer after the first FNO block.", "section": "FNO (velocity fields).", "sec_num": null}, {"text": "We further test a k-Nearest Neighbors algorithm as a baseline, which predicts the frequency response of a plate as the mean frequency response of the k closest plates in the training set. To determine the distance between different plate designs, we use the cosine distance on the 96-dimensional latent space of a convolutional autoencoder [73] trained on the beading pattern geometries. The normalized scalar properties are appended to the latent space to include them. To obtain a prediction, the frequency responses of the k neighbors are averaged and the optimal k in the range [1, 25] is empirically determined to minimize the MSE. Determining the nearest neighbors directly in the geometry space was tried out, but yielded worse results.", "section": "C.4 k-Nearest Neighbors (k-NN)", "sec_num": null}, {"text": "The networks are trained using the AdamW optimizer [74] , with \u03b2 = [0.9, 0.99] and weight decay set to 0.00005. We further choose a cosine learning rate schedule with a warm-up period [75] of 50 epochs. The maximum learning rate is set to 0.001, except for the UNet and ViT architectures, for which it is set to 0.0005. In total, the networks are trained for 500 epochs. As a validation set, 500 samples from the training dataset are set and excluded from the training and the checkpoint with the lowest MSE on these samples is selected. We report evaluation results on the previously unseen test set.", "section": "C.5 Training", "sec_num": null}, {"text": "Compute resources. All trainings reported in this work were computed on a cluster with single A100 GPUs. The most resource intense training run took roughly 1d and 16h on a single A100 GPU and was the ablation of the number of channels with the highest scaling factor for the FQO-UNet method detailed in Section D. All other training runs with the FQO-UNet were completed in less than 24h. The trainings for the other methods were substantially shorter with i.e. the Grid-UNet finishing training in roughly 2h -3h and likewise the FNO (velocity field) method. The roughly 20 to 30 training runs for the FQO-UNet dominate the required compute resources. We estimate that it took in total 1 A100 for 30 days. In addition, preliminary and failed experiments required further computational resources.", "section": "C.5 Training", "sec_num": null}, {"text": "We provide ablation results for the loss function for training methods that predict the velocity field. We consider the loss function L total = \u03b1L V + (1 -\u03b1)L F and provide results in Table 8 . This ablation was performed with training batches consisting of 300 frequencies per geometry, instead of a subset. We find that the loss on the velocity field prediction L V is more important than the loss on the frequency response. We provide ablation results on the number of channels in the FQO-UNet and Grid-UNet architectures in Table 9 . For the FQO-UNet, this ablation was performed with training batches consisting of 300 frequencies per geometry, instead of a subset. We find that increasing the number of channels did not lead to a perfomance improvement for the Grid-UNet and leads to marginal further improvements for the FQO-UNet architecture. ", "section": "D Ablations", "sec_num": null}, {"text": "To provide full baseline results for the training with a reduced amount of samples, we refer to Table 10 .", "section": "E.1 Sample Efficiency", "sec_num": null}, {"text": "Table 10 : Test results for different training dataset sizes for both settings, V-5000 and G-5000.", "section": "E.1 Sample Efficiency", "sec_num": null}, {"text": "V-5000 G-5000 Full results on training with different ratios of frequencies and geometries are provided in Table 11 . ", "section": "E.1 Sample Efficiency", "sec_num": null}, {"text": "EMSE", "section": "E.1 Sample Efficiency", "sec_num": null}, {"text": "To provide a notion of the variability of the results for different training runs, we performed four trainings for the FQO-UNet with different initial seeds and different random splits in training and validation set. These trainings were performed with training batches consisting of all 300 frequencies per geometry, instead of a subset. In Table 12 we report evaluation results on the respective validation sets and on the unseen test set and observe only modest variation. Answer: [NA] Justification: This paper does not include theoretical results, as it mainly deals with applicational issues.", "section": "E.2 Multiple Trainings with Random Splits", "sec_num": null}, {"text": "\u2022 The answer NA means that the paper does not include theoretical results.", "section": "Guidelines:", "sec_num": null}, {"text": "\u2022 All the theorems, formulas, and proofs in the paper should be numbered and crossreferenced. \u2022 All assumptions should be clearly stated or referenced in the statement of any theorems. \u2022 The proofs can either appear in the main paper or the supplemental material, but if they appear in the supplemental material, the authors are encouraged to provide a short proof sketch to provide intuition. \u2022 Inversely, any informal proof provided in the core of the paper should be complemented by formal proofs provided in appendix or supplemental material. \u2022 Theorems and Lemmas that the proof relies upon should be properly referenced.", "section": "Guidelines:", "sec_num": null}, {"text": "Question: Does the paper fully disclose all the information needed to reproduce the main experimental results of the paper to the extent that it affects the main claims and/or conclusions of the paper (regardless of whether the code and data are provided or not)?", "section": "Experimental Result Reproducibility", "sec_num": "4."}, {"text": "Answer: [Yes] Justification: Experimental reproducibility is guaranteed by providing code and data. Further, we included several sections in the appendix, giving concrete architectural and training details and describing the simulation setup to obtain our dataset. Evaluating design optimization results requires proprietary Finite-Element simulation software.", "section": "Experimental Result Reproducibility", "sec_num": "4."}, {"text": "\u2022 The answer NA means that the paper does not include experiments.", "section": "Guidelines:", "sec_num": null}, {"text": "\u2022 If the paper includes experiments, a No answer to this question will not be perceived well by the reviewers: Making the paper reproducible is important, regardless of whether the code and data are provided or not. \u2022 If the contribution is a dataset and/or model, the authors should describe the steps taken to make their results reproducible or verifiable. \u2022 Depending on the contribution, reproducibility can be accomplished in various ways.", "section": "Guidelines:", "sec_num": null}, {"text": "For example, if the contribution is a novel architecture, describing the architecture fully might suffice, or if the contribution is a specific model and empirical evaluation, it may be necessary to either make it possible for others to replicate the model with the same dataset, or provide access to the model. In general. releasing code and data is often one good way to accomplish this, but reproducibility can also be provided via detailed instructions for how to replicate the results, access to a hosted model (e.g., in the case of a large language model), releasing of a model checkpoint, or other means that are appropriate to the research performed. \u2022 While NeurIPS does not require releasing code, the conference does require all submissions to provide some reasonable avenue for reproducibility, which may depend on the nature of the contribution. For example (a) If the contribution is primarily a new algorithm, the paper should make it clear how to reproduce that algorithm. (b) If the contribution is primarily a new model architecture, the paper should describe the architecture clearly and fully. (c) If the contribution is a new model (e.g., a large language model), then there should either be a way to access this model for reproducing the results or a way to reproduce the model (e.g., with an open-source dataset or instructions for how to construct the dataset). (d) We recognize that reproducibility may be tricky in some cases, in which case authors are welcome to describe the particular way they provide for reproducibility.", "section": "Guidelines:", "sec_num": null}, {"text": "In the case of closed-source models, it may be that access to the model is limited in some way (e.g., to registered users), but it should be possible for other researchers to have some path to reproducing or verifying the results.", "section": "Guidelines:", "sec_num": null}, {"text": "Question: Does the paper provide open access to the data and code, with sufficient instructions to faithfully reproduce the main experimental results, as described in supplemental material?", "section": "Open access to data and code", "sec_num": "5."}, {"text": "Answer: [Yes] Justification: The link to code and data is included directly in the abstract. It is https: //github.com/ecker-lab/Learning_Vibrating_Plates Guidelines:", "section": "Open access to data and code", "sec_num": "5."}, {"text": "\u2022 The answer NA means that paper does not include experiments requiring code. Guidelines:", "section": "Open access to data and code", "sec_num": "5."}, {"text": "\u2022 The answer NA means that the paper does not include experiments.", "section": "Open access to data and code", "sec_num": "5."}, {"text": "\u2022 The experimental setting should be presented in the core of the paper to a level of detail that is necessary to appreciate the results and make sense of them. \u2022 The full details can be provided either with the code, in appendix, or as supplemental material.", "section": "Open access to data and code", "sec_num": "5."}, {"text": "Question: Does the paper report error bars suitably and correctly defined or other appropriate information about the statistical significance of the experiments?", "section": "Experiment Statistical Significance", "sec_num": "7."}, {"text": "Answer: [Yes] Justification: In Appendix E.2 mean and standard deviation results for four training runs with different seeds and training and validation splits are reported, giving a notion of variability.", "section": "Experiment Statistical Significance", "sec_num": "7."}, {"text": "Guidelines:", "section": "Experiment Statistical Significance", "sec_num": "7."}, {"text": "\u2022 The answer NA means that the paper does not include experiments.", "section": "Experiment Statistical Significance", "sec_num": "7."}, {"text": "\u2022 The authors should answer \"Yes\" if the results are accompanied by error bars, confidence intervals, or statistical significance tests, at least for the experiments that support the main claims of the paper. \u2022 The factors of variability that the error bars are capturing should be clearly stated (for example, train/test split, initialization, random drawing of some parameter, or overall run with given experimental conditions). \u2022 The method for calculating the error bars should be explained (closed form formula, call to a library function, bootstrap, etc.) \u2022 The assumptions made should be given (e.g., Normally distributed errors). \u2022 It should be clear whether the error bar is the standard deviation or the standard error of the mean. \u2022 It is OK to report 1-sigma error bars, but one should state it. The authors should preferably report a 2-sigma error bar than state that they have a 96% CI, if the hypothesis of Normality of errors is not verified. \u2022 For asymmetric distributions, the authors should be careful not to show in tables or figures symmetric error bars that would yield results that are out of range (e.g. negative error rates). \u2022 If error bars are reported in tables or plots, The authors should explain in the text how they were calculated and reference the corresponding figures or tables in the text.", "section": "Experiment Statistical Significance", "sec_num": "7."}, {"text": "Question: For each experiment, does the paper provide sufficient information on the computer resources (type of compute workers, memory, time of execution) needed to reproduce the experiments?", "section": "Experiments Compute Resources", "sec_num": "8."}, {"text": "Answer: [Yes] Justification: Information on compute resources for deep learning is provided in Section C.5. Information on compute resources for the dataset generation is provided in Section A.2.", "section": "Experiments Compute Resources", "sec_num": "8."}, {"text": "Guidelines:", "section": "Experiments Compute Resources", "sec_num": "8."}, {"text": "\u2022 The answer NA means that the paper does not include experiments.", "section": "Experiments Compute Resources", "sec_num": "8."}, {"text": "\u2022 The paper should indicate the type of compute workers CPU or GPU, internal cluster, or cloud provider, including relevant memory and storage. \u2022 The paper should provide the amount of compute required for each of the individual experimental runs as well as estimate the total compute. \u2022 The paper should disclose whether the full research project required more compute than the experiments reported in the paper (e.g., preliminary or failed experiments that didn't make it into the paper).", "section": "Experiments Compute Resources", "sec_num": "8."}, {"text": "Question: Does the research conducted in the paper conform, in every respect, with the NeurIPS Code of Ethics https://neurips.cc/public/EthicsGuidelines?", "section": "Code Of Ethics", "sec_num": "9."}, {"text": "Justification: Our research conforms with the Code of Ethics.", "section": "Answer: [Yes]", "sec_num": null}, {"text": "Guidelines:", "section": "Answer: [Yes]", "sec_num": null}, {"text": "\u2022 The answer NA means that the authors have not reviewed the NeurIPS Code of Ethics.", "section": "Answer: [Yes]", "sec_num": null}, {"text": "\u2022 If the authors answer No, they should explain the special circumstances that require a deviation from the Code of Ethics. \u2022 The authors should make sure to preserve anonymity (e.g., if there is a special consideration due to laws or regulations in their jurisdiction).", "section": "Answer: [Yes]", "sec_num": null}, {"text": "Question: Does the paper discuss both potential positive societal impacts and negative societal impacts of the work performed?", "section": "Broader Impacts", "sec_num": "10."}, {"text": "Answer: [NA] Justification: Including deep learning in the engineering pipeline for actual applications is at a very preliminary stage.", "section": "Broader Impacts", "sec_num": "10."}, {"text": "Guidelines:", "section": "Broader Impacts", "sec_num": "10."}, {"text": "\u2022 The answer NA means that there is no societal impact of the work performed.", "section": "Broader Impacts", "sec_num": "10."}, {"text": "\u2022 If the authors answer NA or No, they should explain why their work has no societal impact or why the paper does not address societal impact. \u2022 Examples of negative societal impacts include potential malicious or unintended uses (e.g., disinformation, generating fake profiles, surveillance), fairness considerations (e.g., deployment of technologies that could make decisions that unfairly impact specific groups), privacy considerations, and security considerations. \u2022 The conference expects that many papers will be foundational research and not tied to particular applications, let alone deployments. However, if there is a direct path to any negative applications, the authors should point it out. For example, it is legitimate to point out that an improvement in the quality of generative models could be used to generate deepfakes for disinformation. On the other hand, it is not needed to point out that a generic algorithm for optimizing neural networks could enable people to train models that generate Deepfakes faster. \u2022 The authors should consider possible harms that could arise when the technology is being used as intended and functioning correctly, harms that could arise when the technology is being used as intended but gives incorrect results, and harms following from (intentional or unintentional) misuse of the technology. \u2022 If there are negative societal impacts, the authors could also discuss possible mitigation strategies (e.g., gated release of models, providing defenses in addition to attacks, mechanisms for monitoring misuse, mechanisms to monitor how a system learns from feedback over time, improving the efficiency and accessibility of ML).", "section": "Broader Impacts", "sec_num": "10."}, {"text": "Question: Does the paper describe safeguards that have been put in place for responsible release of data or models that have a high risk for misuse (e.g., pretrained language models, image generators, or scraped datasets)?", "section": "Safeguards", "sec_num": "11."}, {"text": "Answer: [NA] Justification: Our data and models do not have a high risk for misuse.", "section": "Safeguards", "sec_num": "11."}, {"text": "Guidelines:", "section": "Safeguards", "sec_num": "11."}, {"text": "\u2022 The answer NA means that the paper poses no such risks.", "section": "Safeguards", "sec_num": "11."}, {"text": "\u2022 Released models that have a high risk for misuse or dual-use should be released with necessary safeguards to allow for controlled use of the model, for example by requiring that users adhere to usage guidelines or restrictions to access the model or implementing safety filters. \u2022 Datasets that have been scraped from the Internet could pose safety risks. The authors should describe how they avoided releasing unsafe images. \u2022 We recognize that providing effective safeguards is challenging, and many papers do not require this, but we encourage authors to take this into account and make a best faith effort.", "section": "Safeguards", "sec_num": "11."}, {"text": "12. Licenses for existing assets Question: Are the creators or original owners of assets (e.g., code, data, models), used in the paper, properly credited and are the license and terms of use explicitly mentioned and properly respected?", "section": "Safeguards", "sec_num": "11."}, {"text": "Answer: [NA] Justification: This work does not use existing assets, save for publically available codebases like pytorch.", "section": "Safeguards", "sec_num": "11."}, {"text": "Guidelines:", "section": "Safeguards", "sec_num": "11."}, {"text": "\u2022 The answer NA means that the paper does not use existing assets.", "section": "Safeguards", "sec_num": "11."}, {"text": "\u2022 The authors should cite the original paper that produced the code package or dataset.", "section": "Safeguards", "sec_num": "11."}, {"text": "Guidelines:", "section": "Safeguards", "sec_num": "11."}, {"text": "\u2022 The answer NA means that the paper does not involve crowdsourcing nor research with human subjects. \u2022 Depending on the country in which research is conducted, IRB approval (or equivalent) may be required for any human subjects research. If you obtained IRB approval, you should clearly state this in the paper. \u2022 We recognize that the procedures for this may vary significantly between institutions and locations, and we expect authors to adhere to the NeurIPS Code of Ethics and the guidelines for their institution. \u2022 For initial submissions, do not include any information that would break anonymity (if applicable), such as the institution conducting the review.", "section": "Safeguards", "sec_num": "11."}], "back_matter": [{"text": "Acknowledgements. This research is funded by the Deutsche Forschungsgemeinschaft (DFG, German Research Foundation), project number 501927736, within the DFG Priority Programme", "section": "acknowledgement", "sec_num": null}, {"text": "Question: Do the main claims made in the abstract and introduction accurately reflect the paper's contributions and scope? Answer: [Yes] Justification: This paper introduces a dataset and method for predicting vibrations of plates. This is communicated in the abstract and introduction. Guidelines:\u2022 The answer NA means that the abstract and introduction do not include the claims made in the paper. \u2022 The abstract and/or introduction should clearly state the claims made, including the contributions made in the paper and important assumptions and limitations. A No or NA answer to this question will not be perceived well by the reviewers. \u2022 The claims made should match theoretical and experimental results, and reflect how much the results can be expected to generalize to other settings. \u2022 It is fine to include aspirational goals as motivation as long as it is clear that these goals are not attained by the paper.", "section": "Claims", "sec_num": "1."}, {"text": "Question: Does the paper discuss the limitations of the work performed by the authors? Answer: [Yes] Justification: We included a limitations paragraph, detailing the limitation in scope of our data as well as our method. Computational efficiency is also discussed and numerical values are given in the Appendix. Guidelines:\u2022 The answer NA means that the paper has no limitation while the answer No means that the paper has limitations, but those are not discussed in the paper. \u2022 The authors are encouraged to create a separate \"Limitations\" section in their paper.\u2022 The paper should point out any strong assumptions and how robust the results are to violations of these assumptions (e.g., independence assumptions, noiseless settings, model well-specification, asymptotic approximations only holding locally). The authors should reflect on how these assumptions might be violated in practice and what the implications would be. \u2022 The authors should reflect on the scope of the claims made, e.g., if the approach was only tested on a few datasets or with a few runs. In general, empirical results often depend on implicit assumptions, which should be articulated. \u2022 The authors should reflect on the factors that influence the performance of the approach. For example, a facial recognition algorithm may perform poorly when image resolution is low or images are taken in low lighting. Or a speech-to-text system might not be used reliably to provide closed captions for online lectures because it fails to handle technical jargon. \u2022 The authors should discuss the computational efficiency of the proposed algorithms and how they scale with dataset size. \u2022 If applicable, the authors should discuss possible limitations of their approach to address problems of privacy and fairness. \u2022 While the authors might fear that complete honesty about limitations might be used by reviewers as grounds for rejection, a worse outcome might be that reviewers discover limitations that aren't acknowledged in the paper. The authors should use their best judgment and recognize that individual actions in favor of transparency play an important role in developing norms that preserve the integrity of the community. Reviewers will be specifically instructed to not penalize honesty concerning limitations.", "section": "Limitations", "sec_num": "2."}, {"text": "Question: For each theoretical result, does the paper provide the full set of assumptions and a complete (and correct) proof?\u2022 The authors should state which version of the asset is used and, if possible, include a URL. \u2022 The name of the license (e.g., CC-BY 4.0) should be included for each asset.\u2022 For scraped data from a particular source (e.g., website), the copyright and terms of service of that source should be provided. \u2022 If assets are released, the license, copyright information, and terms of use in the package should be provided. For popular datasets, paperswithcode.com/datasets has curated licenses for some datasets. Their licensing guide can help determine the license of a dataset. \u2022 For existing datasets that are re-packaged, both the original license and the license of the derived asset (if it has changed) should be provided. ", "section": "Theory Assumptions and Proofs", "sec_num": "3."}], "ref_entries": {"FIGREF0": {"uris": null, "text": "CC-BY-SA 4, Hans Haase CC-BY 2, Simon W\u00fcllhorst", "type_str": "figure", "num": null, "fig_num": null}, "FIGREF1": {"uris": null, "text": "Figure 1: Left: We introduce the Vibrating Plates dataset of 12,000 samples for predicting vibration patterns based on plate geometries. A harmonic force excites the plates, causing them to vibrate. The vibration patterns of the plates are obtained through numerical simulation. Diverse architectures are evaluated on the dataset. Right: Beadings are indentations and used in many vibrating technical systems. Here, on an oil filter, a washing machine and a disk drive. They increase the structural stiffness and alter the vibration.", "type_str": "figure", "num": null, "fig_num": "1"}, "FIGREF2": {"uris": null, "text": "Figure 3: Dataset analysis. (a) shows two discretized plate geometries with their corresponding frequency response, the red crosses mark the detected peaks. (b) shows the mean plate design and frequency response. (c) shows number of peaks in different dataset settings. (d) shows the distribution of the peaks over the frequencies.", "type_str": "figure", "num": null, "fig_num": "3"}, "FIGREF3": {"uris": null, "text": "(a) Plate Geometry (b) Frequency Response Prediction (c) Ground Truth Velocity Field at f (d) Predicted Velocity Field at f (e) Reducing the Dataset Size (f) Using less Freqs. per Plate", "type_str": "figure", "num": null, "fig_num": null}, "FIGREF4": {"uris": null, "text": "Figure 5: Results. (b) to (d) show the velocity field at one frequency and prediction for the plate geometry in (a) from FQO-UNet. (e) shows the test MSE for training two methods with reduced numbers of samples from V-5000. (f) shows effects of different data generation strategies. The blue line is an isoconture for a fixed compute budget of 150,000 data points, with varying number of frequencies per plate geometry. The green star represents using a larger dataset at 15 frequencies per plate (half of V-5000). The red cross represents a model trained on V-5000. Training with fewer frequencies per plate is more efficient.", "type_str": "figure", "num": null, "fig_num": "5"}, "FIGREF5": {"uris": null, "text": "Figure 6: Design optimization. Exemplary generation result with lowest mean response between 100 Hz and 200 Hz out of 32 generations (left, mean response below). Plate with lowest response out of all 5000 training examples from V-5000 (middle left). Comparison of responses from left plates (middle right). Responses from 16 generated plates (right).", "type_str": "figure", "num": null, "fig_num": "6"}, "FIGREF6": {"uris": null, "text": "Figure7: One-at-a-time parameter variation of the thickness parameter and the damping loss factor. Increasing the damping reduces the amplitudes at the resonance peaks. Increasing the plate thickness increases the stiffness of the plate and thus shifts the resonance peaks towards higher frequencies", "type_str": "figure", "num": null, "fig_num": "7"}, "FIGREF7": {"uris": null, "text": "Figure 8: Find peak results on random ground truth samples.", "type_str": "figure", "num": null, "fig_num": "8910"}, "FIGREF8": {"uris": null, "text": "velocity field for frequency 82 Predicted velocity field for frequency 107 Predicted velocity field for frequency 235 Geometry Actual velocity field for frequency 54 Actual velocity field for frequency 89 Actual velocity field for frequency velocity field for frequency 54 Predicted velocity field for frequency 89 Predicted velocity field for frequency 225 Geometry Actual velocity field for frequency 80 Actual velocity field for frequency 152 Actual velocity field for frequency velocity field for frequency 82 Predicted velocity field for frequency 151 Predicted velocity field for frequency 199 Geometry Actual velocity field for frequency 87 Actual velocity field for frequency 113 Actual velocity field for frequency velocity field for frequency 88 Predicted velocity field for frequency 112 Predicted velocity field for frequency 179", "type_str": "figure", "num": null, "fig_num": null}, "FIGREF9": {"uris": null, "text": "Figure 11: V-5000 example predictions. The velocity fields at the three peaks with the highest amplitude are shown. The plots are scaled with respect to the maximum velocity in the prediction and reference velocity field to make the differences in magnitude visible.", "type_str": "figure", "num": null, "fig_num": "11"}, "FIGREF10": {"uris": null, "text": "Figure 12: G-5000 example predictions. The velocity fields at the three peaks with the highest amplitude are shown. Empty axes indicates less than three peaks in the response. The plots are scaled with respect to the maximum velocity in the prediction and reference velocity field to make the differences in magnitude visible.", "type_str": "figure", "num": null, "fig_num": "12"}, "TABREF0": {"text": "Test results for frequency response prediction. Column VF indicates if F is indirectly predicted through the velocity field (Q3), column FQ indicates if frequency queries (Q1) are used. Q1 to Q3 refer to the model components described in Section 3.", "content": "<table><tr><td/><td/><td/><td colspan=\"2\">V-5000</td><td colspan=\"2\">G-5000</td><td/></tr><tr><td/><td colspan=\"6\">FQ VF EMSE EEMD EPEAKS EF EMSE EEMD EPEAKS</td><td>EF</td></tr><tr><td/><td/><td/><td>Baselines</td><td/><td/><td/><td/></tr><tr><td>k-NN</td><td>-</td><td>-</td><td>0.63 21.50</td><td>0.45</td><td>8.7 0.88 32.48</td><td>0.68</td><td>21.0</td></tr><tr><td>RN18 + FNO</td><td>-</td><td>-</td><td>0.42 10.76</td><td>0.34</td><td>5.6 0.28 14.12</td><td>0.21</td><td>6.1</td></tr><tr><td>DeepONet</td><td>\u2713</td><td>-</td><td>0.49 16.91</td><td>0.48</td><td>5.4 0.44 23.05</td><td>0.57</td><td>9.9</td></tr><tr><td>FNO (velocity field)</td><td>-</td><td>\u2713</td><td>0.47 13.10</td><td>0.36</td><td>6.3 0.49 21.16</td><td>0.39</td><td>10.7</td></tr><tr><td>Grid-RN18</td><td>-</td><td>-</td><td>0.44 13.29</td><td>0.36</td><td>5.4 0.30 14.95</td><td>0.26</td><td>6.5</td></tr><tr><td>FQO-RN18 (Q1)</td><td>\u2713</td><td>-</td><td>0.32 10.70</td><td>0.17</td><td>5.3 0.24 13.51</td><td>0.13</td><td>5.1</td></tr><tr><td>FQO-ViT (Q2)</td><td>\u2713</td><td>-</td><td>0.68 20.96</td><td>0.54</td><td>7.1 0.52 24.34</td><td>0.49</td><td>11.5</td></tr><tr><td>Grid-UNet</td><td>-</td><td>\u2713</td><td>0.19 7.57</td><td>0.24</td><td>2.7 0.17 9.41</td><td>0.14</td><td>4.6</td></tr><tr><td>FQO-UNet</td><td>\u2713</td><td>\u2713</td><td>0.08 4.24</td><td>0.07</td><td>1.7 0.11 7.47</td><td>0.08</td><td>3.1</td></tr></table>", "type_str": "table", "num": null, "html": null}, "TABREF1": {"text": "Transfer learning performance: We split V-5000 into two halves based on amount of beadings and evaluate transfer learning performance across these splits: training subset \u2192 test subset. The gray rows denote test results on the original subset that has been used for training.", "content": "<table><tr><td/><td>EMSE EEMD EPEAKS</td><td>EF</td><td>EMSE EEMD EPEAKS</td><td>EF</td></tr><tr><td colspan=\"2\">FQO-RN18 0.61 16.19 0.20</td><td>9.3</td><td>0.82 15.79 0.36</td><td>8.3</td></tr><tr><td>(origin)</td><td>0.33 10.48 0.18</td><td>5.0</td><td>0.42 12.00 0.29</td><td>5.8</td></tr><tr><td colspan=\"2\">FQO-UNet 0.39 11.17 0.21</td><td>5.6</td><td>0.54 12.02 0.25</td><td>5.5</td></tr><tr><td>(origin)</td><td>0.18 8.68 0.19</td><td>2.6</td><td>0.17 7.83 0.13</td><td>3.0</td></tr></table>", "type_str": "table", "num": null, "html": null}, "TABREF2": {"text": "A FQO-UNet is trained in parallel on batches from V-5000 and G-5000 and evaluated on the G-5000 test set. Performance increases in all metrics.", "content": "<table><tr><td/><td>EMSE</td><td colspan=\"2\">EEMD EPEAKS</td><td>EF</td></tr><tr><td>G-5000</td><td colspan=\"2\">0.111 7.47</td><td>0.079</td><td>3.1</td></tr><tr><td colspan=\"3\">G-5000 + V-5000 0.093 6.97</td><td>0.071</td><td>2.9</td></tr></table>", "type_str": "table", "num": null, "html": null}, "TABREF4": {"text": "Dataset settings. Width is the width of lines and ellipses in mm. Properties. (prop.) involves plate size, thickness, material, boundary and loading properties.", "content": "<table><tr><td/><td/><td colspan=\"2\">Sample space</td><td/><td colspan=\"2\">Sample number</td></tr><tr><td>Setting</td><td colspan=\"3\">Prop. Lines Ellipses</td><td>Width</td><td>Train</td><td>Test</td></tr><tr><td>V-5000</td><td>fix</td><td>1 -3</td><td>0 -2</td><td colspan=\"2\">30 -70 5000</td><td>1000</td></tr><tr><td>G-5000</td><td>vary</td><td>1 -3</td><td>0 -2</td><td colspan=\"2\">40 -60 5000</td><td>1000</td></tr></table>", "type_str": "table", "num": null, "html": null}, "TABREF5": {"text": "Geometry and material parameters for V-5000 and G-5000 datasets.", "content": "<table><tr><td/><td/><td>Geometry</td><td/><td/><td colspan=\"2\">Material (Aluminum)</td><td/></tr><tr><td/><td>length</td><td>width</td><td>thickness</td><td>density</td><td>Young's mod.</td><td>Poisson ratio</td><td>loss factor</td></tr><tr><td>V-5000</td><td>0.9 m</td><td>0.6 m</td><td>0.003 m</td><td>2700 kg/m 3</td><td>7e10 N/m 2</td><td>0.3</td><td>0.02</td></tr><tr><td>G-5000</td><td>0.6 -0.9 m</td><td>0.4 -0.6 m</td><td>0.002 -0.004 m</td><td>2700 kg/m 3</td><td>7e10 N/m 2</td><td>0.3</td><td>0.01 -0.03</td></tr></table>", "type_str": "table", "num": null, "html": null}, "TABREF6": {"text": "Loading and boundary condition parameters for V-5000 and G-5000 datasets.", "content": "<table><tr><td/><td colspan=\"2\">Loading (Point force)</td><td>Boundary condition (rot. stiffness)</td></tr><tr><td/><td>x-position</td><td>y-position</td><td>cry/crx</td></tr><tr><td>V-5000</td><td>0.36 m</td><td>0.225 m</td><td>0.0 Nm</td></tr><tr><td>G-5000</td><td colspan=\"2\">0.18 -0.72 m 0.12 -0.48 m</td><td>0.0 -100 Nm</td></tr></table>", "type_str": "table", "num": null, "html": null}, "TABREF7": {"text": "Model size and speed comparison for a forward pass of a batch of 16 plate geometries on an A100 GPU. In comparison, solving one geometry via FEM takes 2 minutes and 19 seconds. The slowest deep learning method is then around 6000 times faster.", "content": "<table><tr><td/><td># weights in Mio</td><td>Time (s)</td></tr><tr><td>RN18 + FNO</td><td>11.8</td><td>0.014</td></tr><tr><td>DeepONet</td><td>11.3</td><td>0.005</td></tr><tr><td>FNO (velocity field)</td><td>134</td><td>0.008</td></tr><tr><td>Grid-RN18</td><td>12.9</td><td>0.005</td></tr><tr><td>FQO-RN18</td><td>12.7</td><td>0.005</td></tr><tr><td>FQO-ViT</td><td>9.28</td><td>0.013</td></tr><tr><td>Grid-UNet</td><td>27.9</td><td>0.010</td></tr><tr><td>FQO-UNet</td><td>7.1</td><td>0.338</td></tr><tr><td>FEM (20 CPU cores)</td><td>-</td><td>\u223c 2224.000</td></tr></table>", "type_str": "table", "num": null, "html": null}, "TABREF8": {"text": "Ablation of \u03b1 value for weighing loss on the predicted velocity field vs. predicted frequency response. Higher \u03b1 value indicates more weight on velocity field. 1 indicates only velocity field loss. The selected \u03b1 parameter is printed in bold.", "content": "<table><tr><td/><td/><td colspan=\"2\">V-5000</td><td/></tr><tr><td>\u03b1</td><td colspan=\"3\">EMSE EEMD EPEAKS</td><td>EF</td></tr><tr><td>0</td><td>0.25</td><td>8.02</td><td>0.15</td><td>4.4</td></tr><tr><td colspan=\"2\">0.5 0.15</td><td>5.52</td><td>0.11</td><td>2.9</td></tr><tr><td colspan=\"2\">0.9 0.09</td><td>3.90</td><td>0.08</td><td>1.8</td></tr><tr><td>1</td><td>0.09</td><td>4.00</td><td>0.07</td><td>1.8</td></tr></table>", "type_str": "table", "num": null, "html": null}, "TABREF9": {"text": "Ablation of number of channels of FQO-UNet and Grid-UNet. The number of channels is multiplied by a constant factor over the depth, named width. The selected width parameter is printed in bold.", "content": "<table><tr><td/><td/><td colspan=\"2\">V-5000</td><td/></tr><tr><td>width</td><td colspan=\"3\">EMSE EEMD EPEAKS</td><td>EF</td></tr><tr><td>FQO-UNet</td><td/><td/><td/><td/></tr><tr><td>16</td><td>0.12</td><td>5.00</td><td>0.09</td><td>2.2</td></tr><tr><td>32</td><td>0.09</td><td>3.90</td><td>0.08</td><td>1.8</td></tr><tr><td>64</td><td>0.08</td><td>3.82</td><td>0.07</td><td>1.8</td></tr><tr><td>Grid-UNet</td><td/><td/><td/><td/></tr><tr><td>16</td><td colspan=\"2\">0.31 11.44</td><td>0.31</td><td>3.9</td></tr><tr><td>32</td><td>0.24</td><td>8.56</td><td>0.25</td><td>3.3</td></tr><tr><td>64</td><td>0.19</td><td>7.57</td><td>0.24</td><td>2.7</td></tr><tr><td>128</td><td>0.24</td><td>8.17</td><td>0.21</td><td>3.7</td></tr></table>", "type_str": "table", "num": null, "html": null}, "TABREF11": {"text": "Data generation experiment.", "content": "<table><tr><td>V-5000</td></tr></table>", "type_str": "table", "num": null, "html": null}, "TABREF12": {"text": "4 models were trained on random splits in training and validation sets (4500 and 500 samples respectively). The results are denoted as mean [standard deviation].", "content": "<table><tr><td/><td/><td colspan=\"2\">V-5000</td><td/></tr><tr><td>Evaluation set</td><td>EMSE</td><td>EEMD</td><td>EPEAKS</td><td>EF</td></tr><tr><td>Validation set</td><td colspan=\"3\">0.096 [0.0023] 4.1 [0.072] 0.081 [0.0071]</td><td>2 [0.061]</td></tr><tr><td>Test set</td><td colspan=\"2\">0.094 [0.0031] 4.1 [0.091]</td><td>0.08 [0.003]</td><td>1.9 [0.096]</td></tr><tr><td>E.3 Visualizations</td><td/><td/><td/><td/></tr></table>", "type_str": "table", "num": null, "html": null}, "TABREF13": {"text": "\u2022 Please see the NeurIPS code and data submission guidelines (https://nips.cc/ public/guides/CodeSubmissionPolicy) for more details. \u2022 While we encourage the release of code and data, we understand that this might not be possible, so \"No\" is an acceptable answer. Papers cannot be rejected simply for not including code, unless this is central to the contribution (e.g., for a new open-source benchmark). \u2022 The instructions should contain the exact command and environment needed to run to reproduce the results. See the NeurIPS code and data submission guidelines (https: //nips.cc/public/guides/CodeSubmissionPolicy) for more details. \u2022 The authors should provide instructions on data access and preparation, including how to access the raw data, preprocessed data, intermediate data, and generated data, etc. \u2022 The authors should provide scripts to reproduce all experimental results for the new proposed method and baselines. If only a subset of experiments are reproducible, they should state which ones are omitted from the script and why. \u2022 At submission time, to preserve anonymity, the authors should release anonymized versions (if applicable).\u2022 Providing as much information as possible in supplemental material (appended to the paper) is recommended, but including URLs to data and code is permitted.", "content": "<table><tr><td>6. Experimental Setting/Details</td></tr><tr><td>Question: Does the paper specify all the training and test details (e.g., data splits, hyper-</td></tr><tr><td>parameters, how they were chosen, type of optimizer, etc.) necessary to understand the</td></tr><tr><td>results?</td></tr><tr><td>Answer: [Yes]</td></tr></table>", "type_str": "table", "num": null, "html": null}}}}