{"paper_id": "ParamRepulsor", "title": "Navigating the Effect of Parametrization for Dimensionality Reduction", "abstract": "Parametric dimensionality reduction methods have gained prominence for their ability to generalize to unseen datasets, an advantage that traditional approaches typically lack. Despite their growing popularity, there remains a prevalent misconception among practitioners about the equivalence in performance between parametric and non-parametric methods. Here, we show that these methods are not equivalent -parametric methods retain global structure but lose significant local details. To explain this, we provide evidence that parameterized approaches lack the ability to repulse negative pairs, and the choice of loss function also has an impact. Addressing these issues, we developed a new parametric method, ParamRepulsor, that incorporates Hard Negative Mining and a loss function that applies a strong repulsive force. This new method achieves state-of-the-art performance on local structure preservation for parametric methods without sacrificing the fidelity of global structural representation. Our code is available at https://github.com/hyhuang00/ParamRepulsor. * Equal contribution.\n38th Conference on Neural Information Processing Systems (NeurIPS 2024).\nWe provide essential background on Neighborhood Embedding (NE) methods and notation. We notate the high dimensional data as X = x 1 . . . x n \u2208 R D , where n is the number of data points, and D is the dimension. NE algorithms aim to preserve predefined high-dimensional similarities within a low-dimensional embedding to reveal the local and global structure of X. Specifically,", "pdf_parse": {"paper_id": "ParamRepulsor", "abstract": [{"text": "Parametric dimensionality reduction methods have gained prominence for their ability to generalize to unseen datasets, an advantage that traditional approaches typically lack. Despite their growing popularity, there remains a prevalent misconception among practitioners about the equivalence in performance between parametric and non-parametric methods. Here, we show that these methods are not equivalent -parametric methods retain global structure but lose significant local details. To explain this, we provide evidence that parameterized approaches lack the ability to repulse negative pairs, and the choice of loss function also has an impact. Addressing these issues, we developed a new parametric method, ParamRepulsor, that incorporates Hard Negative Mining and a loss function that applies a strong repulsive force. This new method achieves state-of-the-art performance on local structure preservation for parametric methods without sacrificing the fidelity of global structural representation. Our code is available at https://github.com/hyhuang00/ParamRepulsor. * Equal contribution.", "section": "Abstract", "sec_num": null}, {"text": "38th Conference on Neural Information Processing Systems (NeurIPS 2024).", "section": "Abstract", "sec_num": null}, {"text": "We provide essential background on Neighborhood Embedding (NE) methods and notation. We notate the high dimensional data as X = x 1 . . . x n \u2208 R D , where n is the number of data points, and D is the dimension. NE algorithms aim to preserve predefined high-dimensional similarities within a low-dimensional embedding to reveal the local and global structure of X. Specifically,", "section": "Abstract", "sec_num": null}], "body_text": [{"text": "Dimension reduction (DR) methods are incredibly useful for data analysis. They provide a bird's eye view of a dataset that shows clusters and their relationships. These algorithms have been used for examining and processing images [1] , text documents [2, 3] , and biological datasets [4] [5] [6] [7] [8] . The successes of modern DR methods can mostly be attributed to neighborhood embedding (NE), which is the basis for modern DR methods [9] including t-SNE, LargeVis, UMAP, and PaCMAP [10] [11] [12] [13] . These algorithms aim to optimize the low-dimensional layout of the data, such that the high dimensional local structure (i.e., neighborhoods) are preserved.", "section": "Introduction", "sec_num": "1"}, {"text": "A major weakness of existing NE algorithms is that they struggle with adaptability to large, incrementally updated datasets. These algorithms depend on a K-Nearest Neighbor graph, encompassing the entire dataset, to generate the embedding. Consequently, the introduction of new data necessitates a complete re-computation of the embedding, leading to significant time and computational resource demands for large datasets. Although recent adaptations have been developed to optimize only the additional data [14, 13] , these modifications potentially alter the original algorithm's objective function, thereby compromising the embedding's quality.", "section": "Introduction", "sec_num": "1"}, {"text": "Addressing these challenges, recent developments in combining neural networks with NE algorithms have shown promise. These algorithms maintain the same objectives as traditional NE methods but leverage neural networks to optimize the projection of high-dimensional data into lower-dimensional spaces [16] [17] [18] . The integration of neural networks allows these NE algorithms to be effectively trained on large datasets and generalize to unseen data. Throughout this paper, we refer to this class of algorithms as parametric algorithms. However, as shown in Fig. 1 , despite the similarity in loss Figure 1 : Dimensionality reduction results on the MNIST digit dataset [15] . Parametric methods (bottom row) fail to preserve the local structure of the dataset compared to their non-parametric counterparts (top row). Our method, ParamRepulsor, effectively resolves this problem via Hard Negative Mining. functions between the non-parametric and parametric versions, their outcomes are often completely different, and such difference has been largely overlooked by machine learning practitioners. This paper aims to illuminate and explain these differences, highlighting that parametrization often leads to worse local structure and visualization. Our investigation reveals that parameterized approaches lack the ability to identify cluster boundaries and separate negatives compared to nonparametric approaches. We further show that DR algorithms using Negative Sampling (NEG)-style loss functions exhibit greater adaptability to parametrization than others using Noise Contrastive Estimation (NCE) or InfoNCE loss. This observation is noteworthy as such discrepancies are not observed in nonparametric approaches.", "section": "Introduction", "sec_num": "1"}, {"text": "Building on these insights, we propose a novel parametric DR method that effectively mines hard negatives without relying on labels. Our approach incorporates additional repulsive forces, placing even greater emphasis on pairs we identify as hard negatives. This enhancement ensures better separation and structure preservation, significantly improving the performance of parametric DR. We select a loss function tailored for optimizing the parametric case, addressing local structure preservation. Our new DR algorithm, ParamRepulsor, approaches the performance of leading nonparametric methods while surpassing existing parametric approaches in preserving both local and global structure. It offers a functional mapping from high-to low-dimensional space, ensuring superior scalability, adaptability, and generalization to unseen data.", "section": "Introduction", "sec_num": "1"}, {"text": "To summarize, our contributions in this study are:", "section": "Introduction", "sec_num": "1"}, {"text": "\u2022 We conduct a comprehensive analysis of the impact of parametrization on the performance of DR methods, demonstrating that it may compromise local structure. Our findings attribute this issue to insufficient repulsive forces on negative pairs in the parametric setting. Notably, algorithms employing NEG-style loss functions (e.g., UMAP, PaCMAP) exhibit greater adaptability to parametrization than those using NCE-style loss functions (e.g., InfoNC-t-SNE, NCVis). \u2022 Inspired by contrastive learning, we propose ParamRepulsor, a new method that uses hard negative sampling to improve the handling of negative pairs, combined with a contrastive loss tailored for the parametric setting. ParamRepulsor is a novel, fast algorithm that achieves excellent local structure preservation while maintaining global structure.", "section": "Introduction", "sec_num": "1"}, {"text": "NE methods identify a mapping function f \u03b8 that constructs the corresponding low dimensional embedding Y = y 1 . . . y n \u2208 R d , where y i = f \u03b8 (x i ). We will use y i and f \u03b8 (x i ) interchangably. For nonparametric DR methods, the function f \u03b8 is not defined outside of x 1 , . . . , x n , though it is possible to interpolate. For visualization purposes, d is usually set to 2 or 3. Since the introduction of t-SNE [10] , these algorithms have become widely used due to their ability to identify clusters and manifolds within high-dimensional data. They typically have two stages:", "section": "Introduction", "sec_num": "1"}, {"text": "Similarity Construction Phase. For all pairs of points (i, j), their high-dimensional similarity, s ij , is captured by a similarity function \u03a6(x i , x j ) related to their distance. Due to the curse of dimensionality, the Euclidean distance metric fails to accurately represent distances along the data manifold in high-dimensional spaces [19] . A common solution to this issue is to only consider similarities between K nearest neighbors: s ij is set to be non-zero iff x i or x j are within the K nearest neighbors of each other, where K is a hyperparameter, usually 15-30.", "section": "Introduction", "sec_num": "1"}, {"text": "Embedding Optimization Phase. After constructing the graph, NE algorithms try to optimize a function f \u03b8 . The objective is encoded by a loss function L(\u03b8):", "section": "Introduction", "sec_num": "1"}, {"text": "EQUATION", "section": "Introduction", "sec_num": "1"}, {"text": "where L N N denotes the loss for i, j that are similar (among the K-nearest neighbors), and L F P denotes the loss for pairs that are not nearest neighbors in the high-dimensional space. Typically, L N N decreases when \u2225y i -y j \u2225 2 decreases, and L F P decreases when \u2225y i -y k \u2225 2 increases. Their gradients therefore act like forces that attract or repulse the N N or F P pairs, respectively.", "section": "Introduction", "sec_num": "1"}, {"text": "Relationship to Contrastive Learning. The similarity of the decomposition to self-supervised contrastive learning has recently been noted by [20, 18] . Specifically, loss functions of major NE algorithms can be considered as cases of Noise Contrastive Estimation (NCE) [21] , Info-Noise Contrastive Estimation (InfoNCE) [22] or Negative Sampling (NEG) [23] .", "section": "Introduction", "sec_num": "1"}, {"text": "Using the framework above, we dive into details of t-SNE [10] , NCVis [24] , UMAP [12] and PaCMAP [13] , which are four major recent NE algorithms.", "section": "Introduction", "sec_num": "1"}, {"text": "Both NCE-and InfoNCE-based approaches assume the high-dimensional data similarities (the s ij 's) follow an underlying data similarity pattern, represented by an unknown distribution p. These methods learn a function f \u03b8 that generates a similar low-dimensional similarity pattern, described by a distribution q, aiming to match p. q decreases as the pairwise distances in the low-dimensional space increase, though their exact relationship can vary. Since q represents a probability distribution, it must be normalized to ensure all possibilities sum up to 1. The only difference is that NCE uses a logistic loss, whereas InfoNCE uses a cross-entropy loss for the data distribution match.", "section": "NCE/InfoNCE-based: t-SNE and NCVis", "sec_num": "2.1"}, {"text": "Approximating p as a Bernoulli distribution [24] with value 1 for NN pairs and 0 for FP pairs. Assuming that for each step in the optimization, we optimize a batch that contains one NN pair and m FP pairs, q should minimize:", "section": "NCE/InfoNCE-based: t-SNE and NCVis", "sec_num": "2.1"}, {"text": "L N CE = -E ij\u2208N N,ikc=1...m / \u2208N N log q ij q ij + c=1...m q ikc -m log 1 - q ij q ij + c=1...m q ikc", "section": "NCE/InfoNCE-based: t-SNE and NCVis", "sec_num": "2.1"}, {"text": "(2)", "section": "NCE/InfoNCE-based: t-SNE and NCVis", "sec_num": "2.1"}, {"text": "EQUATION", "section": "NCE/InfoNCE-based: t-SNE and NCVis", "sec_num": "2.1"}, {"text": "t-SNE, the most popular NE algorithm, utilizes a loss defined over the full data set. The raw t-SNE loss is usually written as the KL-divergence between high-dimensional and low-dimensional conditional probability distributions p and q. Here, we separate the loss following [25, 13] . [18] notes that the exact values of the p ij 's have limited impact and can be treated as binary weights without impacting outcomes. To simplify the calculation and allow for mini-batch stochastic gradient descent, [18] rewrote this loss as an InfoNCE loss [22] . Denoting", "section": "NCE/InfoNCE-based: t-SNE and NCVis", "sec_num": "2.1"}, {"text": "d 2 (i, j) = \u2225f \u03b8 (x i ) -f \u03b8 (x j )\u2225 2 2 + 1 = \u2225y i -y j \u2225 2", "section": "NCE/InfoNCE-based: t-SNE and NCVis", "sec_num": "2.1"}, {"text": "2 + 1, the t-SNE loss function can be rewritten as an InfoNCE loss:", "section": "NCE/InfoNCE-based: t-SNE and NCVis", "sec_num": "2.1"}, {"text": "EQUATION", "section": "NCE/InfoNCE-based: t-SNE and NCVis", "sec_num": "2.1"}, {"text": "Following [18] , we call the mini-batch variant Info-NC-t-SNE. We will use it from now on since the vanilla t-SNE loss requires computing pairwise distances between all points in a dataset, and it is challenging to incorporate that into the mini-batch parametric DR framework.", "section": "NCE/InfoNCE-based: t-SNE and NCVis", "sec_num": "2.1"}, {"text": "NCVis [24] uses an NCE [21] loss. We denote the number of negative pairs in a batch as m, and set q ij = 1 d2(i,j) . The NCVis loss is:", "section": "NCE/InfoNCE-based: t-SNE and NCVis", "sec_num": "2.1"}, {"text": "L N CV is (\u03b8) = -E ij\u2208N N,ik1...m / \u2208N N \uf8eb \uf8ed log 1 1 + c=1...m d2(i,j) d2(i,kc) -m log \uf8eb \uf8ed 1 - 1 1 + c=1...m d2(i,j) d2(i,kc) \uf8f6 \uf8f8 \uf8f6 \uf8f8 .", "section": "NCE/InfoNCE-based: t-SNE and NCVis", "sec_num": "2.1"}, {"text": "(5) [18] provides a modern implementation for both algorithms. It also provides parametric versions that adopt multilayer perceptrons (MLP) with [100, 100, 100] hidden neurons and ReLU activation.", "section": "NCE/InfoNCE-based: t-SNE and NCVis", "sec_num": "2.1"}, {"text": "Negative Sampling (NEG) [23] simplifies the modeling process. Define q \u03b8 to be a similarity function in the low dimensional space:", "section": "NEG-based: UMAP", "sec_num": "2.2"}, {"text": "EQUATION", "section": "NEG-based: UMAP", "sec_num": "2.2"}, {"text": "UMAP [12] is a DR algorithm that utilizes the NEG loss [18] . Its loss function is", "section": "NEG-based: UMAP", "sec_num": "2.2"}, {"text": "EQUATION", "section": "NEG-based: UMAP", "sec_num": "2.2"}, {"text": "which is NEG with the similarity kernel", "section": "NEG-based: UMAP", "sec_num": "2.2"}, {"text": "q U M AP \u03b8 (i, j) = 1 d2(i,j)-1 .", "section": "NEG-based: UMAP", "sec_num": "2.2"}, {"text": "PaCMAP [13] is another recent DR algorithm that achieves high-quality data visualization. Compared to other NE algorithms, PaCMAP's loss function is designed to follow several mathematical design principles, but does not have a probabilistic explanation. The loss function (omitting the mid-near pairs term, as it is only relevant during the initial epochs, see Appendix D) is defined as follows:", "section": "PaCMAP", "sec_num": "2.3"}, {"text": "L ij\u2208N N = W N N d 2 (i, j) d 2 (i, j) + C 1 , L ik\u2208F P = W F P 1 d 2 (i, j) + C 2", "section": "PaCMAP", "sec_num": "2.3"}, {"text": "in which the W weights change based on the epoch, and C 1 and C 2 are set to 10 and 1, respectively.", "section": "PaCMAP", "sec_num": "2.3"}, {"text": "To study the effect of parametrization on DR algorithms, we extend the PaCMAP framework to incorporate an MLP to map the high-dimensional input to the low-dimensional embedding. We refer to the resulting parametric algorithm as ParamPaCMAP. Implementation details are in Appendix F..", "section": "PaCMAP", "sec_num": "2.3"}, {"text": "Machine learning practitioners have long believed that parametric NE algorithms behave similarly to their non-parametric counterparts [17, 18] . In this section, we investigate the performance of the aforementioned parametric and non-parametric versions of these algorithms. To understand the effect of parametrization more thoroughly, for each parametric DR method, we additionally implemented three new versions, using a neural network with 0 hidden layers (i.e., a linear model), 1 hidden layer, or 2 hidden layers as a projector. We fix the number of neurons for each layer to 100.", "section": "Effect of Parametrization on DR Results", "sec_num": "3"}, {"text": "Observation 1: Parametric NE algorithms typically lead to worse visual effects as well as worse local structure preservation. Our results indicate that parametric NE algorithms often fail to produce embeddings of the same quality as their non-parametric counterparts, even on simple datasets such as MNIST [15] . The non-parametric methods in the rightmost column of Fig. 2 are able to separate the clusters fairly well, but from the first four columns of Fig. 2 , we see that all four parametric algorithms generate clusters that are densely packed with indistinct boundaries, despite the fact that clusters in MNIST are actually separated. These blurred boundaries result in poorer preservation of local structure, with the possible exception of Parametric PaCMAP. [15] dataset generated by various DR methods with different numbers of hidden layers: 0 (Linear), 1, 2, or 3, or non-parametric variant. See Section 5.1 for details of SVM Acc. It is helpful to envision these images in black and white (without labels) to see when clusters would be difficult to visually separate. More datasets/methods can be found in App. C.", "section": "Effect of Parametrization on DR Results", "sec_num": "3"}, {"text": "The challenge of accurately preserving local structure is exacerbated in scenarios where ground truth labels are unknown, especially in large-scale biological and chemical data, where dimensionality reduction is widely used for data exploration. In these scenarios, users may struggle to identify potential clusters within the large, indistinct conglomerates produced by the NE algorithms.", "section": "Effect of Parametrization on DR Results", "sec_num": "3"}, {"text": "Figure 2 quantitatively evaluates the quality of the embedding via the SVM accuracy, which measures local structure preservation (described in Section 5.1.) Fig. 3 further quantifies the observation. Here, we sample three kinds of pairs from the points with labels \"3\" and \"8\" from the embedding, and calculate the pairwise distance for each kind of pair. NN denotes the pairs of points that are 10-nearest neighbors, and FP denotes pairs of points that are uniformly sampled from the population. MN denotes \"mid-near\" pairs that are further than NNs but still relatively close (detailed in Sec. 4.) For each embedding, we scale the distance with respect to the scale of the embedding, and calculate the ratio of the mean FP distance to NN distance, as well as the mean MN distance to NN distance. Our analysis reveals that, in comparison to the non-parametric methods, all the parametric counterparts (App. H.1) have a smaller FP distance ratio, meaning further pairs are positioned closer together, which explains the blurred boundaries between clusters. ", "section": "Effect of Parametrization on DR Results", "sec_num": "3"}, {"text": "ParamRepulsor Figure 3 : The low-dimensional scaled distance distribution between various types of point pairs with labels \"3\" and \"8\" in the embedding of the MNIST digit dataset [15] Observation 2: NE algorithms with NEG loss perform better when parameterized. A widely accepted explanation for the failure of small neural network projectors, such as those used here, is that they lack the capacity to capture the complexity of the data. While adding more layers to the projector is believed to effectively mitigate the loss in local structure preservation, our experimental results in App. A shows that adding additional layers beyond three yields diminishing returns. As we discuss in App. B, adjusting hyperparameters for parametric DR algorithms-such as the number of nearest neighbors used in NN-graph construction-also had minimal impact on the resulting embeddings. In all cases, the visual quality of the embedding remained suboptimal compared to nonparametric DR methods. While all four algorithms achieve comparable performance on the MNIST dataset in the nonparametric setting, their ability to adapt to the parametric setting varies significantly. Specifically, NE methods that optimize the NEG loss (UMAP and PaCMAP) perform substantially better than those that optimize the InfoNCE/NCE loss (Info-NC-t-SNE and NCVis). As illustrated in the first four columns of Figure 2 , Info-NC-t-SNE and NCVis continue to struggle with local structure preservation in the embeddings when the number of hidden layers is one or two, whereas UMAP and PaCMAP are already capable of grouping similar samples together effectively. Why is this the case? We hypothesize that it is because UMAP and PaCMAP use NEG losses rather than InfoNCE/NCE losses. are", "section": "7.874", "sec_num": null}, {"text": "EQUATION", "section": "7.874", "sec_num": null}, {"text": "Proof: see Appendix D.", "section": "7.874", "sec_num": null}, {"text": "To better understand the difference in performance between the NCE, InfoNCE and NEG losses, we compare their terms (Eq 2, 3, 6). The term that attracts the nearest neighbors in these algorithms is consistently in the form of log q ij . This similarity is also evident in the fact that UMAP and t-SNE share the same loss function for nearest neighbors. The key distinction lies in the treatment of negative pairs or points that are not nearest neighbors. For NEG-based UMAP, the FP loss for each negative pair (i, j) is -log 1 -1 d2(i,j) , and for PaCMAP it is", "section": "7.874", "sec_num": null}, {"text": "1 d2(i,j)+C2", "section": "7.874", "sec_num": null}, {"text": ". This term solely depends on a negative pair, ensuring that the gradient is large when the negative pair becomes close. This is in contrast to both NCE and InfoNCE losses, where each negative pair term is based on all pairs. Theoretical studies [26, 27] in standard contrastive learning have found that such design of loss functions may lead to a reduced gradient and worse performance under a multi-layer perceptron (MLP) model. On the other hand, the NEG loss effectively penalizes the proximity of negative pairs, enhancing the separation between dissimilar points.", "section": "7.874", "sec_num": null}, {"text": "While our ParamPaCMAP algorithm preserves better local structure, the embedding space remains suboptimal, with some clusters that should be distinct still merged together. To solve the problem from its root cause, we propose ParamRepulsor, a novel parametric algorithm built upon our ParamPaCMAP. Pseudocode for ParamRepulsor is found in Alg. 1 and detailed in Alg. 2 in App. F.", "section": "ParamRepulsor", "sec_num": "4"}, {"text": "There are several major differences of ParamRepulsor from other methods, the major one being the use of Hard Negative Mining in the repulsive terms. Our goal is to learn from Hard Negative (HN) Samples -pairs whose DR projections are close but should be far apart. Efficiently sampling HNs could be challenging. Existing approaches either rely on ground truth labels that are not applicable in the unsupervised DR setting [28, 29] , or rely on the InfoNCE loss [30] which is less useful for NEG losses. We select mid-near (MN) pairs for HN sampling (for the opposite purpose they are used in PaCMAP, where they exert attractive forces). A MN point for point i is identified through the following process: 1) sample h \u223c Uniform{1, n} points from the high-dimensional data, and 2) select the second closest point from the sampled set. Here, we use h = 6. We justify the use of MN pairs as HN samples based on two key observations. Observation 3: Using MN for HN sampling reduces the probability for false negatives. Existing DR algorithms sample the negative pairs from an (approximately) uniform distribution over all possible pairs. While this approach enhances computational efficiency, it often results in false negatives, which is known to be problematic for contrastive learning [31, 30] . We show that MN pairs are ideal candidates for negatives as they rarely become false negatives.", "section": "ParamRepulsor", "sec_num": "4"}, {"text": "Algorithm 1 Simplified Pseudocode for ParamRepulsor Require:", "section": "ParamRepulsor", "sec_num": "4"}, {"text": "X, n N B , n M N , n F P , n epochs , f \u03b8 , \u03b7, bsz, w N B , w M N , w F P 1: Initialize neural network projector f \u03b8 with parameter \u03b8 2: for i \u2190 1 to N do for batch \u2190 1 to n batches do 7:", "section": "ParamRepulsor", "sec_num": "4"}, {"text": "Sample x = x 1 . . . , x bsz from training data, x N N = N N (x 1 . . . , x bsz ) from nearest neighbors of each point in x, x M N = M N (x 1 . . . , x bsz ) from mid-near points (see Sec.4). Sample x F P = F P (x 1 . . . , x bsz ) from uniform distribution.", "section": "ParamRepulsor", "sec_num": "4"}, {"text": "8: Calculate y = f \u03b8 (x), y N N = f \u03b8 (x N N ), y M N = f \u03b8 (x M N ), y F P = f \u03b8 (x F P ). 9: L = 0. 10: for k \u2190 1 to b do 11: L = L + w N B t=1...n N B d2(y k ,y N N t k ) 10+d2(y k ,y N N t k ) -w M N t=1...n M N d2(y k ,y M N t k ) 1+d2(y k ,y M N t k ) - w F P t=1...n F P d2(y k ,y F P t k ) 1+d2(y k ,y F P t k ) .", "section": "ParamRepulsor", "sec_num": "4"}, {"text": "12:", "section": "ParamRepulsor", "sec_num": "4"}, {"text": "end for 13:", "section": "ParamRepulsor", "sec_num": "4"}, {"text": "Calculate gradients \u2207 \u03b8 L.", "section": "ParamRepulsor", "sec_num": "4"}, {"text": "Update parameters \u03b8 using Adam optimizer.", "section": "14:", "sec_num": null}, {"text": "end for 16: end for 17: return f \u03b8 (X) Theorem 4.1. The probability that a sampled MN point is a false negative in a dataset of size n converges to 0 at a rate of O( 1n 2 ). Corollary 4.2. MN points are less likely to be false negatives than uniformly sampled points in datasets with n \u2273 10 3 . See Appendix E for empirical results and Fig. 21 in Appendix E for projection.", "section": "15:", "sec_num": null}, {"text": "Proof: see Appendix E. Theorem 4.1 and Corollary 4.2 state that the likelihood for an MN to be a false negative is low. Furthermore, the simplicity of MN sampling ensures efficiency: the sampling cost is still constant for each mid-near point.", "section": "15:", "sec_num": null}, {"text": "Observation 4: MN pairs are challenging negatives that provide better gradients for local structure preservation. The shallow parametrization used in NE DR methods ensures that distances in the high-dimensional space remain correlated with those in the low-dimensional embedding. As shown in Fig. 3 , in the blurred boundaries of clusters \"3\" and \"8,\" MN pairs tend to be closer than normal FP pairs in the embeddings of all methods (see Fig. 22 in App. H.1 for other methods). This proximity makes MN pairs challenging negatives for the algorithm, resulting in large gradients during the loss calculation. Fig. 4 illustrates the representations learned by repulsing MN hard negatives. Our approach improves the boundaries between clusters, while maintaining the proximity between close clusters. It not only achieves state-of-the-art cluster separation in parametric methods but also outperforms several non-parametric methods. ", "section": "15:", "sec_num": null}, {"text": "Here, we evaluate the performance of our ParamPaCMAP and ParamRespulsor algorithms empirically. To contextualize our findings, we juxtapose our results against those obtained from other contemporary parametric DR algorithms. Visualization for the embeddings generated by all algorithms can be found in App. C.", "section": "Experiments", "sec_num": "5"}, {"text": "Datasets. We use a wide-ranging collection of datasets across various disciplines. For image analysis, we analyzed the MNIST [15] and Fashion-MNIST (F-MNIST) [32] datasets, along with COIL-20 [33] and COIL-100 [34] . In the domain of computational biology, our assessment leveraged single-cell RNA-sequencing (scRNA-seq) datasets from studies by [35] , [36] , [37] , [38] . Further diversifying our dataset selection, the 20 Newsgroups (20NG) [39] text dataset was included for textual data analysis. The preprocessing of scRNA-seq datasets adhered to the methodology outlined by [40] . Additionally, simulated datasets featuring predefined known structures -such as Circle, Mammoth [41, 42] , Gaussian Lineage, and Gaussian Hierarchical [43] -were integrated into our analysis. See Section G.1 for more details. This multifaceted dataset compilation enables a thorough examination of the DR algorithms' performance across a spectrum of datasets.", "section": "Experiments", "sec_num": "5"}, {"text": "Algorithms. Besides the two algorithms we proposed in this work, ParamPaCMAP (P-PaCMAP) and ParamRepulsor (P-Rep), we also perform experiments on other recent Parametric NE algorithms: Parametric UMAP (P-UMAP) [17] , Parametric Info-NC-t-SNE (P-ItSNE) [18] , Parametric Neg-t-SNE (P-NtSNE), and Parametric NCVis (P-NCVis) [24, 18] . Besides NE algorithms, we also compare against Geometric Autoencoder (GeoAE) [44] , an autoencoder-based DR algorithm. While we note that there are many other parametric DR algorithms, they either aim to serve as an intermediate representation for downstream tasks (i.e., not visualization) [45, 46] , or focus only on image dataset only [1] . We refer readers to Section 6 for more details. We compare these algorithms on local and global structure preservation. For each algorithm, we use the hyperparameter settings and the network structure suggested in their implementation. Coincidentally, all the parametric algorithms in our experiment (except for GeoAE) are equipped with a 3-layer 100-neuron fully-connected neural network as their parametric projector f \u03b8 .", "section": "Experiments", "sec_num": "5"}, {"text": "Other setup. For each experiment, we ran each DR algorithm 10 times using different random seeds to obtain 10 embeddings. We report the average metric measured across these 10 embeddings, highlighting the highest value in bold. An independent t-test with a significance level of p = 0.05 was conducted to assess significant differences between methods. Metrics not significantly different from the highest value are in italics.", "section": "Experiments", "sec_num": "5"}, {"text": "We first look into the local structure of the embedding, which examines DR algorithms' ability to discover the cluster structure. Following previous works [47, 48, 13, 43] , we evaluate local structure using three approaches, with results below. All visualizations can be found in App. C. We achieve state-of-the-art performance in local structure preservation.", "section": "Local Structure Evaluation", "sec_num": "5.1"}, {"text": "Local Structure 1: k-NN Accuracy. Here, DR is performed and the labels are revealed afterwards. A k-NN model then classifies points in the DR projection, with its accuracy as the metric of interest. We perform leave-one-out cross validation, and utilize a k-NN classifier to predict the label of the point. For embedding data with good local structure, points that belong to the same class should be close to each other, which would yield a higher k-NN accuracy. In this study, we use k = 10. Table 1 presents the 10-NN accuracy of each DR algorithm. ParamRepulsor achieves the highest accuracy on 10 out of 14 datasets and comes close to the highest accuracy on the remaining datasets, demonstrating its strong performance in preserving local structure.", "section": "Local Structure Evaluation", "sec_num": "5.1"}, {"text": "Local Structure 2: SVM Accuracy. Table 2 in App. H.3 illustrates the SVM accuracy, estimated using 5-fold cross-validation with an SVM classifier. ParamRepulsor achieves the highest accuracy on 9 out of the 14 datasets and achieves near-highest accuracy on the remaining datasets. These results demonstrate that ParamRepulsor attains state-of-the-art performance in preserving local structure.", "section": "Local Structure Evaluation", "sec_num": "5.1"}, {"text": "Local Structure 3: Nearest Neighbor Kept. We further evaluate the ability of DR methods to maintain high-dimensional k-NN in the low-dimensional space. We use k = 30 to provide a more robust estimate of neighborhood preservation ability. Using a larger k = 30 value ensures that even if the first nearest neighbor in the high-dimensional space is placed as the tenth nearest neighbor in the embedding, it is still considered preserved. This approach mitigates the effects of the reduced dimensionality of the embedding, where small shifts can otherwise result in the loss of neighborhood relationships. Table 3 in App. H.3 demonstrates that ParamRepulsor achieves the highest accuracy on 10 out of 14 datasets and nearly the highest on 3 others, showcasing its strong performance in preserving local structure. Additionally, our implementation of ParamPaCMAP performs comparably to the best methods on all but 2 datasets.", "section": "Local Structure Evaluation", "sec_num": "5.1"}, {"text": "We evaluate global structure by evaluating the preservation of cluster-level triplet relationships. Cluster-level triplet relationship preservation is important, particularly for computational biologists performing lineage analysis. Following [43] , the metric for this is a Spearman (rank correlation). To compute it, we take one cluster centroid c and rank all other centroids based on low-dimensional distance to c. We also repeat this for all C cluster centroids and place these rankings in a single vector. We repeat the process for the high-dimensional space and place these rankings in another vector. The Spearman correlation between these two vectors is the result, shown in Table 4 in App. H.3. Out of the 14 datasets, ParamPaCMAP achieves the highest correlation on 5 of them, whereas ParamRepulsor achieves the highest on 4. These results suggest our ideas are powerful for global structure preservation.", "section": "Global Structure Evaluation", "sec_num": "5.2"}, {"text": "The evolution of DR algorithms can be broadly categorized into two distinct phases. In the initial phase, the focus was on the development of methods that preserved only global structure. Key techniques in this category include Principal Components Analysis (PCA) [49] , Multidimensional Scaling [50] , and Non-negative Matrix Factorization [51] . While these methods effectively maintain the global layout of the data, their primary limitation is that they often fail to retain the inherent neighborhoods and clusters of the data.", "section": "Related Work", "sec_num": "6"}, {"text": "Subsequent DR methods were developed to address the shortcomings by emphasizing the preservation of local structure, specifically focusing on preserving k nearest neighbor relationships in the original dataset. These local methods, such as Isomap [52] , Local Linear Embedding (LLE) [53] , Laplacian Eigenmap [54] , and more recent Neighborhood Embedding (NE) algorithms like t-SNE [10] and UMAP [12] , are particularly adept at maintaining cluster structure. However, they may not adequately preserve the overall spatial layout of clusters. NE methods are more frequently used because they show clusters and manifolds in the high-dimensional space that are difficult to see any other way.", "section": "Related Work", "sec_num": "6"}, {"text": "NE methods are typically non-parametric, creating a low-dimensional embedding that maps each data point to a location in 2D, but there does not exist a function that maps from the original (highdimensional) space to the embedding space. To map new points to the low dimensional space, one typically creates a nonparametric map from high to low dimensions that places new points near their high-dimensional neighbors (assuming one does not want to rerun the algorithm when adding new points). This approach creates crowding problems, where many high-dimensional points map to the same location in low dimensions.", "section": "Related Work", "sec_num": "6"}, {"text": "To address the challenges posed by non-parametric NE algorithms, parametric NE algorithms have emerged as an effective solution. These algorithms focus on learning a function that maps data from a high-dimensional space into a low-dimensional embedding, typically using a neural network.", "section": "Related Work", "sec_num": "6"}, {"text": "Examples of this approach include the Multi-layer Perceptron based Parametric t-SNE [16] , DEC [55] , kernel t-SNE [56] and Parametric UMAP [17] . Furthermore, recent advancements have integrated concepts from Contrastive Learning and Representation Learning, with significant contributions from TopoAE [57] , GeoAE [44] , t-SimCNE [1] , and Parametric InfoNC-t-SNE [18] .", "section": "Related Work", "sec_num": "6"}, {"text": "Recently, [13] , [1] and [18] discussed the effect of the loss function forces in NE algorithms. Our work differs from them; in our work, we discuss the effect of parametrization, which is not discussed in previous works.", "section": "Related Work", "sec_num": "6"}, {"text": "Learning from Hard Negatives has proven effective in supervised learning [28] , metric learning [29] , as well as contrastive learning [30] . To the best of our knowledge, our work is the first that explores the effect of Hard Negative Mining in dimensionality reduction.", "section": "Related Work", "sec_num": "6"}, {"text": "Parameterization of DR methods has major practical advantages. It allows for new data to be mapped directly from the high-dimensional space to the low-dimensional space by a function. We introduced a new method called ParamRepulsor, which demonstrates enhanced preservation of local structure without compromising global structure metrics, making it applicable across a broad spectrum of scientific inquiry.", "section": "Discussion and Limitations", "sec_num": "7"}, {"text": "We note that our method also exhibit limitations. Although ParamRepulsor outperforms Parametric UMAP in terms of speed, it requires more computational time than Parametric Info-NC-t-SNE. Other open questions that are not resolved by this work include the design of evaluation metrics that better reflect performance, and choosing the optimal architecture for both preservation and generalization.", "section": "Discussion and Limitations", "sec_num": "7"}, {"text": "A Discussion on the Depth of of Neural Network Projector show that further increasing the number of layers beyond increasing the number of layers beyond three yields only diminishing and negligible improvements in local structure on all three methods. Fig. 5 shows the effect of further increasing the number of hidden layers beyond three in the neural network projector for Parametric Info-NC-t-SNE (P-ItSNE) [18] , UMAP (P-UMAP) [17] , and PaCMAP (P-PaCMAP). P-ItSNE receives little benefits from further increasing layers, while P-UMAP and P-PaCMAP do not receive any further improvements. The magnitude of local structure accuracy increase is rapidly diminishing, and the visual effect is still suboptimal compared to their non-parametric counterpart.", "section": "Discussion and Limitations", "sec_num": "7"}, {"text": "B Discussion on the Hyperparameter settings of Parametric DR algorithm ", "section": "Discussion and Limitations", "sec_num": "7"}, {"text": "In this section we provide visualizations for the output of all DR methods. Fig. 7 visualizes the output of ParamRepulsor. Notably, ParamRepulsor performs well on all datasets and achieves state-of-the-art on both local and global structure preservation. On MNIST, ParamRepulsor is the only parametric algorithm that separates the clusters with clear boundaries. Compared to nonparametric algorithms, ParamRepulsor has better global structure preservation, as it is able to keep the structure of the mammoth on Mammoth dataset, and keep the structure of the hierarchy on the Hierarchy dataset. ", "section": "C Visualizations from all DR methods", "sec_num": null}, {"text": "Recall that the NEG loss follows the form", "section": "D Proof that PaCMAP's loss follows NEG", "sec_num": null}, {"text": "EQUATION", "section": "D Proof that PaCMAP's loss follows NEG", "sec_num": null}, {"text": ")", "section": "D Proof that PaCMAP's loss follows NEG", "sec_num": null}, {"text": "where m is the number of negative samples of each batch and q \u03b8 is the similarity function defined in the low dimensional space. Now, we consider the PaCMAP loss. While the PaCMAP loss optimization process involves three stages with different emphasis on the loss terms, the first two stages are essentially equivalent to the early exaggeration used in t-SNE and UMAP [13] . Therefore we consider only the last stage of the PaCMAP optimization process that involves only the NN and FP losses:", "section": "D Proof that PaCMAP's loss follows NEG", "sec_num": null}, {"text": "EQUATION", "section": "D Proof that PaCMAP's loss follows NEG", "sec_num": null}, {"text": ")", "section": "D Proof that PaCMAP's loss follows NEG", "sec_num": null}, {"text": "While PaCMAP samples the repulsion using a pre-defined set of further pairs, the further pairs themselves are uniformly sampled from all the points that are not nearest neighbors. The number of neighbors are usually tiny compared to the size of the dataset. In our experiments, adding the nearest neighbors back to the further pairs candidate set does not generate any major impact to the datasets. Therefore, here we consider it to be essentially the same as sampling from ij \u2208 E.", "section": "D Proof that PaCMAP's loss follows NEG", "sec_num": null}, {"text": "Since the purpose of the loss function is to find \u03b8 that minimizes it, applying any affine transformation will not affect the optimum. Recall that in PaCMAP, the set F P is m times of the size of N N . Thus, we have:", "section": "D Proof that PaCMAP's loss follows NEG", "sec_num": null}, {"text": "EQUATION", "section": "D Proof that PaCMAP's loss follows NEG", "sec_num": null}, {"text": "EQUATION", "section": "D Proof that PaCMAP's loss follows NEG", "sec_num": null}, {"text": "Due to the different choices of normalizing constant in the NN loss and the FP loss, the PaCMAP actually utilizes a different kernel to model the similarity between the NN and FPs. Solving for the functions q N N \u03b8 and q F P \u03b8 , we have the result:", "section": "D Proof that PaCMAP's loss follows NEG", "sec_num": null}, {"text": "EQUATION", "section": "D Proof that PaCMAP's loss follows NEG", "sec_num": null}, {"text": "EQUATION", "section": "D Proof that PaCMAP's loss follows NEG", "sec_num": null}, {"text": ")", "section": "D Proof that PaCMAP's loss follows NEG", "sec_num": null}, {"text": "E Proof that the Mid-Near Hard Negative False Negative Rate converges to 0 quadratically", "section": "D Proof that PaCMAP's loss follows NEG", "sec_num": null}, {"text": "For simplicity, we consider a dataset of size n + 1, so that each point will sample from a pool of n points. For each point, we consider its k = 10 nearest neighbors as its positive points, and the rest of the points as negative points. Now, we consider the mid-near sample process. Recall that the mid-near point samples the second closest point from a pool of 6 points. Denote the event that a mid-near point being a false negative as A. A essentially means that there exist more than one point from the k nearest neighbors being sampled. Therefore, we know that \u0100 means there is at most one point in the samples comes from the k nearest neighbors, which essentially gives us:", "section": "D Proof that PaCMAP's loss follows NEG", "sec_num": null}, {"text": "EQUATION", "section": "D Proof that PaCMAP's loss follows NEG", "sec_num": null}, {"text": "All points sampled are not NN", "section": "D Proof that PaCMAP's loss follows NEG", "sec_num": null}, {"text": "EQUATION", "section": "D Proof that PaCMAP's loss follows NEG", "sec_num": null}, {"text": "Only one point comes from NN (19)", "section": "D Proof that PaCMAP's loss follows NEG", "sec_num": null}, {"text": "EQUATION", "section": "D Proof that PaCMAP's loss follows NEG", "sec_num": null}, {"text": ")", "section": "D Proof that PaCMAP's loss follows NEG", "sec_num": null}, {"text": "It follows that lim n\u2192\u221e P( \u0100) = 1, and it converges at the rate of O( 1 n 2 ). Because P(A) = 1 -P( \u0100), we know that P(A) also converges to 0 at the rate of O( 1n 2 ). This is much faster than the uniform sampling. For uniform sampling, the false negative probability is always 10 n , which is linear. This is particularly bad for DR algorithms: the number of negative samples is usually linear w.r.t. n. Fig. 21 illustrates the probability of false negatives sampled from a dataset. We found that as long as we have more than 1330 points in our dataset, mid-near sampling can generate less false negatives than uniform sampling. This is a particularly small number to achieve in the era of big data. In order to faithfully reflect the impact of parametrization on the embedding, our baseline parametric PaCMAP is written in a way to keep as much detail unchanged from the non-parametric version.", "section": "D Proof that PaCMAP's loss follows NEG", "sec_num": null}, {"text": "ParamRepulsor implementation is written based on the Parametric PaCMAP, but many changes are made to enhance the performance on local structure.", "section": "D Proof that PaCMAP's loss follows NEG", "sec_num": null}, {"text": "Network Structure. In line with existing parametric DR method implementation [17, 18] , we parametrize the projector with a shallow Multi-layer Perceptron (MLP). Unless otherwise specified, we utilize a network of three hidden layers with [100, 100, 100] neurons. ParamRepulsor utilizes SiLU as the activation function, whereas ParamPaCMAP utilizes ReLU just as the other methods.", "section": "D Proof that PaCMAP's loss follows NEG", "sec_num": null}, {"text": "Besides utilizing basic MLP as the projector, both ParamRepulsor and ParamPaCMAP can use other network structures. We provide implementation for MLP with residual connection, convolutional neural networks, We also allow using an embedding layer as the projector so that the network behavior is similar to non-parametric version.", "section": "D Proof that PaCMAP's loss follows NEG", "sec_num": null}, {"text": "Initialization. As a non-parametric algorithm, PaCMAP directly optimizes the low-dimensional embedding, and utilizes the first two principal components of the data as its initialization. After the introduction of the neural network projector, we can no longer use this initialization. For both ParamRepulsor and ParamPaCMAP, we initialize all our neural network parameters with Kaiming Initialization [61] .", "section": "D Proof that PaCMAP's loss follows NEG", "sec_num": null}, {"text": "Optimization Schedule. Since our neural network optimization schedule is performed by minibatch stochastic gradient descent, we are unable to optimize the full embedding at once as in non-parametric PaCMAP. Therefore, at each step, we sample a batch of points, and find NN, MN, and FP points for each element in the sample.", "section": "D Proof that PaCMAP's loss follows NEG", "sec_num": null}, {"text": "All the points sampled will be sent to the neural network to calculate the standard PaCMAP loss. We adopt the Adam Optimizer [62] with \u03b2 = (0.9, 0.999) and a batch size of 1024. Refer to the algorithm below for more details.", "section": "D Proof that PaCMAP's loss follows NEG", "sec_num": null}, {"text": "G.1 Datasets Used MNIST. MNIST [15] is a hand-written digits dataset containing 70,000 grayscale images of the shape 28\u00d728. The images are flattened.", "section": "G Experimental Details", "sec_num": null}, {"text": "F-MNIST. Fashion-MNIST (F-MNIST) [32] is a dataset containing 70,000 grayscale fashion images of the shape 28\u00d728. The images are flattened.", "section": "G Experimental Details", "sec_num": null}, {"text": "USPS. USPS [63] is a dataset containing 9298 written digit images of the shape 16\u00d716. The images are flattened.", "section": "G Experimental Details", "sec_num": null}, {"text": "The COIL-20 [33] dataset is a is a database of 1440 gray-scale images of 20 objects. The images are flattened.", "section": "COIL-20", "sec_num": null}, {"text": "The COIL-100 [34] dataset is a is a database of 7200 color images of 100 objects. The images are flattened.", "section": "COIL-100", "sec_num": null}, {"text": "The 20NewsGroup [39] dataset contains about 18000 newsgroups posts on 20 topics. We utilize scikit-learn [64] TF-IDF vectorizer to convert each post into a vector.", "section": "20NG", "sec_num": null}, {"text": "Kang et al. The Kang et al. [35] dataset contains scRNA-seq data from 13999 cells and 14053 genes, with 13 types identified by scientists. The first 50 principal components from the raw data are used.", "section": "20NG", "sec_num": null}, {"text": "Kazer et al. The Kazer et al. [36] dataset contains scRNA-seq data from 59286 cells and 16980 genes, with 7 types identified by scientists. The first 50 principal components from the raw data are used.", "section": "20NG", "sec_num": null}, {"text": "Algorithm 2 Detailed Pseudocode for ParamRepulsor Require: X -high-dimensional data matrix of the shape (N, D). n N B , n M N , n F P -the number of neighbor pairs, mid-near pairs, further pairs n epochs -the number of epochs for optimization p \u03b8 -neural network projector with parameter \u03b8. \u03b7 -learning rate. b -mini batch size. w N B , w M N , w F P -the weights associated with neighbor, mid-near, and further pairs at epoch t. 1: Initialize neural network projector p \u03b8 with parameter \u03b8 2: for i \u2190 1 to N do 12:", "section": "20NG", "sec_num": null}, {"text": "x N N = N N (x 1 . . . , x b ) from the nearest neighbors of x.", "section": "20NG", "sec_num": null}, {"text": "x M N = M N (x 1 . . . , x b ) from the mid nears of x.", "section": "13:", "sec_num": null}, {"text": "14:", "section": "13:", "sec_num": null}, {"text": "x F P = F P (x 1 . . . , x b ), in which x F P k = x t , t \u223c Uniform(1, n). 15: Calculate y = f \u03b8 (x), y N N = f \u03b8 (x N N ), y M N = f \u03b8 (x M N ), y F P = f \u03b8 (x F P ). 16: L = 0. 17: for k \u2190 1 to b do 18: L = L + w N B t=1...n N B d2(yi,y N N t i ) 10+d2(yi,y N N t i ) -w M N t=1...n M N d2(yi,y M N t i ) 1+d2(yi,y M N t i ) - w F P t=1...n F P d2(yi,y F P t i ) 1+d2(yi,y F P t i ) . 19:", "section": "13:", "sec_num": null}, {"text": "end for 20:", "section": "13:", "sec_num": null}, {"text": "Calculate gradients \u2207 \u03b8 L.", "section": "13:", "sec_num": null}, {"text": "Update parameters \u03b8 using Adam optimizer.", "section": "21:", "sec_num": null}, {"text": "end for 23: end for 24: return f \u03b8 (X) Muraro et al. The Muraro et al. [37] dataset contains scRNA-seq data from 2282 cells and 18962 genes, with 9 types identified by scientists. The first 50 principal components from the raw data are used.", "section": "22:", "sec_num": null}, {"text": "Stuart et al. The Stuart et al. [38] dataset contains scRNA-seq data from 30672 cells and 17009 genes, with 25 types identified by scientists. The first 50 principal components from the raw data are used.", "section": "22:", "sec_num": null}, {"text": "Circle The Circle dataset comprises of 5000 points uniformly sampled from a 2D circle with radius 1. The circle is divided into ten arcs of the same length, and each point receives a label that represents the index of the arc it belongs to.", "section": "22:", "sec_num": null}, {"text": "Mammoth The mammoth dataset [42, 41] contains 10k points from a 3D woolly mammoth skeleton.", "section": "22:", "sec_num": null}, {"text": "Lineage The Gaussian Lineage dataset [5, 43] contains 10000 points in twenty 50-dimensional Gaussians, equally separated on a line.", "section": "22:", "sec_num": null}, {"text": "Hierarchy The Gaussian Hierarchical Dataset [43] contains 12500 points. The points belongs to 125 micro clusters, arranged into 5 macro and 25 meso clusters. Each micro cluster includes 100 observations.", "section": "22:", "sec_num": null}, {"text": "All experiments are conducted with an Exxact TensorEX 2U Server with 2 Intel Xeon Ice Lake Gold 5317 Processors @ 3.0GHz. We limit the RAM usage to be 32GB. Parallel computation are performed over a single Nvidia RTX A5000 GPU.", "section": "G.2 Computation Platforms", "sec_num": null}, {"text": "Fig. 22 provides a comprehensive analysis over distances between different kinds of pairs, generated by multiple DR algorithms. We can see that all parametric methods generate a shorter FP distance compared against their non-parametric counterpart. MN pairs, though should be classified as FPs, tend to be harder to optimize, resulting in a shorter distance on average. ", "section": "H.1 Additional Analysis on Distance Distribution in Embedding", "sec_num": null}, {"text": "As datasets grows larger, scalability becomes more important. We evaluate the time consumed by ParamInfo-NC-t-SNE, ParamRepulsor and ParamUMAP on two extremely large datasets, from [65] and [4] . The dataset sizes are 1, 306, 127 and 2, 058, 652, respectively. The results are shown in Figure 23 . We can see that ParamRepulsor outperforms ParamUMAP in terms of scalability. While ParamRepulsor is slower than ParamInfo-NC-t-SNE, the speed is still comparable in terms of magnitude. We note that ParamInfo-NC-t-SNE utilizes smaller number of epochs, which gives it a higher speed, but at the cost of an underoptimized embedding, as shown in Section 5. The computational efficiency of ParamRepulsor can be further improved by a better optimization schedule as well as computational improvements, which we leave for future works. Table 2,  3, 5, 4 measure the SVM accuracy, k-nearest neighbor preservation ratio, Triplet preservation ratio, and cluster centroid distance correlation. We note that GeoAE performs particularly well on Triplet preservation. This is expected: as an autoencoder-based method, GeoAE aims to preserve the geographical distance information in the high-dimensional space, usually at the cost of the local structure. As a result, its local structure performance is particularly low. However, our method, ParamPaCMAP and ParamRepulsor, achieve comparable result on this metric. \u2022 Providing as much information as possible in supplemental material (appended to the paper) is recommended, but including URLs to data and code is permitted.", "section": "H.2 Computational Speed Evaluation", "sec_num": null}, {"text": "Question: Does the paper specify all the training and test details (e.g., data splits, hyperparameters, how they were chosen, type of optimizer, etc.) necessary to understand the results?", "section": "Experimental Setting/Details", "sec_num": "6."}, {"text": "Answer: [Yes] Justification: Experimental setting is disclosed and can be found in our implementation.", "section": "Experimental Setting/Details", "sec_num": "6."}, {"text": "Guidelines:", "section": "Experimental Setting/Details", "sec_num": "6."}, {"text": "\u2022 The answer NA means that the paper does not include experiments.", "section": "Experimental Setting/Details", "sec_num": "6."}, {"text": "\u2022 The experimental setting should be presented in the core of the paper to a level of detail that is necessary to appreciate the results and make sense of them. \u2022 The full details can be provided either with the code, in appendix, or as supplemental material.", "section": "Experimental Setting/Details", "sec_num": "6."}, {"text": "Question: Does the paper report error bars suitably and correctly defined or other appropriate information about the statistical significance of the experiments?", "section": "Experiment Statistical Significance", "sec_num": "7."}, {"text": "Answer: [Yes]", "section": "Experiment Statistical Significance", "sec_num": "7."}, {"text": "Justification: We conduct multiple rounds of experiments and performed t-test over the results to ensure statistical significance.", "section": "Experiment Statistical Significance", "sec_num": "7."}, {"text": "Guidelines:", "section": "Experiment Statistical Significance", "sec_num": "7."}, {"text": "\u2022 The answer NA means that the paper does not include experiments.", "section": "Experiment Statistical Significance", "sec_num": "7."}, {"text": "\u2022 The authors should answer \"Yes\" if the results are accompanied by error bars, confidence intervals, or statistical significance tests, at least for the experiments that support the main claims of the paper.", "section": "Experiment Statistical Significance", "sec_num": "7."}, {"text": "\u2022 The factors of variability that the error bars are capturing should be clearly stated (for example, train/test split, initialization, random drawing of some parameter, or overall run with given experimental conditions). \u2022 The method for calculating the error bars should be explained (closed form formula, call to a library function, bootstrap, etc.) \u2022 The assumptions made should be given (e.g., Normally distributed errors). \u2022 It should be clear whether the error bar is the standard deviation or the standard error of the mean. \u2022 If the authors answer No, they should explain the special circumstances that require a deviation from the Code of Ethics. \u2022 The authors should make sure to preserve anonymity (e.g., if there is a special consideration due to laws or regulations in their jurisdiction). 10. Broader Impacts Question: Does the paper discuss both potential positive societal impacts and negative societal impacts of the work performed? Answer: [NA] Justification: There is no specific societal impact of the work. Guidelines:", "section": "Experiment Statistical Significance", "sec_num": "7."}, {"text": "\u2022 The answer NA means that there is no societal impact of the work performed.", "section": "Experiment Statistical Significance", "sec_num": "7."}, {"text": "\u2022 If the authors answer NA or No, they should explain why their work has no societal impact or why the paper does not address societal impact.", "section": "Experiment Statistical Significance", "sec_num": "7."}, {"text": "\u2022 Examples of negative societal impacts include potential malicious or unintended uses (e.g., disinformation, generating fake profiles, surveillance), fairness considerations (e.g., deployment of technologies that could make decisions that unfairly impact specific groups), privacy considerations, and security considerations. \u2022 The conference expects that many papers will be foundational research and not tied to particular applications, let alone deployments. However, if there is a direct path to any negative applications, the authors should point it out. For example, it is legitimate to point out that an improvement in the quality of generative models could be used to generate deepfakes for disinformation. On the other hand, it is not needed to point out that a generic algorithm for optimizing neural networks could enable people to train models that generate Deepfakes faster. \u2022 The authors should consider possible harms that could arise when the technology is being used as intended and functioning correctly, harms that could arise when the technology is being used as intended but gives incorrect results, and harms following from (intentional or unintentional) misuse of the technology. \u2022 If there are negative societal impacts, the authors could also discuss possible mitigation strategies (e.g., gated release of models, providing defenses in addition to attacks, mechanisms for monitoring misuse, mechanisms to monitor how a system learns from feedback over time, improving the efficiency and accessibility of ML).", "section": "Experiment Statistical Significance", "sec_num": "7."}, {"text": "Question: Does the paper describe safeguards that have been put in place for responsible release of data or models that have a high risk for misuse (e.g., pretrained language models, image generators, or scraped datasets)?", "section": "Safeguards", "sec_num": "11."}, {"text": "Answer: [NA]", "section": "Safeguards", "sec_num": "11."}, {"text": "Justification: The paper does not pose such risks.", "section": "Safeguards", "sec_num": "11."}, {"text": "Guidelines:", "section": "Safeguards", "sec_num": "11."}, {"text": "\u2022 The answer NA means that the paper poses no such risks.", "section": "Safeguards", "sec_num": "11."}, {"text": "\u2022 Released models that have a high risk for misuse or dual-use should be released with necessary safeguards to allow for controlled use of the model, for example by requiring that users adhere to usage guidelines or restrictions to access the model or implementing safety filters. \u2022 Datasets that have been scraped from the Internet could pose safety risks. The authors should describe how they avoided releasing unsafe images. \u2022 We recognize that providing effective safeguards is challenging, and many papers do not require this, but we encourage authors to take this into account and make a best faith effort.", "section": "Safeguards", "sec_num": "11."}, {"text": "12. Licenses for existing assets Question: Are the creators or original owners of assets (e.g., code, data, models), used in the paper, properly credited and are the license and terms of use explicitly mentioned and properly respected?", "section": "Safeguards", "sec_num": "11."}, {"text": "Answer: [Yes]", "section": "Safeguards", "sec_num": "11."}, {"text": "Justification: Existing assets are properly cited and we also provide details on dataset and implementation used in the appendix.", "section": "Safeguards", "sec_num": "11."}, {"text": "Guidelines:", "section": "Safeguards", "sec_num": "11."}, {"text": "\u2022 The answer NA means that the paper does not use existing assets.", "section": "Safeguards", "sec_num": "11."}, {"text": "\u2022 The authors should cite the original paper that produced the code package or dataset.", "section": "Safeguards", "sec_num": "11."}, {"text": "\u2022 The authors should state which version of the asset is used and, if possible, include a URL. \u2022 The name of the license (e.g., CC-BY 4.0) should be included for each asset.", "section": "Safeguards", "sec_num": "11."}, {"text": "\u2022 For scraped data from a particular source (e.g., website), the copyright and terms of service of that source should be provided.", "section": "Safeguards", "sec_num": "11."}, {"text": "\u2022 We recognize that the procedures for this may vary significantly between institutions and locations, and we expect authors to adhere to the NeurIPS Code of Ethics and the guidelines for their institution. \u2022 For initial submissions, do not include any information that would break anonymity (if applicable), such as the institution conducting the review.", "section": "Safeguards", "sec_num": "11."}], "back_matter": [{"text": "We acknowledge funding from the National Science Foundation under grants IIS-2130250, IIS-2147061, DGE-2022040 and the National Institutes of Health under grant 5R01-DA054994.", "section": "Acknowledgement", "sec_num": null}, {"text": "Implementations of ParamRepulsor/ParamPaCMAP discussed in this paper, along with the code for the experiments, are available at https://github.com/hyhuang00/ParamRepulsor. The datasets used in our study are publicly accessible from their original publications.", "section": "Code and data availability", "sec_num": null}, {"text": "Question: Do the main claims made in the abstract and introduction accurately reflect the paper's contributions and scope?Answer: [Yes] Justification: We provide detailed analysis and experimental results, both in main text as well as the appendix, to support the observation, theoretical, and experimental results in the abstract and introduction.Guidelines:\u2022 The answer NA means that the abstract and introduction do not include the claims made in the paper. \u2022 The abstract and/or introduction should clearly state the claims made, including the contributions made in the paper and important assumptions and limitations. A No or NA answer to this question will not be perceived well by the reviewers. \u2022 The claims made should match theoretical and experimental results, much the results can be expected to generalize to other settings. \u2022 It is fine to include aspirational goals as motivation as long as it is clear that these goals are not attained by the paper.", "section": "Claims", "sec_num": "1."}, {"text": "Question: Does the paper discuss the limitations of the work performed by the authors?Answer: [Yes] Justification: We discussed limitation of our work in the discussion section and the appendix.Guidelines:\u2022 The answer NA means that the paper has no limitation while the answer No means that the paper has limitations, but those are not discussed in the paper. \u2022 The authors are encouraged to create a separate \"Limitations\" section in their paper.\u2022 The paper should point out any strong assumptions and how robust the results are to violations of these assumptions (e.g., independence assumptions, noiseless settings, model well-specification, asymptotic approximations only holding locally). The authors should reflect on how these assumptions might be violated in practice and what the implications would be. \u2022 The authors should reflect on the scope of the claims made, e.g., if the approach was only tested on a few datasets or with a few runs. In general, empirical results often depend on implicit assumptions, which should be articulated. \u2022 The authors should reflect on the factors that influence the performance of the approach.For example, a facial recognition algorithm may perform poorly when image resolution is low or images are taken in low lighting. Or a speech-to-text system might not be used reliably to provide closed captions for online lectures because it fails to handle technical jargon. \u2022 The authors should discuss the computational efficiency of the proposed algorithms and how they scale with dataset size. \u2022 If applicable, the authors should discuss possible limitations of their approach to address problems of privacy and fairness. \u2022 While the authors might fear that complete honesty about limitations might be used by reviewers as grounds for rejection, a worse outcome might be that reviewers discover limitations that aren't acknowledged in the paper. The authors should use their best judgment and recognize that individual actions in favor of transparency play an important role in developing norms that preserve the integrity of the community. Reviewers will be specifically instructed to not penalize honesty concerning limitations.", "section": "Limitations", "sec_num": "2."}, {"text": "Question: For each theoretical result, does the paper provide the full set of assumptions and a complete (and correct) proof?Justification: Detailed proof is provided in the appendix.Guidelines:\u2022 The answer NA means that the paper does not include theoretical results.\u2022 All the theorems, formulas, and proofs in the paper should be numbered and crossreferenced. \u2022 All assumptions should be clearly stated or referenced in the statement of any theorems.\u2022 The proofs can either appear in the main paper or the supplemental material, but if they appear in the supplemental material, the authors are encouraged to provide a short proof sketch to provide intuition. \u2022 Inversely, any informal proof provided in the core of the paper should be complemented by formal proofs provided in appendix or supplemental material. \u2022 Theorems and Lemmas that the proof relies upon should be properly referenced.", "section": "Theory Assumptions and Proofs", "sec_num": "3."}, {"text": "Question: Does the paper fully disclose all the information needed to reproduce the main experimental results of the paper to the extent that it affects the main claims and/or conclusions of the paper (regardless of whether the code and data are provided or not)?Answer: [Yes] Justification: We provide our implementation alongside our submission so that the experimental results can be reproduced.", "section": "Experimental Result Reproducibility", "sec_num": "4."}, {"text": "\u2022 The answer NA means that the paper does not include experiments.\u2022 If the paper includes experiments, a No answer to this question will not be perceived well by the reviewers: Making the paper reproducible is important, regardless of whether the code and data are provided or not. \u2022 If the contribution is a dataset and/or model, the authors should describe the steps taken to make their results reproducible or verifiable. \u2022 Depending on the contribution, reproducibility can be accomplished in various ways.For example, if the contribution is a novel architecture, describing the architecture fully might suffice, or if the contribution is a specific model and empirical evaluation, it may be necessary to either make it possible for others to replicate the model with the same dataset, or provide access to the model. In general. releasing code and data is often one good way to accomplish this, but reproducibility can also be provided via detailed instructions for how to replicate the results, access to a hosted model (e.g., in the case of a large language model), releasing of a model checkpoint, or other means that are appropriate to the research performed. \u2022 While NeurIPS does not require releasing code, the conference does require all submissions to provide some reasonable avenue for reproducibility, which may depend on the nature of the contribution. , with an open-source dataset or instructions for how to construct the dataset). (d) We recognize that reproducibility may be tricky in some cases, in which case authors are welcome to describe the particular way they provide for reproducibility.In the case of closed-source models, it may be that access to the model is limited in some way (e.g., to registered users), but it should be possible for other researchers to have some path to reproducing or verifying the results.", "section": "Guidelines:", "sec_num": null}, {"text": "\u2022 If assets are released, the license, copyright information, and terms of use in the package should be provided. For popular datasets, paperswithcode.com/datasets has curated licenses for some datasets. Their licensing guide can help determine the license of a dataset. \u2022 For existing datasets that are re-packaged, both the original license and the license of the derived asset (if it has changed) should be provided. \u2022 If this information is not available online, the authors are encouraged to reach out to the asset's creators.", "section": "Open access to data and code", "sec_num": "5."}, {"text": "Question: Are new assets introduced in the paper well documented and is the documentation provided alongside the assets?Answer: [Yes] Justification: New code comes with proper documentation.Guidelines:\u2022 The answer NA means that the paper does not release new assets. Guidelines:\u2022 The answer NA means that the paper does not involve crowdsourcing nor research with human subjects. \u2022 Including this information in the supplemental material is fine, but if the main contribution of the paper involves human subjects, then as much detail as possible should be included in the main paper. ", "section": "New Assets", "sec_num": "13."}], "ref_entries": {"FIGREF0": {"type_str": "figure", "text": "Figure 2: Embeddings of the MNIST [15] dataset generated by various DR methods with different numbers of hidden layers: 0 (Linear), 1, 2, or 3, or non-parametric variant. See Section 5.1 for details of SVM Acc. It is helpful to envision these images in black and white (without labels) to see when clusters would be difficult to visually separate. More datasets/methods can be found in App. C.", "fig_num": "2", "uris": null, "num": null}, "FIGREF1": {"type_str": "figure", "text": "Figure 3: The low-dimensional scaled distance distribution between various types of point pairs with labels \"3\" and \"8\" in the embedding of the MNIST digit dataset [15], generated by PaCMAP, ParamPaCMAP, and ParamRepulsor (other methods in App. H.1.) See definitions in Sec. 2 & 4.", "fig_num": null, "uris": null, "num": null}, "FIGREF2": {"type_str": "figure", "text": "Sample n N B -nearest neighbors, n M N mid-near points. 4: end for 5: for epoch \u2190 1 to n epochs do 6:", "fig_num": "3", "uris": null, "num": null}, "FIGREF3": {"type_str": "figure", "text": "Figure 4: Effect of Hard Negative Mining on MNIST. We progressively increase the coefficient of the repulsive force applied to MN hard negatives. Close clusters are circled. Results indicate that Hard Negative Mining alone effectively preserves local structure while maintaining relative proximities. Besides adopting Hard Negative Mining, we made other technical improvements to further enhance repulsive forces. More details can be found in Appendix F.", "fig_num": "4", "uris": null, "num": null}, "FIGREF4": {"type_str": "figure", "text": "Figure 5: Effect of the number of layers on the MNIST dataset. As a supplement to Fig. 2, we extend the number of layers beyond three for Into-NC-t-SNE, UMAP and PaCMAP. Here, the local metric represents 10-NN accuracy, while the global metric denotes the random triplet preservation. Results show that further increasing the number of layers beyond increasing the number of layers beyond three yields only diminishing and negligible improvements in local structure on all three methods.", "fig_num": "5", "uris": null, "num": null}, "FIGREF5": {"type_str": "figure", "text": "Figure 6: Impact of varying the number of nearest neighbors during NN-graph construction on the MNIST dataset. As in Fig. 5, we evaluate the embeddings using 10-NN accuracy and random triplet preservation to assess local and global structure retention, respectively. The results indicate that, unlike non-parametric algorithms, altering the number of nearest neighbors has minimal effect on the embedding's quality, except for Info-t-SNE, which exhibits structural distortion when NN = 60.", "fig_num": "6", "uris": null, "num": null}, "FIGREF6": {"type_str": "figure", "text": "Fig. 6 illustrates the effect of varying the number of nearest neighbors (NN) in P-ItSNE, P-UMAP, and P-PaCMAP. Adjusting the number of NNs during NN-graph construction is commonly regarded as a key mechanism for controlling the local-global structure trade-off in nonparametric DR algorithms [58-60]. Nevertheless, in the parametric setting, modifying the number of NNs had minimal influence on the resulting embeddings. Notably, increasing the number of NNs beyond the typical range (e.g., to 60) can severely disrupt the structure, as observed in the P-ItSNE case.", "fig_num": "6", "uris": null, "num": null}, "FIGREF7": {"type_str": "figure", "text": "Figure 7: All dimensionality reduction results of ParamRepulsor.", "fig_num": "7", "uris": null, "num": null}, "FIGREF8": {"type_str": "figure", "text": "Figure 8: All dimensionality reduction results of ParamUMAP.", "fig_num": "8", "uris": null, "num": null}, "FIGREF9": {"type_str": "figure", "text": "Figure 9: All dimensionality reduction results of ParamInfo-NC-t-SNE.", "fig_num": "9", "uris": null, "num": null}, "FIGREF10": {"type_str": "figure", "text": "Figure 10: All dimensionality reduction results of ParamPaCMAP.", "fig_num": "10", "uris": null, "num": null}, "FIGREF11": {"type_str": "figure", "text": "Figure 11: All dimensionality reduction results of ParamNCVis.", "fig_num": "11", "uris": null, "num": null}, "FIGREF12": {"type_str": "figure", "text": "Figure 12: All dimensionality reduction results of ParamNeg-t-SNE.", "fig_num": "12", "uris": null, "num": null}, "FIGREF13": {"type_str": "figure", "text": "Figure 13: All dimensionality reduction results of ParamPaCMAP with a linear projector.", "fig_num": "13", "uris": null, "num": null}, "FIGREF14": {"type_str": "figure", "text": "Figure 14: All dimensionality reduction results of ParamPaCMAP with 1 hidden layer.", "fig_num": "14", "uris": null, "num": null}, "FIGREF15": {"type_str": "figure", "text": "Figure 15: All dimensionality reduction results of ParamPaCMAP with 2 hidden layers.", "fig_num": "15", "uris": null, "num": null}, "FIGREF16": {"type_str": "figure", "text": "Figure 16: All dimensionality reduction results of nonparametric UMAP.", "fig_num": "16", "uris": null, "num": null}, "FIGREF17": {"type_str": "figure", "text": "Figure 17: All dimensionality reduction results of nonparametric PaCMAP.", "fig_num": "17", "uris": null, "num": null}, "FIGREF18": {"type_str": "figure", "text": "Figure 18: All dimensionality reduction results of nonparametric Info-NC-t-SNE.", "fig_num": "18", "uris": null, "num": null}, "FIGREF19": {"type_str": "figure", "text": "Figure 19: All dimensionality reduction results of nonparametric NCVis.", "fig_num": "19", "uris": null, "num": null}, "FIGREF20": {"type_str": "figure", "text": "Figure 20: All dimensionality reduction results of nonparametric Neg-t-SNE.", "fig_num": "20", "uris": null, "num": null}, "FIGREF21": {"type_str": "figure", "text": "Figure 21: Expectation of the number of false negatives generated by Uniform Sampling and Mid-near Hard Negative Sampling on different dataset sizes.", "fig_num": "21", "uris": null, "num": null}, "FIGREF22": {"type_str": "figure", "text": "closest point as the j-th mid-near point 7: end for 8: end for 9: for i \u2190 1 to n epochs do 10: for j \u2190 1 to n batches do 11: Sample x = x 1 . . . , x b from training data.", "fig_num": null, "uris": null, "num": null}, "FIGREF23": {"type_str": "figure", "text": "Figure22: The low-dimensional scaled distance distribution between various types of point pairs with labels \"3\" and \"8\" in the embedding of the MNIST digit dataset[15], generated by Info-NC-t-SNE, NCVis, UMAP, PaCMAP, and their parametric counterpart. See definition in Sec.2 & 4.", "fig_num": "22", "uris": null, "num": null}, "FIGREF24": {"type_str": "figure", "text": "Figure 23: Time consumed by parametric DR methods compared to the size of the dataset. Para-mUMAP cannot finish the Cao et. al dataset under the time constraint of 6 hours.", "fig_num": "23", "uris": null, "num": null}, "TABREF1": {"type_str": "table", "text": "10-NN Accuracy of DR methods measured on various datasets. The absence of values indicate the method failed to produce a valid embedding.", "content": "<table><tr><td>METHOD</td><td colspan=\"7\">P-UMAP P-ITSNE P-NTSNE P-NCVIS GEOAE P-PACMAP P-REP</td></tr><tr><td>MNIST</td><td>0.965</td><td>0.830</td><td>0.862</td><td>0.829</td><td>0.791</td><td>0.968</td><td>0.969</td></tr><tr><td>F-MNIST</td><td>0.733</td><td>0.714</td><td>0.714</td><td>0.626</td><td>0.718</td><td>0.744</td><td>0.778</td></tr><tr><td>USPS</td><td>0.957</td><td>0.939</td><td>0.940</td><td>0.938</td><td>0.846</td><td>0.960</td><td>0.957</td></tr><tr><td>COIL-20</td><td>0.843</td><td>-</td><td>-</td><td>-</td><td>0.724</td><td>0.853</td><td>0.887</td></tr><tr><td>COIL-100</td><td>0.145</td><td>-</td><td>-</td><td>-</td><td>0.611</td><td>0.896</td><td>0.928</td></tr><tr><td>20NG</td><td>0.505</td><td>0.340</td><td>0.401</td><td>0.442</td><td>0.061</td><td>0.437</td><td>0.460</td></tr><tr><td>KANG</td><td>0.954</td><td>0.956</td><td>0.956</td><td>0.955</td><td>0.468</td><td>0.960</td><td>0.961</td></tr><tr><td>KAZER</td><td>0.939</td><td>0.937</td><td>0.937</td><td>0.937</td><td>0.700</td><td>0.940</td><td>0.939</td></tr><tr><td>MURARO</td><td>0.960</td><td>0.961</td><td>0.961</td><td>0.961</td><td>0.565</td><td>0.961</td><td>0.962</td></tr><tr><td>STUART</td><td>0.851</td><td>0.854</td><td>0.853</td><td>0.854</td><td>0.394</td><td>0.855</td><td>0.856</td></tr><tr><td>CIRCLE</td><td>0.901</td><td>0.900</td><td>0.904</td><td>0.911</td><td>0.898</td><td>0.904</td><td>0.895</td></tr><tr><td>MAMMOTH</td><td>0.934</td><td>0.916</td><td>0.914</td><td>0.915</td><td>0.962</td><td>0.915</td><td>0.938</td></tr><tr><td>LINEAGE</td><td>1.000</td><td>1.000</td><td>1.000</td><td>1.000</td><td>1.000</td><td>1.000</td><td>1.000</td></tr><tr><td>HIERARCHY</td><td>1.000</td><td>1.000</td><td>1.000</td><td>1.000</td><td>0.976</td><td>1.000</td><td>1.000</td></tr></table>", "html": null, "num": null}, "TABREF3": {"type_str": "table", "text": "SVM Accuracy of DR methods measured on various datasets. The absence of values indicates that the method failed to produce a valid embedding. Preservation of Triplets Preservation of global structure also involves the preservation of distances. Particularly, we would like the relative relationship of distances to be preserved: if point A and B are closer than A and C in the high dimensional space, they should be closer in the embedding as well. Following[13], we evaluate each method's ability to preserve distance relationships between randomly sampled triplets. The result is in Table5in App. H.3.", "content": "<table><tr><td>METHOD</td><td colspan=\"7\">P-UMAP P-ITSNE P-NTSNE P-NCVIS GEOAE P-PACMAP P-REP</td></tr><tr><td>MNIST</td><td>0.964</td><td>0.836</td><td>0.865</td><td>0.836</td><td>0.787</td><td>0.966</td><td>0.968</td></tr><tr><td>F-MNIST</td><td>0.725</td><td>0.716</td><td>0.716</td><td>0.640</td><td>0.714</td><td>0.719</td><td>0.749</td></tr><tr><td>USPS</td><td>0.953</td><td>0.931</td><td>0.934</td><td>0.933</td><td>0.835</td><td>0.948</td><td>0.955</td></tr><tr><td>COIL-20</td><td>0.813</td><td>-</td><td>-</td><td>-</td><td>0.661</td><td>0.822</td><td>0.856</td></tr><tr><td>COIL-100</td><td>0.237</td><td>-</td><td>-</td><td>-</td><td>0.493</td><td>0.825</td><td>0.862</td></tr><tr><td>20NG</td><td>0.462</td><td>0.355</td><td>0.384</td><td>0.416</td><td>0.065</td><td>0.419</td><td>0.457</td></tr><tr><td>KANG</td><td>0.931</td><td>0.936</td><td>0.936</td><td>0.932</td><td>0.482</td><td>0.947</td><td>0.955</td></tr><tr><td>KAZER</td><td>0.938</td><td>0.935</td><td>0.935</td><td>0.936</td><td>0.758</td><td>0.930</td><td>0.935</td></tr><tr><td>MURARO</td><td>0.955</td><td>0.961</td><td>0.961</td><td>0.957</td><td>0.589</td><td>0.960</td><td>0.961</td></tr><tr><td>STUART</td><td>0.768</td><td>0.832</td><td>0.834</td><td>0.832</td><td>0.425</td><td>0.789</td><td>0.832</td></tr><tr><td>CIRCLE</td><td>0.899</td><td>0.904</td><td>0.902</td><td>0.910</td><td>0.894</td><td>0.905</td><td>0.894</td></tr><tr><td>MAMMOTH</td><td>0.902</td><td>0.886</td><td>0.886</td><td>0.891</td><td>0.936</td><td>0.887</td><td>0.895</td></tr><tr><td>LINEAGE</td><td>1.000</td><td>0.999</td><td>0.999</td><td>1.000</td><td>1.000</td><td>1.000</td><td>1.000</td></tr><tr><td>HIERARCHY</td><td>0.345</td><td>0.424</td><td>0.424</td><td>0.357</td><td>0.200</td><td>0.555</td><td>0.622</td></tr><tr><td colspan=\"4\">Additional Global Structure Preservation:</td><td/><td/><td/><td/></tr></table>", "html": null, "num": null}, "TABREF4": {"type_str": "table", "text": "Ratio of 30-NN kept by the embedding measured on various datasets.", "content": "<table><tr><td>METHOD</td><td colspan=\"7\">P-UMAP P-ITSNE P-NTSNE P-NCVIS GEOAE P-PACMAP P-REP</td></tr><tr><td>MNIST</td><td>0.084</td><td>0.055</td><td>0.071</td><td>0.038</td><td>0.074</td><td>0.090</td><td>0.106</td></tr><tr><td>F-MNIST</td><td>0.088</td><td>0.079</td><td>0.044</td><td>0.043</td><td>0.081</td><td>0.097</td><td>0.121</td></tr><tr><td>USPS</td><td>0.317</td><td>0.313</td><td>0.286</td><td>0.298</td><td>0.224</td><td>0.280</td><td>0.306</td></tr><tr><td>COIL-20</td><td>0.710</td><td>-</td><td>-</td><td>-</td><td>0.490</td><td>0.701</td><td>0.713</td></tr><tr><td>COIL-100</td><td>0.067</td><td>-</td><td>-</td><td>-</td><td>0.348</td><td>0.523</td><td>0.593</td></tr><tr><td>20NG</td><td>0.220</td><td>0.156</td><td>0.180</td><td>0.192</td><td>0.003</td><td>0.140</td><td>0.105</td></tr><tr><td>KANG</td><td>0.100</td><td>0.113</td><td>0.100</td><td>0.111</td><td>0.008</td><td>0.094</td><td>0.121</td></tr><tr><td>KAZER</td><td>0.051</td><td>0.059</td><td>0.050</td><td>0.057</td><td>0.004</td><td>0.047</td><td>0.065</td></tr><tr><td>MURARO</td><td>0.393</td><td>0.416</td><td>0.368</td><td>0.321</td><td>0.062</td><td>0.387</td><td>0.429</td></tr><tr><td>STUART</td><td>0.081</td><td>0.099</td><td>0.086</td><td>0.098</td><td>0.005</td><td>0.083</td><td>0.099</td></tr><tr><td>CIRCLE</td><td>0.901</td><td>0.896</td><td>0.899</td><td>0.896</td><td>0.895</td><td>0.898</td><td>0.901</td></tr><tr><td>MAMMOTH</td><td>0.559</td><td>0.559</td><td>0.552</td><td>0.555</td><td>0.593</td><td>0.545</td><td>0.571</td></tr><tr><td>LINEAGE</td><td>0.077</td><td>0.095</td><td>0.076</td><td>0.094</td><td>0.076</td><td>0.076</td><td>0.095</td></tr><tr><td>HIERARCHY</td><td>0.367</td><td>0.370</td><td>0.364</td><td>0.367</td><td>0.352</td><td>0.362</td><td>0.365</td></tr></table>", "html": null, "num": null}, "TABREF5": {"type_str": "table", "text": "Centroid Distance Correlation of DR methods measured on various datasets. The absence of values indicates that the method failed to produce a valid embedding. The highest values are displayed in bold. Values that has no significant difference from the highest (measured by an independent t-test) are shown in italics.", "content": "<table><tr><td>METHOD</td><td colspan=\"7\">P-UMAP P-ITSNE P-NTSNE P-NCVIS GEOAE P-PACMAP P-REP</td></tr><tr><td>MNIST</td><td>0.707</td><td>0.697</td><td>0.705</td><td>0.663</td><td>0.759</td><td>0.784</td><td>0.732</td></tr><tr><td>F-MNIST</td><td>0.920</td><td>0.897</td><td>0.897</td><td>0.894</td><td>0.864</td><td>0.922</td><td>0.907</td></tr><tr><td>USPS</td><td>0.911</td><td>0.851</td><td>0.910</td><td>0.917</td><td>0.843</td><td>0.879</td><td>0.816</td></tr><tr><td>COIL-20</td><td>0.538</td><td>-</td><td>-</td><td>-</td><td>0.780</td><td>0.767</td><td>0.824</td></tr><tr><td>COIL-100</td><td>0.607</td><td>-</td><td>-</td><td>-</td><td>0.677</td><td>0.697</td><td>0.760</td></tr><tr><td>20NG</td><td>0.751</td><td>0.811</td><td>0.799</td><td>0.768</td><td>0.319</td><td>0.832</td><td>0.686</td></tr><tr><td>KANG</td><td>0.549</td><td>0.556</td><td>0.556</td><td>0.515</td><td>0.547</td><td>0.521</td><td>0.457</td></tr><tr><td>KAZER</td><td>0.682</td><td>0.647</td><td>0.643</td><td>0.678</td><td>0.554</td><td>0.618</td><td>0.544</td></tr><tr><td>MURARO</td><td>0.754</td><td>0.795</td><td>0.776</td><td>0.755</td><td>0.587</td><td>0.658</td><td>0.576</td></tr><tr><td>STUART</td><td>0.292</td><td>0.391</td><td>0.329</td><td>0.357</td><td>0.295</td><td>0.432</td><td>0.322</td></tr><tr><td>CIRCLE</td><td>0.957</td><td>0.879</td><td>0.898</td><td>0.969</td><td>0.937</td><td>0.918</td><td>0.953</td></tr><tr><td>MAMMOTH</td><td>0.929</td><td>0.986</td><td>0.987</td><td>0.974</td><td>0.908</td><td>0.972</td><td>0.972</td></tr><tr><td>LINEAGE</td><td>1.000</td><td>1.000</td><td>1.000</td><td>1.000</td><td>0.996</td><td>1.000</td><td>1.000</td></tr><tr><td>HIERARCHY</td><td>0.350</td><td>0.464</td><td>0.571</td><td>0.489</td><td>0.647</td><td>0.708</td><td>0.738</td></tr></table>", "html": null, "num": null}, "TABREF6": {"type_str": "table", "text": "Triplet Preservation of DR methods measured on various datasets. The absence of values indicates that the method failed to produce a valid embedding. The highest values are displayed in bold. Values with no statistically significant difference from the highest (as determined by an independent t-test) are highlighted in italics.Question: Does the paper provide open access to the data and code, with sufficient instructions to faithfully reproduce the main experimental results, as described in supplemental material? The answer NA means that paper does not include experiments requiring code.\u2022 Please see the NeurIPS code and data submission guidelines (https://nips.cc/ public/guides/CodeSubmissionPolicy) for more details. \u2022 While we encourage the release of code and data, we understand that this might not be possible, so \"No\" is an acceptable answer. Papers cannot be rejected simply for not including code, unless this is central to the contribution (e.g., for a new open-source benchmark). \u2022 The instructions should contain the exact command and environment needed to run to reproduce the results. See the NeurIPS code and data submission guidelines (https: //nips.cc/public/guides/CodeSubmissionPolicy) for more details. \u2022 The authors should provide instructions on data access and preparation, including how to access the raw data, preprocessed data, intermediate data, and generated data, etc. \u2022 The authors should provide scripts to reproduce all experimental results for the new proposed method and baselines. If only a subset of experiments are reproducible, they should state which ones are omitted from the script and why. \u2022 At submission time, to preserve anonymity, the authors should release anonymized versions (if applicable).", "content": "<table><tr><td>METHOD</td><td colspan=\"7\">P-UMAP P-ITSNE P-NTSNE P-NCVIS GEOAE P-PACMAP P-REP</td></tr><tr><td>MNIST</td><td>0.600</td><td>0.611</td><td>0.615</td><td>0.588</td><td>0.628</td><td>0.604</td><td>0.605</td></tr><tr><td>F-MNIST</td><td>0.720</td><td>0.738</td><td>0.738</td><td>0.747</td><td>0.789</td><td>0.722</td><td>0.706</td></tr><tr><td>USPS</td><td>0.663</td><td>0.665</td><td>0.669</td><td>0.672</td><td>0.686</td><td>0.651</td><td>0.658</td></tr><tr><td>COIL-20</td><td>0.612</td><td>-</td><td>-</td><td>-</td><td>0.739</td><td>0.678</td><td>0.719</td></tr><tr><td>COIL-100</td><td>0.615</td><td>-</td><td>-</td><td>-</td><td>0.730</td><td>0.687</td><td>0.720</td></tr><tr><td>20NG</td><td>0.655</td><td>0.674</td><td>0.666</td><td>0.658</td><td>0.528</td><td>0.678</td><td>0.607</td></tr><tr><td>KANG</td><td>0.772</td><td>0.746</td><td>0.755</td><td>0.775</td><td>0.638</td><td>0.792</td><td>0.772</td></tr><tr><td>KAZER</td><td>0.768</td><td>0.770</td><td>0.771</td><td>0.774</td><td>0.752</td><td>0.784</td><td>0.761</td></tr><tr><td>MURARO</td><td>0.693</td><td>0.719</td><td>0.717</td><td>0.721</td><td>0.663</td><td>0.763</td><td>0.742</td></tr><tr><td>STUART</td><td>0.628</td><td>0.688</td><td>0.689</td><td>0.660</td><td>0.629</td><td>0.739</td><td>0.713</td></tr><tr><td>CIRCLE</td><td>0.980</td><td>0.900</td><td>0.905</td><td>0.983</td><td>0.945</td><td>0.932</td><td>0.975</td></tr><tr><td>MAMMOTH</td><td>0.878</td><td>0.933</td><td>0.934</td><td>0.915</td><td>0.864</td><td>0.917</td><td>0.905</td></tr><tr><td>LINEAGE</td><td>0.995</td><td>0.995</td><td>0.995</td><td>0.995</td><td>0.991</td><td>0.994</td><td>0.993</td></tr><tr><td>HIERARCHY</td><td>0.625</td><td>0.707</td><td>0.736</td><td>0.674</td><td>0.741</td><td>0.788</td><td>0.789</td></tr></table>", "html": null, "num": null}, "TABREF7": {"type_str": "table", "text": "\u2022 It is OK to report 1-sigma error bars, but one should state it. The authors should preferably report a 2-sigma error bar than state that they have a 96% CI, if the hypothesis of Normality of errors is not verified. \u2022 For asymmetric distributions, the authors should be careful not to show in tables or figures symmetric error bars that would yield results that are out of range (e.g. negative error rates). \u2022 If error bars are reported in tables or plots, The authors should explain in the text how they were calculated and reference the corresponding figures or tables in the text. 8. Experiments Compute Resources Question: For each experiment, does the paper provide sufficient information on the computer resources (type of compute workers, memory, time of execution) needed to reproduce the experiments? Answer: [Yes] Justification: We provide compute resource details in our appendix. Guidelines: \u2022 The answer NA means that the paper does not include experiments. \u2022 The paper should indicate the type of compute workers CPU or GPU, internal cluster, or cloud provider, including relevant memory and storage. \u2022 The paper should provide the amount of compute required for each of the individual experimental runs as well as estimate the total compute. \u2022 The paper should disclose whether the full research project required more compute than the experiments reported in the paper (e.g., preliminary or failed experiments that didn't make it into the paper). 9. Code Of Ethics Question: Does the research conducted in the paper conform, in every respect, with the NeurIPS Code of Ethics https://neurips.cc/public/EthicsGuidelines? Answer: [Yes] Justification: Experiments and research conducted conform with the NeurIPS code of ethics. Guidelines: \u2022 The answer NA means that the authors have not reviewed the NeurIPS Code of Ethics.", "content": "<table/>", "html": null, "num": null}}}}