{"paper_id": "rate-based-backpropagation", "title": "Advancing Training Efficiency of Deep Spiking Neural Networks through Rate-based Backpropagation", "abstract": "Recent insights have revealed that rate-coding is a primary form of information representation captured by surrogate-gradient-based Backpropagation Through Time (BPTT) in training deep Spiking Neural Networks (SNNs). Motivated by these findings, we propose rate-based backpropagation, a training strategy specifically designed to exploit rate-based representations to reduce the complexity of BPTT. Our method minimizes reliance on detailed temporal derivatives by focusing on averaged dynamics, streamlining the computational graph to reduce memory and computational demands of SNNs training. We substantiate the rationality of the gradient approximation between BPTT and the proposed method through both theoretical analysis and empirical observations. Comprehensive experiments on CIFAR-10, CIFAR-100, ImageNet, and CIFAR10-DVS validate that our method achieves comparable performance to BPTT counterparts, and surpasses state-of-the-art efficient training techniques. By leveraging the inherent benefits of rate-coding, this work sets the stage for more scalable and efficient SNNs training within resource-constrained environments. Our code is available at https://github.com/Tab-ct/rate-based-backpropagation.", "pdf_parse": {"paper_id": "rate-based-backpropagation", "abstract": [{"text": "Recent insights have revealed that rate-coding is a primary form of information representation captured by surrogate-gradient-based Backpropagation Through Time (BPTT) in training deep Spiking Neural Networks (SNNs). Motivated by these findings, we propose rate-based backpropagation, a training strategy specifically designed to exploit rate-based representations to reduce the complexity of BPTT. Our method minimizes reliance on detailed temporal derivatives by focusing on averaged dynamics, streamlining the computational graph to reduce memory and computational demands of SNNs training. We substantiate the rationality of the gradient approximation between BPTT and the proposed method through both theoretical analysis and empirical observations. Comprehensive experiments on CIFAR-10, CIFAR-100, ImageNet, and CIFAR10-DVS validate that our method achieves comparable performance to BPTT counterparts, and surpasses state-of-the-art efficient training techniques. By leveraging the inherent benefits of rate-coding, this work sets the stage for more scalable and efficient SNNs training within resource-constrained environments. Our code is available at https://github.com/Tab-ct/rate-based-backpropagation.", "section": "Abstract", "sec_num": null}], "body_text": [{"text": "Spiking Neural Networks (SNNs) are conceptualized as biologically inspired neural systems, incorporating spiking neurons that closely mimic biological neural dynamics [46, 56] . Unlike Artificial Neural Networks (ANNs) based on continuous data representations, SNNs adopt spike-coding strategies to facilitate data transmission through discrete binary spike trains [52] . The intrinsic binary mechanism eliminates the need for the extensive multiply-accumulate operations typically required for synaptic connectivity [56] , thereby enhancing energy efficiency and inference speed when deployed on neuromorphic hardware systems [1, 10, 54] .", "section": "Introduction", "sec_num": "1"}, {"text": "The mainstream training methods for SNNs primarily utilize Backpropagation Through Time (BPTT) with surrogate gradients to overcome non-differentiable spike events, allowing SNNs to achieve comparable results with ANNs counterparts [51, 62, 74] . However, the direct training method necessitates the storage of all temporal activations for backward propagation across the network's depth and duration, leading to high training costs in terms of both computational time and memory demands [43, 86, 35, 77, 76, 47, 13] . To alleviate memory burdens, online training techniques have been developed that partially decouple the time dependencies of backward computations in BPTT [2, 4, 76, 48, 89] . However, online methods still require iterative computations based on the time dimension, increasing training time complexity as the number of timesteps grows.", "section": "Introduction", "sec_num": "1"}, {"text": "Observed across most biological sensory systems, rate coding is a phenomenon where information is encoded through the rate of neuronal spikes, regardless of precise spike timing [52, 64, 23] . Recent explorations into spike representation have demonstrated the significant role of rate coding in enhancing the robustness of SNNs, further confirming its dominant position as the encoding representation in networks [38, 60, 18] . A significant observation has shown that BPTT-trained SNNs on static benchmark exhibit spike representation primarily following the rate-coding manner by highlighting strong similarities in representation between SNNs and their ANN counterparts [44] . A similar conclusion resonated with findings in fields of adversarial attacks, where recent methods significantly benefit from rate-based representations to enhance attack effectiveness [6, 29, 50] .", "section": "Introduction", "sec_num": "1"}, {"text": "Motivated by rate coding's status as the most effective and predominant form of representation in SNNs, we posit that targeted training based on rate-based information could offer a high costeffectiveness ratio. We propose to decouple BPTT based on rate-coding approximation and simplify rate-based derivative computations to a single spatial backpropagation. We further provide theoretical analysis and empirical evidence to reveal the rationality of the gradient approximation between BPTT and the proposed method. Experimental results demonstrate that the proposed method achieves performance comparable to BPTT counterparts while significantly reducing memory and computational demands. Comparison results also indicate that the proposed method outperforms state-of-the-art efficient training methods on benchmarks. We expect our work to facilitate more efficient and scalable training for SNNs in resource-constrained environments. Our main contributions are as follows:", "section": "Introduction", "sec_num": "1"}, {"text": "\u2022 We propose rate-based backpropagation that leverages rate-coded information for efficient training of deep SNNs. This method simplifies the computational graph by decoupling and compressing temporal dependencies, reducing training time and memory requirements.", "section": "Introduction", "sec_num": "1"}, {"text": "\u2022 Alongside the proposed method, we conduct theoretical analysis and empirical validation to demonstrate its effectiveness in approximating the gradient computations performed by BPTT-based SNNs training.", "section": "Introduction", "sec_num": "1"}, {"text": "\u2022 We conduct experiments on CIFAR-10, CIFAR-100, CIFAR10-DVS, and ImageNet, demonstrating that our proposed method matches the comparable performance of the BPTT counterpart and achieves state-of-the-art results among efficient SNN training methods.", "section": "Introduction", "sec_num": "1"}, {"text": "Training Methods for Deep SNNs. Deep SNNs are trained primarily through two principal strategies:", "section": "Related Work", "sec_num": "2"}, {"text": "(1) conversion methods that establish links between SNNs and ANNs through equivalent closed-form mappings, and (2) direct training from scratch utilizing Backpropagation Through Time (BPTT). Conversion methods develop closed-form formulations for spike representations [39, 67, 72, 88, 73, 47] , enabling seamless transitions of pre-trained ANNs into SNNs and facilitating comparable performance on large-scale datasets [8, 15, 27, 59, 57, 12, 42, 16] . However, the precision of these mappings under ultra-low latency conditions is not consistently reliable, often necessitating extensive time steps to accumulate spikes, which may compromise performance [7, 40, 31, 28, 34] . Direct training methods permit SNNs' performance with extremely low time steps by employing BPTT along with surrogate gradients to compute derivatives of discrete spiking events [51, 62, 74, 22, 81, 87, 85, 43, 66, 69, 13] . The strategy fosters innovation in SNN-specific modules, including optimized neurons, synapses, and network architectures, thereby enhancing performance [25, 21, 20, 17, 79, 83, 24, 80, 61] . Despite the advantages of low latency, direct training imposes substantial memory and time burdens to maintain the backward computational graph [43, 86, 35, 77, 76, 47, 13] .", "section": "Related Work", "sec_num": "2"}, {"text": "To mitigate training costs associated with direct methods, light training strategies have attracted considerable attention [49, 35, 86, 55, 70] . Several studies have explored the concept of decoupling the forward and backward passes in SNNs, which generally assumes that neuronal dynamics follow deterministic processes and aims to establish closed-form fixed-point equivalences between spike representations and corresponding rate-based activations [72, 73, 77, 47, 68] . Drawing on online training techniques from recurrent neural networks, several studies have adapted the principles of Real-time Recurrent Learning (RTRL) [71] to streamline the online training process for SNNs, aiming to decrease memory demands while preserving biologically plausible online properties of the networks [84, 2, 4, 82, 55, 76, 47, 89] . The online methodologies have proven effective in large-scale tasks [76, 47, 89] . Nevertheless, the significant time costs associated with training methods continue to challenge SNNs' broader application. Spike Coding in SNNs. SNNs transmit information through spike trains [52] , with encoding mechanisms classified into temporal and rate coding. Temporal coding is defined on firing times, employed by several direct trainings [49, 75, 88] and ANN-to-SNN conversions [26, 65] , is noted for its low energy consumption due to sparse spiking. However, temporal coding schemes often require specialized neuron configurations and are generally effective only on simpler datasets [26, 65, 88] .", "section": "Related Work", "sec_num": "2"}, {"text": "Conversely, rate coding is widely adopted across both conversion [12, 15, 16, 27, 36, 57, 59, 78] and direct training approaches [73, 77, 47] , consistently achieving superior performance and facilitating low-latency operations [77, 47] . Moreover, rate coding has demonstrated significant potential in enhancing the robustness of SNNs against adversarial attacks [38, 60, 18] , with attack methods specifically designed to exploit rate-based representations showing promise in surpassing benchmarks for SNNs defense against attacks [6, 30, 50] . By employing representation similarity analysis to compare BPTT-trained SNNs with their ANN counterparts, Li et al. [44] has indicated that rate coding serves as the primary mode of information representation [44] . Inspired by previous findings, we consider that rate-coded information represents the most effective and predominant form of signal expression in SNNs, and the targeted training based on rate-based spike representations may offer a high cost-effectiveness ratio. Therefore, we propose to decouple BPTT towards rate-based backpropagation with the purpose of enhancing the efficiency of SNNs training.", "section": "Related Work", "sec_num": "2"}, {"text": "Inspired by the brain's ability to transmit information through discrete spikes, the Leaky Integrateand-Fire (LIF) model serves as the basic building block of SNNs due to its simplicity. For practical implementation of SNNs based on connected spiking neurons, the dynamics of the LIF model are typically rendered in a discrete iterative format:", "section": "Spiking Neural Networks", "sec_num": "3.1"}, {"text": "EQUATION", "section": "Spiking Neural Networks", "sec_num": "3.1"}, {"text": "where u l t and s l t represent the membrane potential and output spike of neurons in layer l at time t, respectively. W l denotes the linear synaptic connections between layers l -1 and l, and \u03bb acts as the decay term for the membrane potential. The Heaviside step function, H(\u2022), determines spike generation, ensuring s l t in binary forms. Noting that H(\u2022) is not differentiable, SNNs' direct training employs surrogate gradients to achieve error propagation by creating various pseudo-derivatives [51, 74, 19] , following the basic idea of Straight-Through Estimator (STE) [3] .", "section": "Spiking Neural Networks", "sec_num": "3.1"}, {"text": "The network outputs at each timestep t are given by o t = W L s L t , where W L denotes the classifier's weights. Classification is based on the average of these outputs across all timesteps, computed as y pred = 1 T T t=1 o t . The loss function L is defined over averaged outputs and is typically formulated as L = \u2113 1 T T t=1 o t , y , where y represents the true labels and \u2113 could be the cross-entropy function, as noted in various studies [87, 48, 19, 69] . BPTT unfolds the iterations described in Eq. ( 1), and propagates gradients back along the computational graphs across both temporal and spatial dimensions, as illustrated in Fig. 1a . The gradients of the membrane potential u incorporate elements Incorporating rate-based representation. Under the rate coding assumption, essential information is effectively encapsulated within the spike frequency averages. We start by defining the rate-based representation as an approximation for the forward procedure in SNNs, as shown in Figure 2 . The average firing rate at each layer l, denoted as r l , is calculated as the expected value of the spike outputs s l t over the temporal dimension", "section": "Training SNNs with BPTT", "sec_num": "3.2"}, {"text": "r l = E[s l t ] = 1 T t\u2264T s l t .", "section": "Training SNNs with BPTT", "sec_num": "3.2"}, {"text": "Considering the forward propagation through linear operators with weights W l that compute the inputs as I l t = W l s l-1 t , instead of transmitting distinct spikes over multiple timesteps, we transform the average rates into average inputs c l in the approximate representation:", "section": "Training SNNs with BPTT", "sec_num": "3.2"}, {"text": "c l = E[I l t ] = E[W l s l-1 t ] = W l E[s l-1 t ] = W l r l-1 .", "section": "Training SNNs with BPTT", "sec_num": "3.2"}, {"text": "Supposing input representations are well captured within c l , we approximate the exact inputs with the average inputs for all timesteps, I l t \u2248 c l , and follow the neuronal dynamics in Eq. ( 1) to derive the output rates r l = E[s l t ]. With the rate-coding approximation in place, we can derive the gradients with respect to the weights in the linear part based on the error propagated through the average inputs:", "section": "Training SNNs with BPTT", "sec_num": "3.2"}, {"text": "EQUATION", "section": "Training SNNs with BPTT", "sec_num": "3.2"}, {"text": "Handling temporal dependency during backward. For back-propagating the error, the linear parts operate smoothly as \u2202c l \u2202r l-1 = W l \u22a4 . The next step is to define the correlation between the averages of inputs and output spike rates, \u2202r l \u2202c l , within the neurons of layer l. Since there is no deterministic relationship between r l and c l , we first look into the influence of separated inputs following the exact gradients in Eq. ( 2):", "section": "Training SNNs with BPTT", "sec_num": "3.2"}, {"text": "EQUATION", "section": "Training SNNs with BPTT", "sec_num": "3.2"}, {"text": "By accumulating the intricate dynamics over time, we can derive the gradients of the overall spikes with respect to the inputs at time t:", "section": "Training SNNs with BPTT", "sec_num": "3.2"}, {"text": "EQUATION", "section": "Training SNNs with BPTT", "sec_num": "3.2"}, {"text": "Here, with rate-coding approximating I l t \u2248 c l , we follow the idea of Straight-Through Estimator [3] and define the backward gradients as \u2202I l t \u2202c l = Id, with Id representing the identity matrix. Then, we can derive the surrogate gradients of neural dynamics through the mean estimator:", "section": "Training SNNs with BPTT", "sec_num": "3.2"}, {"text": "\u2202r l \u2202c l rate \u2261 \u03c4 \u2202(E s l t ) \u2202I l \u03c4 \u2202I l \u03c4 \u2202c l = 1 T t \u03c4 \u2202s l t \u2202I l \u03c4 = E \u03ba \u03ba \u03ba l t (6)", "section": "Training SNNs with BPTT", "sec_num": "3.2"}, {"text": "With the compressed gradients of neuron parts, the error backpropagation of the rate-based representation is then determined, dependent only on the spatial domain:", "section": "Training SNNs with BPTT", "sec_num": "3.2"}, {"text": "EQUATION", "section": "Training SNNs with BPTT", "sec_num": "3.2"}, {"text": "where we define the objective", "section": "Training SNNs with BPTT", "sec_num": "3.2"}, {"text": "L = 1 T \u2113(E[o t ], y) = 1 T \u2113(c L , y).", "section": "Training SNNs with BPTT", "sec_num": "3.2"}, {"text": "Note that the rate-based representation, while instrumental in constructing the backward computational graph for learning, does not necessitate actual implementation during the forward pass.", "section": "Training SNNs with BPTT", "sec_num": "3.2"}, {"text": "As previously discussed, rate-based backpropagation can be executed on spatial-dimension computation by decoupling BPTT. We now show how rate-based backpropagation can be efficiently implemented within the overall learning framework. As depicted in Figure 2b , online schemes apply eligibility traces e l t locally within neurons to store historical information, effectively blocking backward access to past gradients. The gradient computation is optimized by compressing all past temporal dependencies into e l t . Similarly, we utilize iterative variables {g l t } l\u2264L and {e l t } l\u2264L as the accumulated post-and pre-synaptic dependencies, synchronously recorded during the neural dynamics computations. The iteration of {e l t } l\u2264L dynamically records the firing rates, where e l t = 1 t ((t -1)e l t-1 + s l t ), and it is straightforward to derive r l = e l T . Considering the surrogate gradients of neural dynamics, \u2202r l", "section": "Rate-based Gradient Computation for Memory and Time Efficiency", "sec_num": "4.2"}, {"text": "\u2202c l , to estimate future-dependent terms outlined in Eq. 5, we first construct equivalent eligibility trace forms, {\u03c1 l t } t\u2264T , with iterative expressions starting at \u03c1 l 1 = 1:", "section": "Rate-based Gradient Computation for Memory and Time Efficiency", "sec_num": "4.2"}, {"text": "EQUATION", "section": "Rate-based Gradient Computation for Memory and Time Efficiency", "sec_num": "4.2"}, {"text": ")", "section": "Rate-based Gradient Computation for Memory and Time Efficiency", "sec_num": "4.2"}, {"text": "with the equivalence that:", "section": "Rate-based Gradient Computation for Memory and Time Efficiency", "sec_num": "4.2"}, {"text": "EQUATION", "section": "Rate-based Gradient Computation for Memory and Time Efficiency", "sec_num": "4.2"}, {"text": "By iteratively accumulating", "section": "Rate-based Gradient Computation for Memory and Time Efficiency", "sec_num": "4.2"}, {"text": "g l t = 1 t ((t -1)g l t-1 + \u2202s l t \u2202u l t \u03c1 t ), we obtain g l T = E[ \u2202s l t \u2202u l t \u03c1 l t ] = E[\u03ba \u03ba \u03ba l t ]", "section": "Rate-based Gradient Computation for Memory and Time Efficiency", "sec_num": "4.2"}, {"text": ". Now, we have collapsed the required computation graph through the iterative calculation to complexity O(L). The rate-based propagation is then conducted in one go, relying only on the intermediate variables e l T , g l T , and W l , within one-time spatial-dimension backpropagation.", "section": "Rate-based Gradient Computation for Memory and Time Efficiency", "sec_num": "4.2"}, {"text": "Having derived the fundamental form of rate-based backpropagation through the rate-encoding approximation, we now explore potential divergences with BPTT during error propagation. Although rate-based backpropagation is derived from the approximated forward pass, it still provides valid gradients for the original network parameters.", "section": "Connecting Error Backward of Rate-based Backpropagation to BPTT", "sec_num": "4.3"}, {"text": "The primary divergence between rate-back and BPTT in backward computation primarily arises from the assumptions regarding the approximation of rate-based representation through mean estimators, as outlined in Eq.( 3) and Eq.( 6). The rate-coding motivations establish equivalence with BPTT by assuming temporal components are independent, which is formalized in Theorem 1.", "section": "Connecting Error Backward of Rate-based Backpropagation to BPTT", "sec_num": "4.3"}, {"text": "Theorem 1. Given \u03b4", "section": "Connecting Error Backward of Rate-based Backpropagation to BPTT", "sec_num": "4.3"}, {"text": "(s l ) t = \u2202L \u2202s l t", "section": "Connecting Error Backward of Rate-based Backpropagation to BPTT", "sec_num": "4.3"}, {"text": "that refers to gradients computed following the chain rule of BPTT in Eq. ( 2), and", "section": "Connecting Error Backward of Rate-based Backpropagation to BPTT", "sec_num": "4.3"}, {"text": "\u03ba l t = \u03c4 \u2202s l t \u2202I l \u03c4 (where E \u03ba l t = E \u03ba \u03ba \u03ba l t in Eq.(6-7)) , if E \u03b4 (s l ) t \u03ba l t = E \u03b4 (s l ) t E \u03ba l t holds for \u2200l, we have E \u03b4 (s l ) t", "section": "Connecting Error Backward of Rate-based Backpropagation to BPTT", "sec_num": "4.3"}, {"text": "= \u2202L \u2202r l rate . Furthermore, given \u03b4", "section": "Connecting Error Backward of Rate-based Backpropagation to BPTT", "sec_num": "4.3"}, {"text": "(I l ) t = \u2202L \u2202I l t , if E \u03b4 (I l ) t s l-1 t = E \u03b4 (I l ) t E[s l-1 t ] for \u2200l, we then obtain (\u2207 W l L) rate = 1 T (\u2207 W l L).", "section": "Connecting Error Backward of Rate-based Backpropagation to BPTT", "sec_num": "4.3"}, {"text": "Here, E [x t ] = 1 T t x t refers the mean value of tensor x t over temporal dimension T .", "section": "Connecting Error Backward of Rate-based Backpropagation to BPTT", "sec_num": "4.3"}, {"text": "To confirm our hypotheses, we carried out empirical experiments, the results of which are detailed in the experimental section. Our empirical findings support the core assumptions outlined in Theorem 1, demonstrating the relative independence between \u03b4 (s l ) t and \u03ba l t (Figure 3a ,b), as well as between \u03b4 (I l ) t and s l t (Figure 3c ). For minor discrepancies that may arise, we introduced Theorem 2, which tolerates small deviations and confirms that approximation errors in rate-based backpropagation can be effectively bounded, ensuring the robustness of training under practical conditions. Theorem 2. For gradients \u03b4", "section": "Connecting Error Backward of Rate-based Backpropagation to BPTT", "sec_num": "4.3"}, {"text": "(s l ) t = \u2202L \u2202s l t and \u03ba l t = \u03c4 \u2202s l t \u2202I l \u03c4", "section": "Connecting Error Backward of Rate-based Backpropagation to BPTT", "sec_num": "4.3"}, {"text": ", given the approximation error bound", "section": "Connecting Error Backward of Rate-based Backpropagation to BPTT", "sec_num": "4.3"}, {"text": "\u03f5 > 0 s.t. E \u03b4 (s l ) t \u03ba l t -E \u03b4 (s l ) t E \u03ba l t \u2264 \u03f5(1 + E \u03b4 (s l ) t", "section": "Connecting Error Backward of Rate-based Backpropagation to BPTT", "sec_num": "4.3"}, {"text": ") for \u2200l. Denote the stacked tensor", "section": "Connecting Error Backward of Rate-based Backpropagation to BPTT", "sec_num": "4.3"}, {"text": "I l = [I l 1 , ..., I l T ] and s l = [s l 1 , ..., s l T ].", "section": "Connecting Error Backward of Rate-based Backpropagation to BPTT", "sec_num": "4.3"}, {"text": "Assuming the backward procedure follows non-expansivity s.t.", "section": "Connecting Error Backward of Rate-based Backpropagation to BPTT", "sec_num": "4.3"}, {"text": "\u2202I l = W l+1 \u22a4 \u2202s l \u2202I l is 1-lipschitz continuous without loss of generality and the biases are bounded uniformly by B, i.e. x \u2202I l+1 \u2202I l -x \u2202I l+1 \u2202I l \u2264 xx for \u2200x, x. Define \u03b4 l rate = \u2202L \u2202c l rate as the error propagated through Eq. ( 7), and \u03b4", "section": "\u2202I l+1", "sec_num": null}, {"text": "(I l ) t = \u2202L \u2202I l t", "section": "\u2202I l+1", "sec_num": null}, {"text": "as the error propagated through BPTT, with", "section": "\u2202I l+1", "sec_num": null}, {"text": "\u03b4 L rate = E[\u03b4 (I L ) t", "section": "\u2202I l+1", "sec_num": null}, {"text": "]. We have the gradient difference bounded by \u03b4 L-k rate -E[\u03b4", "section": "\u2202I l+1", "sec_num": null}, {"text": "(I L-k ) t ] = O(k 2 \u03f5).", "section": "\u2202I l+1", "sec_num": null}, {"text": "Theorem 2 elucidates the stability of rate-based backpropagation relative to BPTT, showing that the proposed method can provide a bound on the overall objective solution. The bounded error could further be interpreted as a form of randomness suitable for stochastic optimization. The similarity measurement of the descent directions between the two methods provides empirical evidence for the effectiveness of the proposed method (Figure 3d ). Detailed proof is provided in Appendix A. Another aspect of our implementation concerns handling batch normalization (BN), especially given its critical role in BPTT, which adjusts mean and variance statistics during the forward pass. The application of BN varies depending on the training mode. In the multi-step mode, BN benefits from access to information across all timesteps and can normalize based on statistics aggregated over temporal dimensions. We employed tdBN [87] in rate M since it has been widely adopted in direct training on various benchmarks. In contrast, the single-step mode limits BN to current timestep inputs, necessitating normalization across spatial dimensions only. In line with online schemes, SLTT [48] demonstrates the feasibility of implementing spatial BN iteratively across timesteps, an approach we adopt for rate S . Further details on the BN implementation are provided in Appendix B. ", "section": "\u2202I l+1", "sec_num": null}, {"text": "In this section, we conduct experiments on CIFAR-10 [37], CIFAR-100 [37] , ImageNet [11] , and CIFAR10-DVS [41] to evaluate the proposed training method. We implement SNNs training on the Pytorch [53] and SpikingJelly [19] frameworks. We set V th = 1, \u03bb = 0.2, and employ the sigmoid-based surrogate function [19] for LIF neurons. Detailed setups are provided in Appendix C.", "section": "Experiments", "sec_num": "5"}, {"text": "Empirical experiments are conducted to support the preconditions of theorems discussed in Section 4.3. These preconditions assert the independence of paired variables across the temporal dimension: E \u03b4", "section": "Empirical Validation", "sec_num": "5.1"}, {"text": "(s l ) t \u03ba l t = E \u03b4 (s l ) t E \u03ba l t (A1) and E \u03b4 (I l ) t s l-1 t = E \u03b4 (I l ) t E[s l-1 t ] (A2).", "section": "Empirical Validation", "sec_num": "5.1"}, {"text": "To explore these relationships, we conducted experiments training ResNet-18 on CIFAR-100 using BPTT. Cosine similarity measures were employed to compare the empirical expectation products, cos\u27e8E \u03b4 3a , where values approaching 1 indicate a high degree of alignment, suggesting that the variables' directions are similar. Additionally, the correlation coefficient, \u03c1 was measured to further assess the independence of these variables \u03c1 = COV(\u03bat,\u03b4", "section": "Empirical Validation", "sec_num": "5.1"}, {"text": "(s l ) t \u03ba l t , E \u03b4 (s l ) t E \u03ba l t \u27e9 as shown in Figure", "section": "Empirical Validation", "sec_num": "5.1"}, {"text": "(s l ) t ) var(\u03bat)var(\u03b4 (s l ) t )", "section": "Empirical Validation", "sec_num": "5.1"}, {"text": "where COV(\u03ba t , \u03b4", "section": "Empirical Validation", "sec_num": "5.1"}, {"text": "(s l ) t ) = E \u03b4 (s l ) t \u03ba l t -E \u03b4 (s l ) t E \u03ba l t", "section": "Empirical Validation", "sec_num": "5.1"}, {"text": "It is clear that \u03c1 equals the cosine distance between the variables after centering by their means, \u03c1 = cos\u27e8\u03b4", "section": "Empirical Validation", "sec_num": "5.1"}, {"text": "(s l ) t -E[\u03b4 (s l ) t ], \u03ba l t -E \u03ba l t \u27e9.", "section": "Empirical Validation", "sec_num": "5.1"}, {"text": "Results, shown in Figure 3b , reveal that the correlation coefficients are constrained within a very small range, typically around the magnitude of \u223c 10 -5 , supporting the hypothesis of their relative independence. We also conducted cosine similarity measurements to validate the assumption", "section": "Empirical Validation", "sec_num": "5.1"}, {"text": "E \u03b4 (I l ) t s l-1 t = E \u03b4 (I l ) t E[s l-1", "section": "Empirical Validation", "sec_num": "5.1"}, {"text": "t ], as shown in Figure 3c . Additionally, we implement both BPTT and the proposed method simultaneously within the same training iteration, allowing direct observation of the gradient descent directions. The relation 3d , which revealed that the convergence directions for rate-based backpropagation and BPTT are closely aligned. Remarkably, all tests consistently demonstrate that configurations with T=6 better adhere to the theoretical assumptions than T=4, suggesting that the proposed method can more closely mimic BPTT computations as the timestep increases. This observation also highlights the intrinsic link between our method and rate-coding, suggesting that a larger temporal window may facilitate more stable manifestations of rate-coding.", "section": "Empirical Validation", "sec_num": "5.1"}, {"text": "(\u2207 W l L) rate = 1 T (\u2207 W l L) (A3) was visualized in Figure", "section": "Empirical Validation", "sec_num": "5.1"}, {"text": "We present comparison results in Table 1 . In single-step mode, rate S offers fair comparisons with online schemes, while rate M in multi-step mode competes fairly with other methods employing one-step backpropagation. Unlike online methods such as OTTT [76] , SLTT [48] , and OS [89] , which necessitate spatial backpropagation at every timestep, our proposed method conducts this process only once at the final timestep. Although methods of DSR [47] and SSF [68] delay decoupled backpropagation until the final timestep, allowing for parallel processing across all timesteps to enhance computational speed, they still require each timestep's backpropagation to be managed independently within the backward computation graph. In contrast, our method fully compresses the temporal dimension, achieving one-step time-independent spatial backpropagation. As shown in Table 1 , our method yields comparable performance with BPTT counterparts on benchmarks, showcasing promising capabilities compared to other efficient training methods. While our theoretical analysis and motivation primarily adhere to rate-coding approximations, the performance on static datasets aligns with expectations. The results on the dynamic dataset CIFAR10-DVS also achieve comparable levels, implying a significant presence of rate-based representation within CIFAR10-DVS. More results regarding the performance comparisons between the proposed method and BPTT across various architectures and settings have been detailed in Appendix D.", "section": "Comparison with the State-of-the-Art", "sec_num": "5.2"}, {"text": "we assess the impact of extending timesteps on both accuracy and training efficiency. Figure 4a validates that our method capably manages increased timesteps, thereby confirming the scalability of the proposed method for larger T values. Figure 4b displays the computational and memory expenses incurred during the backward phase, which, as anticipated, do not escalate with increasing T . ", "section": "Impact of Time Expansion", "sec_num": "5.3"}, {"text": "Our method, derived from the principles of rate-based representation, necessitates examining the impact of rate coding on model behavior. Following an insightful approach from [6] , we assess the robustness of our models by shuffling the temporal order of spike sequences while maintaining their rate consistency. This experiment, designed to disrupt temporal information without changing the firing rate, was applied to models trained using rate-based backpropagation. During inference on the test dataset, we introduced perturbations by randomly shuffling the temporal dimensions of input tensors across all neurons, as reported in Table 2 . Notably, models mostly resisted these changes to some degree, which suggests that they follow the basic rules of rate coding, where the reordering of timesteps does not significantly impact overall accuracy. Furthermore, we tracked the average firing rates across each layer over time, presented in Figure 5 . As layers increase, the average spike rates per layer are closely aligned with the temporal mean, validating the idea of rate-coding approximation.", "section": "Analysis of Rate Statistics", "sec_num": "5.4"}, {"text": "Those two experiments support the notion that rate-based backpropagation proficiently captures rate-based representations during training. ", "section": "Analysis of Rate Statistics", "sec_num": "5.4"}, {"text": "In this work, we propose rate-based backpropagation, utilizing rate-coding approximation to streamline the gradient computational graph, significantly reducing both memory usage and training time.", "section": "Conclusion", "sec_num": "6"}, {"text": "Through theoretical analyses and empirical validation, we show the method's feasibility in approximating the optimization direction of BPTT. Experimental results across benchmarks reveal that our method achieves comparable performance with BPTT and surpasses other state-of-the-art efficient training methods. We expect our work to pave the way for more scalable and resource-efficient training of SNNs.", "section": "Conclusion", "sec_num": "6"}, {"text": "A Proof of Theorems = \u2202L \u2202r l rate . Furthermore, given \u03b4", "section": "Conclusion", "sec_num": "6"}, {"text": "(I l ) t = \u2202L \u2202I l t , if E \u03b4 (I l ) t s l-1 t = E \u03b4 (I l ) t E[s l-1 t ] for \u2200l, we then obtain (\u2207 W l L) rate = 1 T (\u2207 W l L).", "section": "Conclusion", "sec_num": "6"}, {"text": "Here, E [x t ] = 1 T t x t refers the mean value of tensor x t over temporal dimension T .", "section": "Conclusion", "sec_num": "6"}, {"text": "Proof. Given \u03b4 , we establish the mean gradients through neural dynamics based on the chain rule:", "section": "Conclusion", "sec_num": "6"}, {"text": "EQUATION", "section": "Conclusion", "sec_num": "6"}, {"text": "Considering the output layer l = L, the objective for BPTT can be expressed as", "section": "Conclusion", "sec_num": "6"}, {"text": "L = \u2113(E[o t ], y) = \u2113(E[W L s L t ], y) = \u2113(W L E[s L t ], y) = \u2113(W L r L , y). Under the rate-based objective L = 1 T \u2113(c L , y) = 1 T \u2113(W L r L-1 , y), it is clear that E[\u03b4 (s L-1 ) t ] = \u2202L \u2202r L-1 rate . Applying the precon- dition E[\u03b4 (s L-1 ) t \u03ba L t ] = E[\u03b4 (s L-1 ) t ]E[\u03ba L-1 t", "section": "Conclusion", "sec_num": "6"}, {"text": "], we obtain:", "section": "Conclusion", "sec_num": "6"}, {"text": "EQUATION", "section": "Conclusion", "sec_num": "6"}, {"text": "Continuing this induction process, we can derive that E[\u03b4 (s l ) t ] = \u2202L \u2202r l rate for all layers l. Further, given \u03b4", "section": "Conclusion", "sec_num": "6"}, {"text": "(I l ) t = \u2202L \u2202I l t", "section": "Conclusion", "sec_num": "6"}, {"text": ", the gradient for the weight matrix under BPTT:", "section": "Conclusion", "sec_num": "6"}, {"text": "\u2207 W l L = t \u2202L \u2202I l t \u2202I l t \u2202W l = t \u03b4 (I l ) t s l-1", "section": "Conclusion", "sec_num": "6"}, {"text": "t . The gradients passing through the linear parts maintain the equivalence:", "section": "Conclusion", "sec_num": "6"}, {"text": "EQUATION", "section": "Conclusion", "sec_num": "6"}, {"text": "With the precondition that E[\u03b4", "section": "Conclusion", "sec_num": "6"}, {"text": "(I l ) t s l-1 t ] = E[\u03b4 (I l ) t ]E[s l-1 t ]", "section": "Conclusion", "sec_num": "6"}, {"text": "holds for \u2200l, we obtain: Save e l T , g l T and W l for backwards, and free intermediate variables. Compute input currents through linear operators I l t = W l s l-1 t ;", "section": "Conclusion", "sec_num": "6"}, {"text": "EQUATION", "section": "Conclusion", "sec_num": "6"}, {"text": "19 Initialize \u03c1 l 0 = 0, g l 0 = 0, e l 0 = 0; [48] design for the single-step mode, which computes mean and variance statistics independently at each time step t:", "section": "Conclusion", "sec_num": "6"}, {"text": "EQUATION", "section": "Conclusion", "sec_num": "6"}, {"text": ")", "section": "Conclusion", "sec_num": "6"}, {"text": "Defining", "section": "Conclusion", "sec_num": "6"}, {"text": "EQUATION", "section": "Conclusion", "sec_num": "6"}, {"text": "= \u2202 \u0128t \u2202\u03b2 , the following expressions are obtained:", "section": "Conclusion", "sec_num": "6"}, {"text": "EQUATION", "section": "Conclusion", "sec_num": "6"}, {"text": ")", "section": "Conclusion", "sec_num": "6"}, {"text": "For the backward derivation of BN in a rate-based setting based on mean estimations through time, we implement", "section": "Conclusion", "sec_num": "6"}, {"text": "\u2202L \u2202c = \u2202L \u2202 c E[\u03c7 (I) t ], \u2202L \u2202\u03b3 = \u2202L \u2202 c E[\u03c7 (\u03b3) t ], \u2202L \u2202\u03b2 = \u2202L \u2202 c E[\u03c7 (\u03b2) t ] = \u2202L \u2202 c .", "section": "Conclusion", "sec_num": "6"}, {"text": "Since gradient computation at each timestep is independent, the dynamic estimations of E[\u03c7", "section": "Conclusion", "sec_num": "6"}, {"text": "(I) t ] and E[\u03c7 (\u03b3)", "section": "Conclusion", "sec_num": "6"}, {"text": "t ] are performed in the same manner of {e l t } t\u2264T and {g l t } t\u2264T . In the multi-step mode, tdBN [87] accounts for mean and variance statistics over the entire time horizon:", "section": "Conclusion", "sec_num": "6"}, {"text": "EQUATION", "section": "Conclusion", "sec_num": "6"}, {"text": ")", "section": "Conclusion", "sec_num": "6"}, {"text": "The rate-based representation integrates the input across the time dimension, with the mean \u00b5 c = b c (b) , and variance", "section": "Conclusion", "sec_num": "6"}, {"text": "\u03c3 2 c = 1 B b (c (b) -\u00b5 c ) 2 . Since c is the temporal mean of inputs, it is clear that \u00b5 c = \u00b5 and \u03c3 2 c \u2264 \u03c3 2 . Note that \u2202\u03c3 2 \u2202It = 1 BT t b (I (b) t -\u00b5) = 1 B b (c (b) -\u00b5 c ) = \u2202\u03c3 2 c", "section": "Conclusion", "sec_num": "6"}, {"text": "\u2202c . Assuming \u2202It \u2202c = Id, we derive \u2202\u00b5 \u2202It = \u2202\u00b5c \u2202c . For the forward approximation specifically tailored for tdBN in rate-based backpropagation, we define:", "section": "Conclusion", "sec_num": "6"}, {"text": "EQUATION", "section": "Conclusion", "sec_num": "6"}, {"text": "where \u03b3 and \u03b2 refer to the same intrinsic parameters shared with BN(I t ), and \u03c32 c is defined distinctly in forward and backward passes: \u03c32 c = \u03c3 2 in forward and ", "section": "Conclusion", "sec_num": "6"}, {"text": "C.1 Datasets CIFAR-10 and CIFAR-100. The CIFAR-10 and CIFAR-100 [37] datasets contain 32x32 color images across different classes, licensed under MIT. CIFAR-10 includes 60,000 images across 10 classes, with 50,000 for training and 10,000 for testing, whereas CIFAR-100 is spread over 100 classes. Both datasets have been normalized for zero mean and unit variance. Image data augmentation is applied using AutoAugment [9] and Cutout [14] strategies, similar to the implementations in recent studies [42, 7, 24, 69, 13] . The pixel values are directly fed into the input layer at each timestep as direct encoding [55] .", "section": "C Experimental Settings", "sec_num": null}, {"text": "ImageNet. The ImageNet-1K dataset [11] comprises 1,281,167 training images and 50,000 validation images distributed across 1,000 classes, licensed for non-commercial use. ImageNet-1K images are normalized for zero mean and unit variance. Training images undergo random resized cropping to 224x224 pixels and horizontal flipping, while validation images are resized to 256x256 and then center-cropped to 224x224. The images are transformed into time sequences through direct encoding [55] , following the approach used for CIFAR datasets. CIFAR10-DVS. The CIFAR10-DVS dataset [41] is a neuromorphic version of CIFAR-10, which includes 10,000 event-based images captured by the DVS camera with pixel dimensions expanded to 128\u00d7128, licensed under CC BY 4.0. We split the whole dataset into 9000 training images and 1000 testing images. Data preprocessing involves integrating events into frames [21, 19] and reducing the spatial resolution to 48x48 through interpolation. Additional data augmentation includes random horizontal flips and random rolls within a 5-pixel range, mirroring previous methods [76, 48] .", "section": "C Experimental Settings", "sec_num": null}, {"text": "Network Architectures. For the CIFAR-10, CIFAR-100, and CIFAR10-DVS datasets, our method is tested on standard network architectures, including ResNet-18, ResNet-19, and VGG-11 [63, 32, 87, 76, 19, 69] . On the ImageNet dataset, we adapt two variations on ResNet architecture [32] , SEW-ResNet-34 [87] specially proposed for SNNs, and ResNet-34 with pre-activation residual blocks [33] , aligning with previous works [76, 48, 89] . While OTTT [76] and SLTT [48] frameworks utilize normalization-free techniques under the ResNet-34 framework [5] , Zhu et al. [89] substitute these with their custom-designed batch normalization. We directly employ tdBN [87] instead of normalization-free methods in our experiments.", "section": "C.2 Training Setup", "sec_num": null}, {"text": "Training Details. This work utilizes the widely adopted sigmoid-based surrogate gradient [19] to approximate the Heaviside step function using h(x, \u03b1) = 1 1+e \u03b1x and sets \u03b1 = 4 to ensure the maximum derivative of the surrogate function is 1 for preventing gradient explosion. All implementations are based on the PyTorch [53] and SpikingJelly [19] frameworks. The experiments on CIFAR-10, CIFAR-100, and CIFAR10-DVS datasets run on one NVIDIA GeForce RTX 3090 GPU. For ImageNet, distributed data parallel processing is utilized across eight NVIDIA GeForce RTX 4090 GPUs. We use the SGD optimizer [58] with a momentum of 0.9 for all tasks, integrating a cosine annealing strategy [45] for the learning rate schedule. Other hyperparameters are listed in Table 3 . ", "section": "C.2 Training Setup", "sec_num": null}, {"text": "As shown in Figure 6 , we extend conduct empirical experiments on CIFAR10-DVS as avalidation in the case of dynamic datasets. The observations confirm that, even in data with a degree of temporal information, the empirical validation of the assumptions remains consistent with expectations. This alignment emphasizes that the approximate relationship between rate-based backpropagation and BPTT remains substantially consistent. As a result, this stability ensures that our approach continues to effectively extract rate-based representations from neuromorphic datasets with a degree of temporal dynamics, thereby maintaining robust performance across diverse data scenarios.", "section": "D.1 Empirical Validation on CIFAR10-DVS", "sec_num": null}, {"text": "We conduct additional experiments to illustrate the comparative performance of rate-based backpropagation versus BPTT, as presented in Table 4 for CIFAR-10 and Table 5 for CIFAR-100. These experiments span various configurations, including different network architectures-ResNet-18, ", "section": "D.2 Extended Performance Comparisons with BPTT", "sec_num": null}, {"text": "To enhance the understanding of the scalability of the proposed method, we extended our analysis to include training costs across the CIFAR-100 and ImageNet datasets, utilizing additional network architectures as detailed in Table 6 . This comprehensive evaluation aimed to assess the impact of varying time steps on performance, memory, and time costs. We integrated the computation of eligibility traces during the forward process, ensuring a fair comparison by incorporating these iterative computations into the overall cost assessment. The results reveal that the total cost of rate-based backpropagation demonstrates a clear advantage over BPTT when timesteps T \u2265 2, which underscores the efficiency of the proposed method approach in managing computational resources while maintaining comparative performance across various datasets and network architectures.", "section": "D.3 Comprehensive Evaluation of Training Costs", "sec_num": null}, {"text": "There Justification: See Abstract and Section 1.", "section": "E Social Impacts and Limitations", "sec_num": null}, {"text": "Guidelines:", "section": "E Social Impacts and Limitations", "sec_num": null}, {"text": "\u2022 The answer NA means that the abstract and introduction do not include the claims made in the paper. \u2022 The abstract and/or introduction should clearly state the claims made, including the contributions made in the paper and important assumptions and limitations. A No or NA answer to this question will not be perceived well by the reviewers. \u2022 The claims made should match theoretical and experimental results, and reflect how much the results can be expected to generalize to other settings. \u2022 It is fine to include aspirational goals as motivation as long as it is clear that these goals are not attained by the paper.", "section": "E Social Impacts and Limitations", "sec_num": null}, {"text": "Question: Does the paper discuss the limitations of the work performed by the authors?", "section": "Limitations", "sec_num": "2."}, {"text": "Answer: [Yes]", "section": "Limitations", "sec_num": "2."}, {"text": "Justification: See Appendix E.", "section": "Limitations", "sec_num": "2."}, {"text": "Guidelines:", "section": "Limitations", "sec_num": "2."}, {"text": "\u2022 The answer NA means that the paper has no limitation while the answer No means that the paper has limitations, but those are not discussed in the paper. \u2022 The authors are encouraged to create a separate \"Limitations\" section in their paper.", "section": "Limitations", "sec_num": "2."}, {"text": "\u2022 The paper should point out any strong assumptions and how robust the results are to violations of these assumptions (e.g., independence assumptions, noiseless settings, model well-specification, asymptotic approximations only holding locally). The authors should reflect on how these assumptions might be violated in practice and what the implications would be. \u2022 The authors should reflect on the scope of the claims made, e.g., if the approach was only tested on a few datasets or with a few runs. In general, empirical results often depend on implicit assumptions, which should be articulated. \u2022 The authors should reflect on the factors that influence the performance of the approach.", "section": "Limitations", "sec_num": "2."}, {"text": "For example, a facial recognition algorithm may perform poorly when image resolution is low or images are taken in low lighting. Or a speech-to-text system might not be used reliably to provide closed captions for online lectures because it fails to handle technical jargon. \u2022 The authors should discuss the computational efficiency of the proposed algorithms and how they scale with dataset size. \u2022 If applicable, the authors should discuss possible limitations of their approach to address problems of privacy and fairness. \u2022 While the authors might fear that complete honesty about limitations might be used by reviewers as grounds for rejection, a worse outcome might be that reviewers discover limitations that aren't acknowledged in the paper. The authors should use their best judgment and recognize that individual actions in favor of transparency play an important role in developing norms that preserve the integrity of the community. Reviewers will be specifically instructed to not penalize honesty concerning limitations.", "section": "Limitations", "sec_num": "2."}, {"text": "Question: For each theoretical result, does the paper provide the full set of assumptions and a complete (and correct) proof?", "section": "Theory Assumptions and Proofs", "sec_num": "3."}, {"text": "Answer Guidelines:", "section": "Theory Assumptions and Proofs", "sec_num": "3."}, {"text": "\u2022 The answer NA means that there is no societal impact of the work performed.", "section": "Theory Assumptions and Proofs", "sec_num": "3."}, {"text": "\u2022 If the authors answer NA or No, they should explain why their work has no societal impact or why the paper does not address societal impact. \u2022 Examples of negative societal impacts include potential malicious or unintended uses (e.g., disinformation, generating fake profiles, surveillance), fairness considerations (e.g., deployment of technologies that could make decisions that unfairly impact specific groups), privacy considerations, and security considerations. \u2022 The conference expects that many papers will be foundational research and not tied to particular applications, let alone deployments. However, if there is a direct path to any negative applications, the authors should point it out. For example, it is legitimate to point out that an improvement in the quality of generative models could be used to generate deepfakes for disinformation. On the other hand, it is not needed to point out that a generic algorithm for optimizing neural networks could enable people to train models that generate Deepfakes faster. \u2022 The authors should consider possible harms that could arise when the technology is being used as intended and functioning correctly, harms that could arise when the technology is being used as intended but gives incorrect results, and harms following from (intentional or unintentional) misuse of the technology. \u2022 If there are negative societal impacts, the authors could also discuss possible mitigation strategies (e.g., gated release of models, providing defenses in addition to attacks, mechanisms for monitoring misuse, mechanisms to monitor how a system learns from feedback over time, improving the efficiency and accessibility of ML).", "section": "Theory Assumptions and Proofs", "sec_num": "3."}, {"text": "Question: Does the paper describe safeguards that have been put in place for responsible release of data or models that have a high risk for misuse (e.g., pretrained language models, image generators, or scraped datasets)? Answer: [NA] Justification: No such risks. Guidelines:", "section": "Safeguards", "sec_num": "11."}, {"text": "\u2022 The answer NA means that the paper poses no such risks.", "section": "Safeguards", "sec_num": "11."}, {"text": "\u2022 Released models that have a high risk for misuse or dual-use should be released with necessary safeguards to allow for controlled use of the model, for example by requiring that users adhere to usage guidelines or restrictions to access the model or implementing safety filters. \u2022 Datasets that have been scraped from the Internet could pose safety risks. The authors should describe how they avoided releasing unsafe images. \u2022 We recognize that providing effective safeguards is challenging, and many papers do not require this, but we encourage authors to take this into account and make a best faith effort. 12. Licenses for existing assets Question: Are the creators or original owners of assets (e.g., code, data, models), used in the paper, properly credited and are the license and terms of use explicitly mentioned and properly respected? Answer: [Yes] Justification: See Appendix C. Guidelines:", "section": "Safeguards", "sec_num": "11."}, {"text": "\u2022 The answer NA means that the paper does not use existing assets.", "section": "Safeguards", "sec_num": "11."}, {"text": "\u2022 The authors should cite the original paper that produced the code package or dataset.", "section": "Safeguards", "sec_num": "11."}, {"text": "\u2022 The authors should state which version of the asset is used and, if possible, include a URL. \u2022 The name of the license (e.g., CC-BY 4.0) should be included for each asset.", "section": "Safeguards", "sec_num": "11."}, {"text": "\u2022 For scraped data from a particular source (e.g., website), the copyright and terms of service of that source should be provided. \u2022 If assets are released, the license, copyright information, and terms of use in the package should be provided. For popular datasets, paperswithcode.com/datasets has curated licenses for some datasets. Their licensing guide can help determine the license of a dataset. \u2022 For existing datasets that are re-packaged, both the original license and the license of the derived asset (if it has changed) should be provided. \u2022 If this information is not available online, the authors are encouraged to reach out to the asset's creators.", "section": "Safeguards", "sec_num": "11."}, {"text": "Question: Are new assets introduced in the paper well documented and is the documentation provided alongside the assets?", "section": "New Assets", "sec_num": "13."}], "back_matter": [{"text": "This work was supported by the National Natural Science Foundation of China (Grant No. 62304203), the Natural Science Foundation of Zhejiang Province, China (Grant No. LQ22F010011), and the ZJU-UIUC Center for Heterogeneously Integrated Brain-Inspired Computing.", "section": "Acknowledgment", "sec_num": null}, {"text": "error propagated through Eq. (7) , and \u03b4 (I l ) t = \u2202L \u2202I l t as the error propagated through BPTT, with]. We have the gradient difference bounded by \u03b4 L-k rate -E[\u03b4Proof. Given that the error backpropagation \u2202I l+1 \u2202I l follows a 1-Lipschitz condition with biases bounded by B for all l, we can derive E[\u03b4] + B by non-expansivity. Then, by induction, we obtain the gradient bound between the intermediate layers and the final layer:(E[\u03b4] .Since \u2202I l+1 \u2202I l t = W l+1 \u22a4 \u03ba l t is also 1-Lipschitz continuous without loss of generality, given the approximated approximated error \u03f5 > 0 s.t.", "section": "annex", "sec_num": null}, {"text": "we haveBy induction, we obtain", "section": "E[\u03b4", "sec_num": null}, {"text": "The pseudocode for rate-based backpropagation, illustrating the implementations for both rate M and rate S , is provided in Algorithm 1.", "section": "B Implementation Details B.1 Pseudocode of the Rate-based Backpropagation", "sec_num": null}, {"text": "In direct training, two distinct implementation modes are recognized, activation-based and time-based [19] , differing fundamentally in their handling of the simulation timestep T . The activation-based, also known as multi-step mode, processes the T loop separately within each layer, transmitting inter-layer tensors within dimensions [T, B, S], where B and S refer to batch and spatial dimensions, respectively. The configuration enables the multi-step mode to enhance computational efficiency by reformatting the tensor dimensions as [T \u00d7 B, S] to optimize parallelism in linear parts. However, the coupled processing with temporal calculations embedded within the layers increases memory retention on GPUs, potentially obscuring the benefits of memory cost optimization in both online training and our proposed methods. In contrast, the time-based mode externalizes the T loop, facilitating single-step forward computations at each timestep. This single-step mode aligns well with the dynamic modeling of temporal dimensions and facilitates memory optimization strategies more effectively. However, its restriction on parallel computation in linear components compared to multi-step mode necessitates increased forward time on GPUs, albeit with enhanced support for memory optimization. Our proposed method has been adapted to operate effectively within both frameworks to ensure comprehensiveness, as shown in Algorithm Guidelines:\u2022 The answer NA means that the paper does not include theoretical results.\u2022 All the theorems, formulas, and proofs in the paper should be numbered and crossreferenced. \u2022 All assumptions should be clearly stated or referenced in the statement of any theorems.\u2022 The proofs can either appear in the main paper or the supplemental material, but if they appear in the supplemental material, the authors are encouraged to provide a short proof sketch to provide intuition. \u2022 Inversely, any informal proof provided in the core of the paper should be complemented by formal proofs provided in appendix or supplemental material. \u2022 Theorems and Lemmas that the proof relies upon should be properly referenced.", "section": "B.2 About Training Modes in Rate-based Backpropagation", "sec_num": null}, {"text": "Question: Does the paper fully disclose all the information needed to reproduce the main experimental results of the paper to the extent that it affects the main claims and/or conclusions of the paper (regardless of whether the code and data are provided or not)? Answer: [Yes] Justification: See Section 4.4, Appendix B and Appendix C. Guidelines:\u2022 The answer NA means that the paper does not include experiments.\u2022 If the paper includes experiments, a No answer to this question will not be perceived well by the reviewers: Making the paper reproducible is important, regardless of whether the code and data are provided or not. \u2022 If the contribution is a dataset and/or model, the authors should describe the steps taken to make their results reproducible or verifiable. \u2022 Depending on the contribution, reproducibility can be accomplished in various ways.For example, if the contribution is a novel architecture, describing the architecture fully might suffice, or if the contribution is a specific model and empirical evaluation, it may be necessary to either make it possible for others to replicate the model with the same dataset, or provide access to the model. In general. releasing code and data is often one good way to accomplish this, but reproducibility can also be provided via detailed instructions for how to replicate the results, access to a hosted model (e.g., in the case of a large language model), releasing of a model checkpoint, or other means that are appropriate to the research performed. \u2022 While NeurIPS does not require releasing code, the conference does require all submissions to provide some reasonable avenue for reproducibility, which may depend on the nature of the contribution. , with an open-source dataset or instructions for how to construct the dataset). (d) We recognize that reproducibility may be tricky in some cases, in which case authors are welcome to describe the particular way they provide for reproducibility.In the case of closed-source models, it may be that access to the model is limited in some way (e.g., to registered users), but it should be possible for other researchers to have some path to reproducing or verifying the results.", "section": "Experimental Result Reproducibility", "sec_num": "4."}, {"text": "Question: Does the paper provide open access to the data and code, with sufficient instructions to faithfully reproduce the main experimental results, as described in supplemental material?Answer \u2022 We recognize that the procedures for this may vary significantly between institutions and locations, and we expect authors to adhere to the NeurIPS Code of Ethics and the guidelines for their institution. \u2022 For initial submissions, do not include any information that would break anonymity (if applicable), such as the institution conducting the review.", "section": "Open access to data and code", "sec_num": "5."}], "ref_entries": {"FIGREF0": {"num": null, "text": "Figure 1: Illustration of the forward and backward procedures of different training methods.", "type_str": "figure", "uris": null, "fig_num": "1"}, "FIGREF1": {"num": null, "text": "Figure 2: The implementation of rate-based backpropagation across layers. A rate-coding approximation is utilized for the forward procedure to connect average inputs with rate outputs, enabling fast rate-based error backpropagation throughout the training process. from both (spatial) spike generation and (temporal) potential accumulation, expressed as: \u2202L \u2202u l t = \u2202L \u2202s l t", "type_str": "figure", "uris": null, "fig_num": "21"}, "FIGREF2": {"num": null, "text": "training, two distinct training modes are recognized: (multi-step) activation-based and (single-step) time-based [19], differing fundamentally in handling the timesteps loop. We implement our rate-based propagation in both modes: rate M denotes the multi-step training mode where T loops are embedded within layers, and rate S refers to the single-step training mode with T loops outside the layers. A detailed discussion of training modes is included in Appendix B.", "type_str": "figure", "uris": null, "fig_num": null}, "FIGREF3": {"num": null, "text": "Figure 3: Empirical measurements conducted on the training procedure of BPTT. The experiments are carried out on the CIFAR-100 dataset using ResNet-18. Each subplot is labeled according to the naming convention \"A{test#}-T{timesteps#}-{target}-L{layer#}B{block#}N{LIF#}/C{conv#}.\"", "type_str": "figure", "uris": null, "fig_num": "3"}, "FIGREF4": {"num": null, "text": "Figure 4: Results of BPTT and rate M across various timesteps.Table 2: Performance w/o and w/ temporal shuffle for models trained by rate M", "type_str": "figure", "uris": null, "fig_num": "4"}, "FIGREF5": {"num": null, "text": "Figure 5: Firing rates statistics for models trained by rate M .", "type_str": "figure", "uris": null, "fig_num": "5"}, "FIGREF7": {"num": null, "text": "0 = 0, g l 0 = 0, e l 0 = 0 for all l \u2208 [1, L].", "type_str": "figure", "uris": null, "fig_num": null}, "FIGREF8": {"num": null, "text": "to L do 18", "type_str": "figure", "uris": null, "fig_num": "16171"}, "FIGREF9": {"num": null, "text": "Implementation of Batch Normalization in Rate-based Backpropagation In the forward pass, batch normalization (BN) precedes neuron activation, scaling inputs I l t and introduces a bias in the average inputs c = E[I t ]. We denote c to represent the biased average inputs as c = E[ \u0128t ] = E[BN(I t )] instead of c. Note that BN acts as a linear operation during inference, where c = E[ \u0128t ] = E[BN(I t )] = BN(E[I t ]) = BN(c). Implementing rate-based propagation requires considering how gradients pass through the BN layers and affect their intrinsic parameters during training. Initially, we explore the spatial BN", "type_str": "figure", "uris": null, "fig_num": "3"}, "FIGREF10": {"num": null, "text": "Id in backward. The implementation utilizes gradient replacement with the detach operation in PyTorch: \u03c32 c = detach(\u03c3 2 -\u03c3 2 c )+\u03c3 2 c . Thus, in the forward phase, c = BN(c) = E[BN(I t )], and in the backward phase, \u2202 c \u2202c = E[ \u2202 c \u2202It ], aligning perfectly with the foundational principles of rate-based backpropagation.", "type_str": "figure", "uris": null, "fig_num": "2"}, "FIGREF11": {"num": null, "text": "Figure 6: Empirical measurements conducted on the CIFAR10-DVS dataset.", "type_str": "figure", "uris": null, "fig_num": "6"}, "TABREF0": {"num": null, "content": "<table><tr><td/><td>Training</td><td>Method</td><td>Model</td><td>Timesteps</td><td>Top-1 Acc (%)</td></tr><tr><td/><td>QCFS [7]</td><td>ANN2SNN</td><td>ResNet-18</td><td>8</td><td>94.82</td></tr><tr><td/><td>DSR [47]</td><td>one-step</td><td>PreAct-ResNet-18</td><td>20</td><td>95.10\u00b10.15</td></tr><tr><td/><td>SSF [68]</td><td>one-step</td><td>PreAct-ResNet-18</td><td>20</td><td>94.90</td></tr><tr><td/><td>BPTT M</td><td>BPTT</td><td>ResNet-18</td><td>4</td><td>95.64</td></tr><tr><td/><td>rate M (ours)</td><td>one-step</td><td>ResNet-18</td><td>4</td><td>95.61\u00b10.02(95.64)</td></tr><tr><td>CIFAR10</td><td>OTTT [76] SLTT [48] OS [89]</td><td>online online online</td><td>VGG-11  *  ResNet-18 VGG-11 ResNet-19</td><td>6 6 4 4</td><td>93.52\u00b10.06 94.44\u00b10.21 94.35 95.20</td></tr><tr><td/><td>BPTT S</td><td>BPTT</td><td>ResNet-18</td><td>4</td><td>95.53</td></tr><tr><td/><td/><td/><td>VGG-11</td><td>4</td><td>95.61</td></tr><tr><td/><td>rate S (ours)</td><td>one-step</td><td>ResNet-18</td><td>4</td><td>95.42\u00b10.11(95.56)</td></tr><tr><td/><td/><td/><td>VGG-11</td><td>4</td><td>95.57\u00b10.08(95.68)</td></tr><tr><td/><td>DSR [47]</td><td>one-step</td><td>PreAct-ResNet-18</td><td>20</td><td>78.50\u00b10.12</td></tr><tr><td/><td>SSF [68]</td><td>one-step</td><td>PreAct-ResNet-18</td><td>20</td><td>75.48</td></tr><tr><td/><td>BPTT M</td><td>BPTT</td><td>ResNet-18</td><td>4</td><td>77.93</td></tr><tr><td/><td>rate M (ours)</td><td>one-step</td><td>ResNet-18</td><td>4</td><td>78.26\u00b10.12(78.38)</td></tr><tr><td>CIFAR100</td><td>OTTT [76] SLTT [48] OS [89]</td><td>online online online</td><td>VGG-11  *  ResNet-18 VGG-11 ResNet-19</td><td>6 6 4 4</td><td>71.05\u00b10.04 74.38\u00b10.30 76.48 77.86</td></tr><tr><td/><td>BPTT S</td><td>BPTT</td><td>ResNet-18</td><td>4</td><td>77.72</td></tr><tr><td/><td/><td/><td>VGG-11</td><td>4</td><td>77.82</td></tr><tr><td/><td>rate S (ours)</td><td>one-step</td><td>ResNet-18</td><td>4</td><td>77.73\u00b10.28(77.93)</td></tr><tr><td/><td/><td/><td>VGG-11</td><td>4</td><td>77.87\u00b10.35(78.13)</td></tr><tr><td/><td>OTTT [76]</td><td>online</td><td>PreAct-ResNet-34*</td><td>6</td><td>65.15</td></tr><tr><td/><td>SLTT [48]</td><td>online</td><td>PreAct-ResNet-34*</td><td>6</td><td>66.19</td></tr><tr><td>ImageNet</td><td>OS [89] SEW-ResNet [20] rate S (ours)</td><td>online BPTT one-step</td><td>SEW-ResNet-34 PreAct-ResNet-34 SEW-ResNet-34 SEW-ResNet-34 PreAct-ResNet-34</td><td>4 4 4 4 4</td><td>64.14 67.54 67.04 65.66 69.58</td></tr><tr><td/><td>rate M (ours)</td><td>one-step</td><td>SEW-ResNet-34 PreAct-ResNet-34</td><td>4 4</td><td>65.84 70.01</td></tr><tr><td>CIFAR10-DVS</td><td>DSR [47] SSF [68] OTTT [76] SLTT [48] BPTT S BPTT M</td><td>one-step online BPTT</td><td>VGG-11 VGG-11 VGG-11  *  VGG-11 VGG-11 VGG-11</td><td>20 20 10 10 10 10</td><td>77.27\u00b10.24 78.0 76.63\u00b10.34 77.17\u00b10.23 76.73 76.86</td></tr><tr><td/><td>rate S (ours) rate M (ours)</td><td>one-step</td><td>VGG-11 VGG-11</td><td>10 10</td><td>76.48\u00b10.23(76.71) 76.96\u00b10.13(77.13)</td></tr></table>", "text": "Performance on CIFAR-10, CIFAR-100, ImageNet, and CIFAR10-DVS. Results are averaged over three runs of experiments, except for single crop evaluations on ImageNet. Models marked with ( * ) employ scaled weight standardization, adapting to normalizer-free architectures.", "type_str": "table", "html": null}, "TABREF1": {"num": null, "content": "<table><tr><td>Dataset</td><td>Model</td><td colspan=\"2\">Timesteps Accuracy</td><td>Shuffled</td></tr><tr><td/><td/><td>2</td><td>94.77</td><td>94.63\u00b10.04</td></tr><tr><td/><td>ResNet-18</td><td>4</td><td>95.51</td><td>95.50\u00b10.04</td></tr><tr><td>CIFAR-10</td><td/><td>6 2</td><td>95.97 95.13</td><td>95.95\u00b10.09 95.10\u00b10.05</td></tr><tr><td/><td>VGG-11</td><td>4</td><td>95.37</td><td>95.37\u00b10.03</td></tr><tr><td/><td/><td>6</td><td>95.77</td><td>95.79\u00b10.05</td></tr><tr><td/><td/><td>2</td><td>76.27</td><td>75.59\u00b10.11</td></tr><tr><td/><td>ResNet-18</td><td>4</td><td>78.32</td><td>77.72\u00b10.15</td></tr><tr><td>CIFAR-100</td><td/><td>6 2</td><td>79.10 77.46</td><td>79.10\u00b10.14 77.21\u00b10.12</td></tr><tr><td/><td>VGG-11</td><td>4</td><td>77.88</td><td>77.78\u00b10.16</td></tr><tr><td/><td/><td>6</td><td>77.97</td><td>78.02\u00b10.09</td></tr><tr><td>ImageNet</td><td>SEW-ResNet-34 PreAct-ResNet-34</td><td>4 4</td><td>65.84 70.01</td><td>65.11\u00b10.11 69.78\u00b10.10</td></tr><tr><td>CIFAR10-DVS</td><td>VGG-11</td><td>10</td><td>76.50</td><td>74.69\u00b10.17</td></tr></table>", "text": "Performance w/o and w/ temporal shuffle for models trained by rate M", "type_str": "table", "html": null}, "TABREF3": {"num": null, "content": "<table><tr><td colspan=\"2\">2 if rate M then</td><td/><td/><td/><td/><td/></tr><tr><td>3</td><td colspan=\"2\">for l = 1 to L do</td><td/><td/><td/><td/></tr><tr><td>4</td><td colspan=\"7\">Compute input currents through linear operators I l t = W l s l-1 t</td><td>for all t \u2208 [1, T ];</td></tr><tr><td>5</td><td colspan=\"5\">Initialize \u03c1 l 0 = 0, g l 0 = 0, e l 0 = 0.</td><td/></tr><tr><td>6</td><td colspan=\"2\">for t = 1 to T do</td><td/><td/><td/><td/></tr><tr><td>7</td><td colspan=\"7\">Compute output spikes s l t from I l t following neural dynamics in Eq. (1);</td></tr><tr><td>8</td><td colspan=\"6\">Compute the eligibility trace \u03c1 l t = 1 + \u03c1 l t-1</td><td>\u2202u l t \u2202u l t-1</td><td>+</td><td>\u2202u l t \u2202s l t-1</td><td>\u2202s l t-1 t-1 \u2202u l</td><td>in Eq. (8);</td></tr><tr><td>9 10</td><td colspan=\"5\">Accumulate e l t = 1 t ((t -1)e l t-1 + s l t ); Accumulate g l t = 1 t ((t -1)g l t-1 + \u2202s l t \u2202u l t</td><td>\u03c1 t ).</td></tr><tr><td/><td colspan=\"2\">Theorem 2. For gradients \u03b4</td><td>(s l ) t</td><td>= \u2202L \u2202s l t</td><td colspan=\"2\">and \u03ba l t = \u03c4</td><td>\u2202s l t \u03c4 \u2202I l</td><td>, given the approximation error bound</td></tr><tr><td/><td>\u03f5 &gt; 0 s.t. E \u03b4 t (s l )</td><td colspan=\"2\">\u03ba l t -E \u03b4 t (s l )</td><td>E \u03ba l</td><td/><td/></tr></table>", "text": ") Trainable parameters {W l } l\u2264L ; Training Mini-batch {(x 0 t , y)}; Training Mode rate S or rate M . Output: Updated parameters {W l } l\u2264L 1 Initialize input spikes s 0 t = x 0 t for all t \u2208 [1, T ].", "type_str": "table", "html": null}, "TABREF5": {"num": null, "content": "<table><tr><td/><td colspan=\"4\">CIFAR-10 CIFAR-100 ImageNet CIFAR10-DVS</td></tr><tr><td>Epoch</td><td>300</td><td>300</td><td>100</td><td>300</td></tr><tr><td>Learning rate</td><td>0.1</td><td>0.1</td><td>0.2</td><td>0.1</td></tr><tr><td>Batch size</td><td>128</td><td>128</td><td>512</td><td>128</td></tr><tr><td>Weight decay</td><td>5e-4</td><td>5e-4</td><td>2e-5</td><td>5e-4</td></tr></table>", "text": "Training hyperparameters.", "type_str": "table", "html": null}, "TABREF6": {"num": null, "content": "<table><tr><td>Training</td><td>Model</td><td>Timesteps</td><td>Top-1 Acc (%)</td></tr><tr><td/><td/><td>2</td><td>95.02</td></tr><tr><td/><td>ResNet-18</td><td>4</td><td>95.53</td></tr><tr><td/><td/><td>6</td><td>95.68</td></tr><tr><td>BPTT S</td><td>ResNet-19</td><td>2 4</td><td>96.12 96.38</td></tr><tr><td/><td/><td>6</td><td>96.57</td></tr><tr><td/><td/><td>2</td><td>95.27</td></tr><tr><td/><td>VGG-11</td><td>4</td><td>95.61</td></tr><tr><td/><td/><td>6</td><td>95.63</td></tr><tr><td/><td/><td>2</td><td>94.82\u00b10.07(94.89)</td></tr><tr><td/><td>ResNet-18</td><td>4</td><td>95.42\u00b10.11(95.56)</td></tr><tr><td/><td/><td>6</td><td>95.73\u00b10.03(95.78)</td></tr><tr><td>rate S</td><td>ResNet-19</td><td>2 4</td><td>96.11\u00b10.05(96.18) 96.32\u00b10.04(96.38)</td></tr><tr><td/><td/><td>6</td><td>96.38\u00b10.06(96.45)</td></tr><tr><td/><td/><td>2</td><td>95.44\u00b10.02(95.46)</td></tr><tr><td/><td>VGG-11</td><td>4</td><td>95.57\u00b10.08(95.68)</td></tr><tr><td/><td/><td>6</td><td>95.64\u00b10.12(95.76)</td></tr><tr><td/><td/><td>2</td><td>94.93</td></tr><tr><td/><td>ResNet-18</td><td>4</td><td>95.64</td></tr><tr><td/><td/><td>6</td><td>96.03</td></tr><tr><td>BPTT M</td><td>ResNet-19</td><td>2 4</td><td>96.16 96.49</td></tr><tr><td/><td/><td>6</td><td>96.70</td></tr><tr><td/><td/><td>2</td><td>95.31</td></tr><tr><td/><td>VGG-11</td><td>4</td><td>95.67</td></tr><tr><td/><td/><td>6</td><td>95.64</td></tr><tr><td/><td/><td>2</td><td>94.75\u00b10.05(94.82)</td></tr><tr><td/><td>ResNet-18</td><td>4</td><td>95.61\u00b10.02(95.64)</td></tr><tr><td/><td/><td>6</td><td>95.90\u00b10.07(96.01)</td></tr><tr><td>rate M</td><td>ResNet-19</td><td>2 4</td><td>96.23\u00b10.10(96.33) 96.26\u00b10.03(96.29)</td></tr><tr><td/><td/><td>6</td><td>96.38\u00b10.02(96.40)</td></tr><tr><td/><td/><td>2</td><td>95.17\u00b10.12(95.35)</td></tr><tr><td/><td>VGG-11</td><td>4</td><td>95.30\u00b10.06(95.37)</td></tr><tr><td/><td/><td>6</td><td>95.23\u00b10.06(95.32)</td></tr></table>", "text": "Performance comparison of rate-based backpropagation and BPTT on CIFAR-10.", "type_str": "table", "html": null}, "TABREF7": {"num": null, "content": "<table><tr><td/><td/><td/><td/><td/><td/><td>Timesteps</td><td/></tr><tr><td>Datasets</td><td>Network</td><td>Method</td><td/><td>T=1</td><td>T=2</td><td>T=4</td><td>T=8</td><td>T=16</td></tr><tr><td/><td/><td/><td colspan=\"2\">Time of Eligibility Track 0.003</td><td>0.004</td><td>0.007</td><td>0.015</td><td>0.027</td></tr><tr><td/><td/><td/><td>Time of Backward</td><td>0.034</td><td>0.035</td><td>0.036</td><td>0.034</td><td>0.036</td></tr><tr><td/><td/><td>rate M</td><td>Time of both</td><td>0.037</td><td>0.039</td><td>0.043</td><td>0.049</td><td>0.063</td></tr><tr><td/><td>ResNet-18</td><td/><td>Memory Allocated Top-1 Acc [%]</td><td colspan=\"3\">1.8492 1.8488 1.8473 74.60 76.04 78.24</td><td>1.8496 79.24</td><td>1.8483 79.37</td></tr><tr><td/><td/><td/><td>Time of Backward</td><td>0.023</td><td>0.044</td><td>0.098</td><td>0.199</td><td>0.564</td></tr><tr><td/><td/><td>BPTT M</td><td>Memory Allocated</td><td colspan=\"3\">1.4272 2.4454 4.4804</td><td>8.0460</td><td>15.685</td></tr><tr><td/><td/><td/><td>Top-1 Acc [%]</td><td>74.38</td><td>76.65</td><td>78.49</td><td>78.35</td></tr><tr><td/><td/><td/><td colspan=\"2\">Time of Eligibility Track 0.006</td><td>0.012</td><td>0.020</td><td>0.041</td></tr><tr><td/><td/><td/><td>Time of Backward</td><td>0.083</td><td>0.083</td><td>0.082</td><td>0.083</td></tr><tr><td/><td/><td>rate M</td><td>Time of both</td><td>0.089</td><td>0.095</td><td>0.102</td><td>0.124</td></tr><tr><td>CIFAR100</td><td>ResNet-19</td><td/><td colspan=\"4\">Memory Allocated [GB] 4.4787 4.4798 4.4788 Top-1 Acc [%] 78.3 80.00 80.65</td><td>4.4784 81.31</td></tr><tr><td/><td/><td/><td>Time of Backward</td><td>0.046</td><td>0.111</td><td>0.285</td><td>0.552</td></tr><tr><td/><td/><td>BPTT M</td><td colspan=\"5\">Memory Allocated [GB] 3.2556 5.6636 10.8978 20.3862</td></tr><tr><td/><td/><td/><td>Top-1 Acc [%]</td><td>78.39</td><td>80.06</td><td>81.11</td><td>81.13</td></tr><tr><td/><td/><td/><td colspan=\"2\">Time of Eligibility Track 0.003</td><td>0.003</td><td>0.006</td><td>0.011</td><td>0.020</td></tr><tr><td/><td/><td/><td>Time of Backward</td><td>0.017</td><td>0.017</td><td>0.017</td><td>0.017</td><td>0.018</td></tr><tr><td/><td/><td>rate M</td><td>Time of both</td><td>0.020</td><td>0.020</td><td>0.023</td><td>0.028</td><td>0.038</td></tr><tr><td/><td>VGG11</td><td/><td colspan=\"4\">Memory Allocated [GB] 1.3624 1.3607 1.3619 Top-1 Acc [%] 76.13 77.59 77.75</td><td>1.3613 78.34</td><td>1.3601 78.65</td></tr><tr><td/><td/><td/><td>Time of Backward</td><td>0.010</td><td>0.021</td><td>0.054</td><td>0.135</td><td>0.384</td></tr><tr><td/><td/><td>BPTT M</td><td colspan=\"4\">Memory Allocated [GB] 0.9911 1.6784 3.7363</td><td colspan=\"2\">6.6141 12.3768</td></tr><tr><td/><td/><td/><td>Top-1 Acc [%]</td><td>76.34</td><td>77.20</td><td>77.98</td><td>78.26</td><td>78.37</td></tr><tr><td/><td/><td/><td colspan=\"2\">Time of Eligibility Track 0.012</td><td>0.014</td><td>0.023</td><td/></tr><tr><td/><td/><td>rate M</td><td>Time of Backward Time of both</td><td>0.074 0.086</td><td>0.074 0.088</td><td>0.074 0.097</td><td/></tr><tr><td/><td>SEW-ResNet-34</td><td/><td colspan=\"4\">Memory Allocated [GB] 5.7887 5.7898 5.7883</td><td/></tr><tr><td/><td/><td/><td>Time of Backward</td><td>0.046</td><td>0.095</td><td>0.233</td><td/></tr><tr><td/><td/><td>BPTT M</td><td colspan=\"4\">Memory Allocated [GB] 3.9858 6.8654 12.5597</td><td/></tr><tr><td>ImageNet</td><td/><td/><td colspan=\"2\">Time of Eligibility Track 0.007</td><td>0.009</td><td>0.020</td><td/></tr><tr><td/><td/><td>rate M</td><td>Time of Backward Time of both</td><td>0.072 0.079</td><td>0.071 0.080</td><td>0.072 0.092</td><td/></tr><tr><td/><td>PreAct-ResNet-34</td><td/><td colspan=\"4\">Memory Allocated [GB] 5.4995 5.4982 5.4942</td><td/></tr><tr><td/><td/><td/><td>Time of Backward</td><td>0.046</td><td>0.088</td><td>0.211</td><td/></tr><tr><td/><td/><td>BPTT M</td><td colspan=\"4\">Memory Allocated [GB] 3.7017 6.4778 11.969</td><td/></tr><tr><td colspan=\"9\">ResNet-19, and VGG-11-and timesteps (T=2, 4, 6). The results demonstrate that rate-based back-</td></tr><tr><td colspan=\"9\">propagation maintains competitive accuracy with BPTT across different architectures and timestep</td></tr><tr><td colspan=\"3\">settings on benchmark datasets.</td><td/><td/><td/><td/><td/></tr></table>", "text": "Comparison results of performance and training costs across various timesteps. All units for time measurements are in seconds per batch. Experiments were conducted on NVIDIA GeForce RTX 4090, with training settings consistent with other experiments.", "type_str": "table", "html": null}, "TABREF8": {"num": null, "content": "<table><tr><td>NeurIPS Paper Checklist</td></tr><tr><td>1. Claims</td></tr><tr><td>Question: Do the main claims made in the abstract and introduction accurately reflect the</td></tr><tr><td>paper's contributions and scope?</td></tr><tr><td>Answer: [Yes]</td></tr></table>", "text": "is no direct negative societal impact since this work centers on enhancing the training efficiency of SNNs. SNNs inherently require less energy for inference compared to ANNs, helping reduce carbon dioxide emissions. The methods developed in this work further optimize SNNs training by improving both memory and time efficiency, potentially reducing the overall resource consumption and environmental footprint of training processes. Regarding limitations, this work primarily compares with BPTT baselines, and there is potential for incorporating techniques in future work. Moreover, the proposed method is tailored for tasks that utilize rate-coding, designed to efficiently capture spatial rate-based feature representations to enhance training; therefore, it necessitates further adaptation to effectively manage sequential tasks. Future efforts may need to delve deeper into adapting the dynamic characteristics of spikes and robustly designing training hyperparameters, ensuring compatibility with rate-based backpropagation and extending applicability to a wider range of applications.", "type_str": "table", "html": null}, "TABREF9": {"num": null, "content": "<table><tr><td>Answer: [Yes]</td></tr><tr><td>Justification: See Supplementary Materials.</td></tr><tr><td>Guidelines:</td></tr><tr><td>\u2022 results? Answer: [Yes] Justification: See Appendix C. Guidelines: \u2022 The answer NA means that the paper does not include experiments. \u2022 The experimental setting should be presented in the core of the paper to a level of detail that is necessary to appreciate the results and make sense of them. \u2022 The full details can be provided either with the code, in appendix, or as supplemental material. 7. Experiment Statistical Significance Question: Does the paper report error bars suitably and correctly defined or other appropriate information about the statistical significance of the experiments? Answer: [Yes] Justification: See Section 5. Guidelines: \u2022 The answer NA means that the paper does not include experiments. \u2022 The authors should answer \"Yes\" if the results are accompanied by error bars, confi-dence intervals, or statistical significance tests, at least for the experiments that support the main claims of the paper. \u2022 The factors of variability that the error bars are capturing should be clearly stated (for example, train/test split, initialization, random drawing of some parameter, or overall run with given experimental conditions). Question: For each experiment, does the paper provide sufficient information on the com-puter resources (type of compute workers, memory, time of execution) needed to reproduce the experiments? Answer: [Yes] Justification: See Appendix C. Guidelines: \u2022 8. Experiments Compute Resources \u2022</td></tr><tr><td>: [Yes]</td></tr></table>", "text": "The answer NA means that paper does not include experiments requiring code.\u2022 Please see the NeurIPS code and data submission guidelines (https://nips.cc/ public/guides/CodeSubmissionPolicy) for more details. \u2022 While we encourage the release of code and data, we understand that this might not be possible, so \"No\" is an acceptable answer. Papers cannot be rejected simply for not including code, unless this is central to the contribution (e.g., for a new open-source benchmark). \u2022 The instructions should contain the exact command and environment needed to run to reproduce the results. See the NeurIPS code and data submission guidelines (https: //nips.cc/public/guides/CodeSubmissionPolicy) for more details. \u2022 The authors should provide instructions on data access and preparation, including how to access the raw data, preprocessed data, intermediate data, and generated data, etc. \u2022 The authors should provide scripts to reproduce all experimental results for the new proposed method and baselines. If only a subset of experiments are reproducible, they should state which ones are omitted from the script and why. \u2022 At submission time, to preserve anonymity, the authors should release anonymized versions (if applicable). \u2022 Providing as much information as possible in supplemental material (appended to the paper) is recommended, but including URLs to data and code is permitted. 6. Experimental Setting/Details Question: Does the paper specify all the training and test details (e.g., data splits, hyperparameters, how they were chosen, type of optimizer, etc.) necessary to understand the The method for calculating the error bars should be explained (closed form formula, call to a library function, bootstrap, etc.) \u2022 The assumptions made should be given (e.g., Normally distributed errors). \u2022 It should be clear whether the error bar is the standard deviation or the standard error of the mean. \u2022 It is OK to report 1-sigma error bars, but one should state it. The authors should preferably report a 2-sigma error bar than state that they have a 96% CI, if the hypothesis of Normality of errors is not verified. \u2022 For asymmetric distributions, the authors should be careful not to show in tables or figures symmetric error bars that would yield results that are out of range (e.g. negative error rates). \u2022 If error bars are reported in tables or plots, The authors should explain in the text how they were calculated and reference the corresponding figures or tables in the text. The answer NA means that the paper does not include experiments. \u2022 The paper should indicate the type of compute workers CPU or GPU, internal cluster, or cloud provider, including relevant memory and storage. \u2022 The paper should provide the amount of compute required for each of the individual experimental runs as well as estimate the total compute. \u2022 The paper should disclose whether the full research project required more compute than the experiments reported in the paper (e.g., preliminary or failed experiments that didn't make it into the paper). 9. Code Of Ethics Question: Does the research conducted in the paper conform, in every respect, with the NeurIPS Code of Ethics https://neurips.cc/public/EthicsGuidelines? Answer: [Yes] Justification: This research conforms to the NeurIPS Code of Ethics. Guidelines: \u2022 The answer NA means that the authors have not reviewed the NeurIPS Code of Ethics. \u2022 If the authors answer No, they should explain the special circumstances that require a deviation from the Code of Ethics. \u2022 The authors should make sure to preserve anonymity (e.g., if there is a special consideration due to laws or regulations in their jurisdiction). 10. Broader Impacts Question: Does the paper discuss both potential positive societal impacts and negative societal impacts of the work performed? Answer: [Yes] Justification: See Appendix E.", "type_str": "table", "html": null}}}}