{"paper_id": "BayOTIDE", "title": "BayOTIDE: Bayesian Online Multivariate Time Series Imputation with Functional Decomposition", "abstract": "In real-world scenarios such as traffic and energy management, we frequently encounter large volumes of time-series data characterized by missing values, noise, and irregular sampling patterns. While numerous imputation methods have been proposed, the majority tend to operate within a local horizon, which involves dividing long sequences into batches of fixed-length segments for model training. This local horizon often leads to the overlooking of global trends and periodic patterns. More importantly, most methods assume the observations are sampled at regular timestamps, and fail to handle complex irregular sampled time series in various applications. Additionally, most existing methods are learned in an offline manner. Thus, it is not suitable for applications with rapidly arriving streaming data. To address these challenges, we propose BayOTIDE : Bayesian Online Multivariate Time series Imputation with functional decomposition. Our method conceptualizes multivariate time series as the weighted combination of groups of low-rank temporal factors with different patterns. We employ a suite of Gaussian Processes (GPs),each with a unique kernel, as functional priors to model these factors. For computational efficiency, we further convert the GPs into a statespace prior by constructing an equivalent stochastic differential equation (SDE), and developing a scalable algorithm for online inference. The proposed method can not only handle imputation over arbitrary timestamps, but also offer uncertainty quantification and interpretability for the downstream application. We evaluate our method", "pdf_parse": {"paper_id": "BayOTIDE", "abstract": [{"text": "In real-world scenarios such as traffic and energy management, we frequently encounter large volumes of time-series data characterized by missing values, noise, and irregular sampling patterns. While numerous imputation methods have been proposed, the majority tend to operate within a local horizon, which involves dividing long sequences into batches of fixed-length segments for model training. This local horizon often leads to the overlooking of global trends and periodic patterns. More importantly, most methods assume the observations are sampled at regular timestamps, and fail to handle complex irregular sampled time series in various applications. Additionally, most existing methods are learned in an offline manner. Thus, it is not suitable for applications with rapidly arriving streaming data. To address these challenges, we propose BayOTIDE : Bayesian Online Multivariate Time series Imputation with functional decomposition. Our method conceptualizes multivariate time series as the weighted combination of groups of low-rank temporal factors with different patterns. We employ a suite of Gaussian Processes (GPs),each with a unique kernel, as functional priors to model these factors. For computational efficiency, we further convert the GPs into a statespace prior by constructing an equivalent stochastic differential equation (SDE), and developing a scalable algorithm for online inference. The proposed method can not only handle imputation over arbitrary timestamps, but also offer uncertainty quantification and interpretability for the downstream application. We evaluate our method", "section": "Abstract", "sec_num": null}], "body_text": [{"text": "Multivariate time series data are ubiquitous and generated quickly in many real-world applications (Jin et al., 2023) , such as traffic (Li et al., 2015) and energy (Zhu et al., 2023) . However, the collected data are often incomplete and noisy due to sensor failures, communication errors, or other reasons. The missing values in the time series data can lead to inaccurate downstream analysis. Therefore, it is essential to impute the missing values in the time series data in an efficient way.", "section": "Introduction", "sec_num": "1."}, {"text": "Most early methods for time series imputation (Acuna & Rodriguez, 2004; Van Buuren & Groothuis-Oudshoorn, 2011; Durbin & Koopman, 2012) are based on statistical models. DNN-based imputation methods have gotten boosted attention (Fang & Wang, 2020) in recent years, for their ability to capture complex non-linear patterns. Another remarkable direction is to apply diffusion models (Song et al., 2020; Ho et al., 2020) to handle probabilistic imputation, where filling the missing value can be modeled as a denoising process. Most recent work TIDER (LIU et al., 2023) proposed another imputation direction to apply the matrix factorization and decompose the series into disentangled representations.", "section": "Introduction", "sec_num": "1."}, {"text": "Despite the success of the proposed methods, they are limited in several aspects. First, most DNN-based and diffusionbased methods are trained by splitting the long sequence into small patches. This local horizon can fail to capture the crucial global patterns (Alcaraz & Strodthoff, 2022; Woo et al., 2022) , such as trends and periodicity, leading to less interpretability. Second, many methods assume the observations are sampled at regular time stamps, and always under-utilize or ignore the real timestamps. Thus, those models can only impute on fixed-step and discretized time points, instead of the arbitrary time stamps at the whole continuous field. Lastly, in real-world applications such as electricity load monitoring, massive time series data are generated quickly and collected in a streaming manner (Liu et al., 2023) . It is extremely costly or even impossible to retrain the model from scratch when new data arrives. Thus, to align with streaming data, the imputation model should work and update in an efficient online manner. However, to the best of our knowledge, all prior imputation methods are designed and optimized in an offline manner, i.e., go through all collected data several epochs for training, which is not suitable for streaming data scenarios.", "section": "Introduction", "sec_num": "1."}, {"text": "To handle those limitations, we propose BayOTIDE : Bayesian Online multivariate Time series Imputation with functional DEcomposition. BayOTIDE treats the observed values of multivariate time series as the noisy samples from a continuous temporal function. Then, we decompose the function into groups of weighted functional factors, and each factor is aimed to capture a dynamic pattern. We apply Gaussian Processes (GPs) with smooth and periodic kernels as functional priors to fit the factors. Employing the SDE representation of GPs and moment-matching techniques, we develop an online algorithm to infer the running posterior of weights and factors efficiently. As it is a Bayesian model, BayOTIDE can offer uncertainty quantification and robustness against noise. The learned functional factors can provide not only interpretability but also imputation over arbitrary timestamps. We list the comparison of BayOTIDE and other main-stream imputation methods in Table 1 . In summary, we highlight our contributions as follows:", "section": "Introduction", "sec_num": "1."}, {"text": "\u2022 We propose BayOTIDE , a novel Bayesian method for multivariate time series imputation. BayOTIDE can explicitly learn the function factors representing various global patterns, which offer interpretability and uncertainty quantification. As BayOTIDE is a continuous model, it can utilize the irregularly sampled timestamps and impute over arbitrary timestamps naturally.", "section": "Introduction", "sec_num": "1."}, {"text": "\u2022 To the best of our knowledge, BayOTIDE is the first online probabilistic imputation method of multivariate time series that could fit streaming data well. Furthermore, we develop a scalable inference algorithm with closed-form update and linear cost via momentmatching techniques.", "section": "Introduction", "sec_num": "1."}, {"text": "\u2022 We extensively evaluate our method on synthetic and real-world datasets, and the results show that Bay-OTIDE outperforms the state-of-the-art methods in terms of accuracy and efficiency.", "section": "Introduction", "sec_num": "1."}, {"text": "Disentangled representations of time series. The most classical framework of decomposing time series into disentangled representations is the seasonal-trend decomposition(STL) (Cleveland et al., 1990) along with its following work (Wen et al., 2019; Abdollahi, 2020; Bandara et al., 2021) , which are non-parametric method to decompose the univariate series into seasonal, trend and residual components. (Qiu et al., 2018) proposed the structural design to extend decomposition into multivariate and probabilistic cases. Recently, CoST (Woo et al., 2022) and TIDER (LIU et al., 2023) show the disentangled representations of multivariate series could get significant performance improvement in forecasting and imputation tasks, respectively, with bonus of interpretability. However, they are not flexible enough to handle the continuous time field and observation noise. Benavoli & Corani (2021) propose a similar idea to directly utilize the state-space GPs with mixture kernels to estimate the seasonal-trend factors, but is restricted in univariate series. Besides the imputation and forecasting, learning the disentangled representation of time series is a crucial tool for estimating causal-related latent variables in sequential data (Yao et al., 2021; 2022) . A series of recent works on tensor-valued time series analysis (Fang et al., 2022; 2024; Wang et al., 2024 ) also apply the idea of disentangled representations to learn temporal dynamics in latent spaces.", "section": "Related Work", "sec_num": "2."}, {"text": "Bayesian imputation modeling. Bayesian methods are widely used in time series imputation tasks for robust modeling and uncertainty quantification. Early work directly applies a single Bayesian model like Gaussian Process (Roberts et al., 2013) and energy models (Brakel et al., 2013) to model the dynamics. With deep learning boosting in the past ten years, it is popular to utilize the probabilistic modules with various deep networks, such as RNN (Mulyadi et al., 2021) , VAE (Fortuin et al., 2020) and GAN (Yoon et al., 2018) . Adopting score-based generative models (SGMs) is another promising direction for probabilistic imputation, which could be used as autoregressive denoising (Rasul et al., 2021) , conditional diffusion (Tashiro et al., 2021) , Schr\u00f6dinger Bridge (Chen et al., 2023) and statespace blocks (Alcaraz & Strodthoff, 2022) . However, most of the above methods are trained in the offline and patchingsequence manner, which lacks interpretability and may not fit streaming scenarios.", "section": "Related Work", "sec_num": "2."}, {"text": "The classical multivariate time series imputation problem is formulated as follows. A N -step multivariate time series ", "section": "Multivariate Time Series Imputation", "sec_num": "3.1."}, {"text": "X = {x 1 , . . . , x N } \u2208 R D\u00d7N ,", "section": "Multivariate Time Series Imputation", "sec_num": "3.1."}, {"text": "\u2713 \u2717 \u2717 @ @ \u2713 Interpretability \u2713 \u2713 \u2713 \u2717 \u2717 Continuous modeling \u2713 \u2717 \u2717 \u2717 @ @", "section": "Multivariate Time Series Imputation", "sec_num": "3.1."}, {"text": "Inference manner online offline offline offline offline", "section": "Multivariate Time Series Imputation", "sec_num": "3.1."}, {"text": "Table 1 : Comparison of BayOTIDE and main-stream multivariate time series imputation methods. @ @ means only partial models in the family have the property, or it's not clear in the original paper. For example, only deep models with probabilistic modules can offer uncertainty quantification, such as GP-VAE (Fortuin et al., 2020) , but most deep models cannot. The diffusion-based CSDI (Tashiro et al., 2021) and CSBI (Chen et al., 2023) ", "section": "Multivariate Time Series Imputation", "sec_num": "3.1."}, {"text": "EQUATION", "section": "Multivariate Time Series Imputation", "sec_num": "3.1."}, {"text": "and periodic kernel:", "section": "Multivariate Time Series Imputation", "sec_num": "3.1."}, {"text": "\u03ba periodic = \u03c3 2 exp -2 sin 2 (\u03c0\u03b1 (x, x \u2032 ) /p)/l 2 (2)", "section": "Multivariate Time Series Imputation", "sec_num": "3.1."}, {"text": "are versatile choices to model functions with non-linear and cyclical patterns, respectively. {\u03c3 2 , l, \u03bd, p} are hyperparameters determining the variance, length-scale, smoothness, and periodicity of the function. \u03b1 (\u2022, \u2022) is the Euclidean distance, and K \u03bd is the modified Bessel function,\u0393(\u2022) is the Gamma function.", "section": "Multivariate Time Series Imputation", "sec_num": "3.1."}, {"text": "Despite the flexibility and capacity, full GP is a computationally expensive model with O(n 3 ) inference cost while handlining n observation data, which is not feasible in practice. To sidestep expensive kernel matrix computation, (Hartikainen & S\u00e4rkk\u00e4, 2010; S\u00e4rkk\u00e4, 2013) applied the spectral analysis and worked out a crucial statement: a temporal GP with a stationary kernel is equivalent to a linear time-invariant stochastic differential equation (LTI-SDE). Specifically, given f (t) \u223c GP (0, \u03ba (t, t \u2032 )), we can define a vector-valued companion form:", "section": "Multivariate Time Series Imputation", "sec_num": "3.1."}, {"text": "z(t) = f (t), df (t) dt , . . . , df m (t) dt \u22a4 : t \u2192 R m+1", "section": "Multivariate Time Series Imputation", "sec_num": "3.1."}, {"text": ", where m is the order of the derivative. Then, the GP is equivalent to the solution of the LTI-SDE with canonical form:", "section": "Multivariate Time Series Imputation", "sec_num": "3.1."}, {"text": "EQUATION", "section": "Multivariate Time Series Imputation", "sec_num": "3.1."}, {"text": "where F is a (m + 1) \u00d7 (m + 1) matrix, L is a (m + 1) \u00d7 1 vector, and w(t) is a white noise process with spectral density q s . On arbitrary collection of timestamps {t 1 , . . . , t N }, the LTI-SDE (3) can be further discretized as the Markov model with Gaussian transition, known as the state-space model (SSM):", "section": "Multivariate Time Series Imputation", "sec_num": "3.1."}, {"text": "EQUATION", "section": "Multivariate Time Series Imputation", "sec_num": "3.1."}, {"text": "where", "section": "Multivariate Time Series Imputation", "sec_num": "3.1."}, {"text": "A n = exp(F\u2206 n ), Q n = tn+1 tn A n LL \u22a4 A \u22a4 n q s dt, \u2206 n = t n+1 -t n", "section": "Multivariate Time Series Imputation", "sec_num": "3.1."}, {"text": ", and P \u221e is the steady-state covariance matrix, which can be obtained by solving the Lyapunov equation FP \u221e + P \u221e F \u22a4 + LL \u22a4 q s = 0 (Lancaster & Rodman, 1995) . SSM (4) can be efficiently solved with linear cost by classical methods like the Kalman filter (Kalman, 1960) . After inference over z(t), we can easily obtain f (t) by a simple projection: f (t) = [1, 0, . . . 0]z(t).", "section": "Multivariate Time Series Imputation", "sec_num": "3.1."}, {"text": "We highlight that all the parameters of the LTI-SDE (3) and its SSM (4): {m, F, L, q s , P \u221e } are time-invariant constant and can be derived from the given stationary kernel function. In practice, stationary kernels are a common choice for GP, which requires the kernel to be a function of the distance between two inputs. For example, the Mat\u00e9rn and periodic kernels are stationary kernels, and we can work out their closed-form formulas of LTI-SDE and SSM. We omit the specific formulas here and refer the readers to the appendix.", "section": "Multivariate Time Series Imputation", "sec_num": "3.1."}, {"text": "The motivation of BayOTIDE is based on the fact that the different channels of real-world multivariate time series are always correlated, and there may exist shared patterns across channels. Thus, we propose to decompose the series into a set of functional basis (factors) and channel-wise weights. Inspired by the classic seasonal-trend decomposition (Cleveland et al., 1990) and TIDER (LIU et al., 2023) , we assume there are two groups of factors representing different temporal patterns. The first group of factors is supposed to capture the nonlinear and long-term patterns, and the second represents the periodic parts, namely, trends and seasonalities. Thus, we decompose the function X(t) : t \u2192 R D as the weighted combination of two groups of functional factors. Specifically, assume there are D r trend factors and D s seasonality factors, then we have the following decomposition:", "section": "Functional Decomposition of Time Series", "sec_num": "4.1."}, {"text": "EQUATION", "section": "Functional Decomposition of Time Series", "sec_num": "4.1."}, {"text": "where", "section": "Functional Decomposition of Time Series", "sec_num": "4.1."}, {"text": "U = [U trend \u2208 R D\u00d7Dr , U season \u2208 R D\u00d7Ds ]", "section": "Functional Decomposition of Time Series", "sec_num": "4.1."}, {"text": "are the weights of the combination. The trends factor group v season (t) : t \u2192 R Ds , and seasonality factor groups v trend (t) : t \u2192 R Dr are the concatenation of independent temporal factors over each dimension:", "section": "Functional Decomposition of Time Series", "sec_num": "4.1."}, {"text": "EQUATION", "section": "Functional Decomposition of Time Series", "sec_num": "4.1."}, {"text": "where v i trend (t), v j season (t) are the 1-d temporal function factor, aimed to model the i-th trend and j-th seasonality latent pattern respectively.", "section": "Functional Decomposition of Time Series", "sec_num": "4.1."}, {"text": "For the imputation task, if we can estimate the U and V(t) well, we can impute the missing values of X(t) by UV(t) for any t. As TIDER (LIU et al., 2023) proposed a lowrank decomposition similar to (5), our model can be seen as a generalization of TIDER to the continuous-time and functional field with the Bayesian framework.", "section": "Functional Decomposition of Time Series", "sec_num": "4.1."}, {"text": "We assume X(t) is partially observed with missing values and noise on timestamps {t 1 , . . . t N }. We denote the observed values as Y = {y n } N n=1 , where y n \u2208 R D , and its value at d-th channel is denoted as y d n . M \u2208 {0, 1} D\u00d7N is the mask matrix, where 1 for observed values and 0 for missing values. The noise level is assumed to be the same for all the channels. Thus, we set the Gaussian likelihood for the observed values as:", "section": "GP Prior and Joint Probability of Our Model", "sec_num": "4.2."}, {"text": "EQUATION", "section": "GP Prior and Joint Probability of Our Model", "sec_num": "4.2."}, {"text": ")", "section": "GP Prior and Joint Probability of Our Model", "sec_num": "4.2."}, {"text": "where \u03c4 is the inverse of the noise level. \u2126 is the collection of observed values' location, namely", "section": "GP Prior and Joint Probability of Our Model", "sec_num": "4.2."}, {"text": "\u2126 = {(d, n) | M d,n = 1}. u d \u2208 R 1\u00d7(Dr+Ds) is the d-th row of U, and v(t n ) \u2208 R (Dr+Ds)\u00d71 is the concatenation of v trend (t n ) and v season (t n ).", "section": "GP Prior and Joint Probability of Our Model", "sec_num": "4.2."}, {"text": "As v season (t) and v trend (t) are supposed to capture different temporal patterns, we adopt Gaussian Processes (GPs) with different kernels to model them. Specifically, we use the Mat\u00e9rn kernel to model the trend factors, and the periodic kernel to model the seasonality factors:", "section": "GP Prior and Joint Probability of Our Model", "sec_num": "4.2."}, {"text": "EQUATION", "section": "GP Prior and Joint Probability of Our Model", "sec_num": "4.2."}, {"text": "We further assume that Gaussian prior for u d and Gamma prior for \u03c4 . Then, the joint probability model is:", "section": "GP Prior and Joint Probability of Our Model", "sec_num": "4.2."}, {"text": "EQUATION", "section": "GP Prior and Joint Probability of Our Model", "sec_num": "4.2."}, {"text": "where \u0398 = {U, V(t), \u03c4 } denotes all model random variables for compactness. As each GP prior term corresponds to a companion form z(t) (see section(3.2)), we define the concatenation of all factors' companion forms as Z(t) and we have p(V(t)) = p(Z(t)) = P (Z(t 1 ))", "section": "GP Prior and Joint Probability of Our Model", "sec_num": "4.2."}, {"text": "N -1 i=1 P (Z(t n+1 )|Z(t n )).", "section": "GP Prior and Joint Probability of Our Model", "sec_num": "4.2."}, {"text": "With the joint probability ( 9), we further propose an online inference algorithm to estimate the running posterior of \u0398.", "section": "Online Inference", "sec_num": "4.3."}, {"text": "We denote all observations up to time t n as D tn , i.e. D tn = {y 1 , . . . , y n }. When a new observation y n+1 arrives at t n+1 , we aimed to update the posterior distribution p(\u0398 | D tn \u222a y n+1 ) without reusing the previous observations D tn .", "section": "Online Inference", "sec_num": "4.3."}, {"text": "The general principle for online inference is the incremental version of Bayes'rule, which is:", "section": "Online Inference", "sec_num": "4.3."}, {"text": "EQUATION", "section": "Online Inference", "sec_num": "4.3."}, {"text": "However, the exact posterior is not tractable. Thus, we first apply the mean-field factorization to approximate the posterior. Specifically, we approximate the exact posterior as:", "section": "Online Inference", "sec_num": "4.3."}, {"text": "EQUATION", "section": "Online Inference", "sec_num": "4.3."}, {"text": "where", "section": "Online Inference", "sec_num": "4.3."}, {"text": "q(u d | D tn ) = N (m d n , V d n ) and q(\u03c4 | D tn ) = Gamma(\u03c4 | a n , b n )", "section": "Online Inference", "sec_num": "4.3."}, {"text": "are the approx. distributions for U and \u03c4 at time t n respectively. For Z(t), we design the approximated posterior as q(Z(t)", "section": "Online Inference", "sec_num": "4.3."}, {"text": "| D tn ) = n i=1 q(Z(t i )), where q(Z(t i )) are the concatenation of q(z(t i )) = N (\u00b5 i , S i ) across all factors. {{m d n , V d n }, {\u00b5 i , S i }, a n , b n , }", "section": "Online Inference", "sec_num": "4.3."}, {"text": "are the variational parameters of the approximated posterior to be estimated.", "section": "Online Inference", "sec_num": "4.3."}, {"text": "With mean-field approximation, (10) is still not feasible. It's because the multiple factors and weights interweave in the likelihood, and R.H.S of ( 10) is unnormalized. To solve it, we propose a novel online approach to update q(\u0398 | D tn ) with a closed form by adopting conditional Expectation Propagation(CEP) (Wang & Zhe, 2019) and chain structure of Z(t). Specifically, with current q(\u0398 | D tn ) and prior p(\u0398), we can approximate each likelihood term of the newarriving observation y n+1 as several messages factors:", "section": "Online Inference", "sec_num": "4.3."}, {"text": "EQUATION", "section": "Online Inference", "sec_num": "4.3."}, {"text": ")", "section": "Online Inference", "sec_num": "4.3."}, {"text": "where Z is the normalization constant,", "section": "Online Inference", "sec_num": "4.3."}, {"text": "f d n+1 (u d ) = N (u d | md n+1 , Vd n+1 ) and f d n+1 (\u03c4 ) = Gamma(\u03c4 | \u00e2n+1 , bn+1 ), f d n+1 (Z(t n+1 )) = concat[N (\u03bc i , \u015ci )", "section": "Online Inference", "sec_num": "4.3."}, {"text": "] are the approximated message factors of u d , \u03c4 , and Z(t n+1 ) respectively.", "section": "Online Inference", "sec_num": "4.3."}, {"text": "Then, we merge all the message factors of U and \u03c4 and follow the variational form of (10), and will obtain the update equations:", "section": "Online Inference", "sec_num": "4.3."}, {"text": "EQUATION", "section": "Online Inference", "sec_num": "4.3."}, {"text": "EQUATION", "section": "Online Inference", "sec_num": "4.3."}, {"text": ")", "section": "Online Inference", "sec_num": "4.3."}, {"text": "The message approximation ( 12) and the message merging procedure (13)( 14) are based on the conditional momentmatching technique, which can be done in parallel for all channels with closed-form update. We omit the derivation and exact formulas and refer the readers to the appendix.", "section": "Online Inference", "sec_num": "4.3."}, {"text": "Then, we present the online update of Z(t). With the chain structure of q(Z(t) | D tn ) and p(Z(t)), we found the update can be conducted sequentially. Specifically:", "section": "Online Inference", "sec_num": "4.3."}, {"text": "EQUATION", "section": "Online Inference", "sec_num": "4.3."}, {"text": "where p(Z(t n+1 )|Z(t n )) is the concatenation of all factors' transition given in (4). If we treat d f d n+1 (Z(t n+1 )) as the observation of the state space, (15) is the Kalman filter model (Kalman, 1960) . Thus, we can obtain the closedform update of q(Z(t)| | D tn ), which is the running posterior q(Z n |y 1:n ). After going through all observations, we run Rauch-Tung-Striebel (RTS) smoother (Rauch et al., 1965) to efficiently compute the full posterior of each state q(Z n |y 1:N ) from backward.", "section": "Online Inference", "sec_num": "4.3."}, {"text": "The online algorithm is summarized in Algorithm table 1: we go through all the timestamps, approximate the message factors with moment-matching, and run Kalman filter and message merging and update sequentially. For each timestamp, we can run moment-matching and posterior update steps iteratively several times with damping trick (Minka, 2001a) for better approximation. The algorithm is very efficient as the message approximation (12) can be parallel for different channels, and all the updates are closed-form. The", "section": "Online Inference", "sec_num": "4.3."}, {"text": "Input: observation Y = {y n } N n=1 over {t n } N n=1 , D s , D r , the kernel hyperparameters. Initialize q(\u03c4 ), q(W), {q(Z(t n ))} N n=1 . for t = 1 to N do Approximate messages by ( 12) for all observed channels in parallel. Update posterior of \u03c4 and U by ( 13) and ( 14) for all observed channels in parallel. Update posteriors of Z(t) using Kalman filter by (15). end for Run RTS smoother to obtain the full posterior of Z(t).", "section": "Algorithm 1 BayOTIDE", "sec_num": null}, {"text": "Return: q(\u03c4 ), q(W), {q(Z(t n ))} N n=1 algorithm is with time cost O(N (D s + D r )) and space cost O( Dr+Ds k=1 N (m k + m 2 k ) + D(D s + D r ))", "section": "Algorithm 1 BayOTIDE", "sec_num": null}, {"text": "where N is the number of timestamps, D is the number of channel of original time series, D r , D s are number of trends and seasonality factors respectively, m k is the order of the companion form of k-th factor's GP prior determined by the kernel types.", "section": "Algorithm 1 BayOTIDE", "sec_num": null}, {"text": "With the current posterior {q(z(t 1 )) . . . q(z(t N ))} over the observed timestamps, the functional and chain property of GP priors allow us to infer the prediction distribution, namely do probabilistic interpolation at arbitrary time stamps. Specifically, for a never-seen timestamp t \u22c6 \u2208 (t 1 , t N ), we can identify the closest neighbor of t \u22c6 observed in training, i.e, t k < t \u22c6 < t k+1 , where t k , t k+1 \u2208 {t 1 . . . t N }. Then the predictive distribution at t \u22c6 is given by q(z(t \u22c6 )) = N (z \u22c6 | m \u22c6 , V \u22c6 ). {m \u22c6 , V \u22c6 } are defined as:", "section": "Probabilistic Imputation at Arbitrary Timestamp", "sec_num": "4.4."}, {"text": "EQUATION", "section": "Probabilistic Imputation at Arbitrary Timestamp", "sec_num": "4.4."}, {"text": "where m k , m k+1 are the predictive mean of q(z(t k )), q(z(t k+1 )), {A 1 , A 2 , Q 1 , Q 2 } are transition matrices and covariance matrices based on the forwardbackward transitions p(z(t \u22c6 )|z(t k )), p(z(t k+1 )|z(t \u22c6 )) respectively. Eq.( 16) offers continuous modeling of the time series. We give a detailed derivation in the appendix.", "section": "Probabilistic Imputation at Arbitrary Timestamp", "sec_num": "4.4."}, {"text": "We first evaluate BayOTIDE on a synthetic task. We first set four temporal functions and a weight matrix, defined as follows:", "section": "Synthetic data", "sec_num": "5.1."}, {"text": "U = \uf8eb \uf8ec \uf8ec \uf8ed 1 1 -2 -2 0.4 1 2 -1 -0.3 2 1 -1 -1 1 1 0.5 \uf8f6 \uf8f7 \uf8f7 \uf8f8 , V(t) = \uf8eb \uf8ec \uf8ec \uf8ed 10t, sin(20\u03c0t), cos(40\u03c0t), sin(60\u03c0t) \uf8f6 \uf8f7 \uf8f7 \uf8f8 .", "section": "Synthetic data", "sec_num": "5.1."}, {"text": "Then, the four-channel time series is defined as X(t) = UV(t), and each channel is a mixture of multiscale trend and seasonality factors. We collected 2000 data points over the 500 irregularly sampled timestamps from [0, 1]. We randomly set only 20% of the data as observed values, and the rest as missing for evaluation. We further add Gaussian noise with a standard deviation 0.1 to the observed data. We use the Mat\u00e9rn kernel with \u03bd = 3/2 as the trend kernel and the periodic kernel with period 20\u03c0 as the seasonality kernel. We set D r = 1, D s = 3. We highlight that evaluation could be taken on the timestamps that never appear in the training set, known as the all-channel-missing imputation, but we can apply ( 16) to handle such hard cases easily.", "section": "Synthetic data", "sec_num": "5.1."}, {"text": "The imputation results are shown in Figure 1a . We can see that BayOTIDE recovers the series well, and the estimated uncertainty is reasonable. We also show the channel-wise estimated factors in Figure 1b ,1c,1d, and 1e. We can see that the estimated factors are close to the real factors, which indicates that BayOTIDE can capture the underlying multiscale patterns of the data.", "section": "Synthetic data", "sec_num": "5.1."}, {"text": "Datasets We evaluate BayOTIDE on three real-world datasets, Traffic-Guangzhou(Chen et al.): traffic speed records in Guangzhou with 214 channels and 500 timestamps. Solar-Power(https://www.nrel.gov/ grid/solar-power-data.html) : 137 channels and 52560 timestamps, which records the solar power generation of 137 PV plants. Uber-Move(https:// movement.uber.com/): 7489 channels and 744 timestamps, recording the average movement of Uber cars along with the road segments in London, Jan 2020. For each dataset, we randomly sample {70%, 50%} of the available data points as observations for model training, and the rest for evaluation. The data process and split strategy are aligned with TIDER (LIU et al., 2023) .", "section": "Real-world Applications", "sec_num": "5.2."}, {"text": "To the best of our knowledge, there are no online algorithms for multivariate time series imputation. Thus, we set several popular deterministic and probabilistic offline imputation approaches as baselines. The deterministic group includes: (1) SimpleMean (Acuna & Rodriguez, 2004) , impute with column-wise mean values.", "section": "Baselines and Settings", "sec_num": null}, {"text": "(2) BRITS (Cao et al., 2018) , the RNN-based model for imputation with time decay (3) NAOMI (Liu et al., 2019) , a Bidirectional RNN model build with adversarial training (4) SAITS (Du et al., 2023) , a transformer-based model which adopts the self-attention mechanism. ( 5) TIDER (LIU et al., 2023) . State of art deterministic imputation model based on disentangled temporal representations.", "section": "Baselines and Settings", "sec_num": null}, {"text": "The probabilistic group includes: (1) Multi-Task GP (Bonilla et al., 2008) , the classical multi-output Gaussian process model (2) GP-VAE (Fortuin et al., 2020) , a deep generative model which combines Gaussian Processes(GP) and variational autoencoder(VAE) for imputation (3) CSDI (Tashiro et al., 2021) Famous probabilistic approach which apply conditional diffusion model to capture the temporal dependency. (4)CSBI Advanced diffusion method that models the imputation task as a conditional Schr\u00f6dinger Bridge(SB) (Chen et al., 2023) . We also set BayOTIDE-fix-wight by fixing all weight values as one and BayOTIDE-trend-only, and only using trend factor, respectively for BayOTIDE .", "section": "Baselines and Settings", "sec_num": null}, {"text": "For most baselines, we use the released implementation provided by the authors. We partially use the results of deterministic methods reported in TIDER (LIU et al., 2023) , as the setting is aligned. To avoid the out-of-memory problem of diffusion-based and deep-based baselines, we follow the preprocess of original papers, which split the whole sequence into small patches and subsample the channels for those methods.", "section": "Baselines and Settings", "sec_num": null}, {"text": "For BayOTIDE , we implemented it by Pytorch and finetuned the D s , D r , and the kernel hyperparameters to obtain optimal results. Detailed information on hyperparameter settings is provided at Table 5 in the appendix. For the metrics, we use the mean absolute error (MAE) and the root mean squared error (RMSE) as the deterministic evaluation metrics for all methods. We adopt the continuous ranked probability score (CRPS) and the negative log-likelihood (NLLK), for BayOTIDE and all probabilistic baselines. We use 50 samples from the posterior to compute CRPS and NLLK. We repeat all the experiments 5 times and report the average results. For the CEP step at each timestamp in BayOTIDE , we use the damping trick (Minka, 2001a) in several inner epochs to avoid numerical instability. For the online imputation, we use the online update equations to obtain the imputation results and run RTS smoother at every evaluation timestamp.", "section": "Baselines and Settings", "sec_num": null}, {"text": "Deterministic and Probabilistic performance Table 2 and table 3 show the RMSE, MAE, and CRPS scores of imputation on three datasets with observed ratio = 50% and = 70% respectively. We can see that BayOTIDE , an online method that only processes data once, beats the offline baselines and performs best in most cases. TIDER is the sub-optimal method for most cases. For probabilistic approaches, diffusion-based CSDI and CSBI obtain fair per- ", "section": "Baselines and Settings", "sec_num": null}, {"text": "Traffic formance, but are costly in memory and need to split the long sequence into small patches for training. BayOTIDEfix-wight is with poor performance, which indicates that the weighted bases mechanism is crucial. BayOTIDE-trendonly is slightly worse than BayOTIDE , showing the modeling of periodic factor is necessary. The results of NLLK score over three datasets can be found at table 6 in the appendix.", "section": "Observed-ratio=50%", "sec_num": null}, {"text": "Online Imputation We demonstrate the online imputation performance of BayOTIDE on three datasets with observed ratio 50%. Whenever a group of observations at new timestamps have been sequentially fed into the model, we evaluate the test RMSE of the model with the updated weights and temporal factor. We compare the performance of Bay-OTIDE with the BayOTIDE-fix-wight. The online result on Traffic-Guangzhou is shown in Figure 2a . We can see that BayOTIDE shows the reasonable results that the evaluation error drops gradually when more timestamps are processed, meaning the model can continuously learn and improve.", "section": "Observed-ratio=50%", "sec_num": null}, {"text": "The performance of BayOTIDE-fix-wight is very poor. It indicates the trivial usage of the GP-SS model for multivariate time series imputation may not be feasible. The online results for the other two datasets can be found in the appendix.", "section": "Observed-ratio=50%", "sec_num": null}, {"text": "We evaluate the scalability of BayOTIDE over data size and factor numbers. We set three different factor numbers: D r + D s = {5, 20, 50}. As for the scalability over series length N , We make synthetic data with channel number D = 1000, increase the N from 1000 to 4000, and measure the training time. The result is shown in Figure 2b . Similarly, we fix the series length N = 1000, increase the series channel D from 1000 to 4000, and then measure the training time. The result is shown in Figure 2c . As we can see, the running time of BayOTIDE grows linearly in both channel and length size, and the factor number determines the slope. Therefore, BayOTIDE enjoys the linear scalability to the data size, which is suitable for large-scale applications.", "section": "Scalability and Sensitivity", "sec_num": null}, {"text": "We further examine the sensitivity of BayOTIDE with different hyperparameters. We build the model with Mat\u00e9rn kernel with different smoothness \u03bd = {1/2, 3/2} on the Traffic-Guangzhou with observed ratio 70%. We vary three crucial hyperparameters: the number of factors D r +D s , the kernel length scale, and the kernel variance, and check how imputation performance (CRPS) changes. The results are shown in Figure 2d , Figure 2e , and Figure 2f , respectively. We found more factors that will result in better performance in general for both kernel types. We can find that the performance is relatively stable over different hyperparameters for Mat\u00e9rn kernel with smoothness \u03bd = {1/2}. For the Mat\u00e9rn kernel with smoothness \u03bd = {3/2}, the performance is more sensitive, especially to the kernel lengthscale. The smaller kernel lengthscale will result in better performance. The kernel variance is also sensitive, but the performance is relatively stable when the variance is large enough. More results on the sensitivity of BayOTIDE over different combinations of latent space dimensions (D r , D s ) are shown in Table 7 in the appendix.", "section": "Scalability and Sensitivity", "sec_num": null}, {"text": "Imputation on Irregular and All-Channel-Missing Timestamps We further show BayOTIDE can work well with irregulate timestamps with functional and continuous design, and therefore can handle the challenging case of all-channel-missing case. We select the observations at {50%, 70%} randomly sampled irregulate timestamps for We highlight that most existing advanced imputation methods cannot handle this hard case well. It's because they are based on the regular-time-interval setting, which assumes there is at least one observation at every timestamp during the training. However, BayOTIDE can apply the Eq. ( 16) and give probabilistic imputation at the arbitrary continuous timestamp. Thus, we only list the results of BayOTIDE on three datasets in Table 4 . We can see the performance is closed or even better than the standard imputation setting shown in Table 2 . ", "section": "Scalability and Sensitivity", "sec_num": null}, {"text": "We proposed BayOTIDE , a novel Bayesian model for online multivariate time series imputations. We decompose the multivariate time series into a temporal function basis and channel-wise weights, and apply a group of GPs to fit the temporal function basis. An efficient online inference algorithm is developed based on the SDE representation of GPs and moment-matching techniques. Results on both synthetic and real-world datasets show that BayOTIDE outperforms the state-of-the-art methods in terms of both imputation accuracy and uncertainty quantification. We also evaluated the scalability and robustness of BayOTIDE on large-scale real-world datasets with different settings of hyperparameters and missing patterns. . In the future, we plan to extend BayOTIDE to handle more complex patterns and more challenging tasks, such as long-term forecasting with non-stationary patterns.", "section": "Conclusion", "sec_num": "6."}, {"text": "This paper is dedicated to innovating time series imputation techniques to push the boundaries of time series analysis further. While our primary objective is to enhance imputation accuracy and computational efficiency, we are also mindful of the broader ethical considerations that accompany technological progress in this area. While immediate societal impacts may not be apparent, we acknowledge the importance of ongoing vigilance regarding the ethical use of these advancements. It is essential to continuously assess and address potential implications to ensure responsible development and application in various scenarios. We take the Mat\u00e9rn kernel as an example to show how to connect GP with LTI-SDE. The Mat\u00e9rn kernel is defined as:", "section": "Impact Statement", "sec_num": null}, {"text": "EQUATION", "section": "Impact Statement", "sec_num": null}, {"text": "where \u2206 = |t -t \u2032 |, \u0393(\u2022) is the Gamma function, a > 0 and \u03c1 > 0 are the amplitude and length-scale parameters respectively, K \u03bd is the modified Bessel function of the second kind, and \u03bd > 0 controls the smoothness of sample paths from the GP prior f (t) \u223c GP(0, \u03ba \u03bd (t, t \u2032 )).", "section": "Impact Statement", "sec_num": null}, {"text": "For a stationary Mat\u00e9rn kernel \u03ba \u03bd (t, t \u2032 ) = \u03ba \u03bd (t -t \u2032 ), the energy spectrum density of f (t) can be obtained via the Wiener-Khinchin theorem by taking the Fourier transform of \u03ba \u03bd (\u2206):", "section": "Impact Statement", "sec_num": null}, {"text": "EQUATION", "section": "Impact Statement", "sec_num": null}, {"text": "where \u03c9 is the frequency, \u03b1 = \u221a 2\u03bd", "section": "Impact Statement", "sec_num": null}, {"text": "\u03c1 , and we take \u03bd = m + 1 2 for m \u2208 {0, 1, 2, ...}.", "section": "Impact Statement", "sec_num": null}, {"text": "Expanding the polynomial gives:", "section": "Impact Statement", "sec_num": null}, {"text": "EQUATION", "section": "Impact Statement", "sec_num": null}, {"text": "where c k are coefficients. This allows constructing an equivalent frequency domain system:", "section": "Impact Statement", "sec_num": null}, {"text": "EQUATION", "section": "Impact Statement", "sec_num": null}, {"text": "where f (\u03c9) and \u03b2(\u03c9) are Fourier transforms of f (t) and white noise w(t) with spectral density q s respectively.", "section": "Impact Statement", "sec_num": null}, {"text": "Taking the inverse Fourier transform yields the time domain SDE:", "section": "Impact Statement", "sec_num": null}, {"text": "EQUATION", "section": "Impact Statement", "sec_num": null}, {"text": "We can further construct a new state z = (f, f (1) , . . . , f (m) ) \u22a4 (where each f (k) \u2206 = d k f /dt k ) and convert (21) into a linear time-invariant (LTI) SDE,", "section": "Impact Statement", "sec_num": null}, {"text": "EQUATION", "section": "Impact Statement", "sec_num": null}, {"text": "where", "section": "Impact Statement", "sec_num": null}, {"text": "F = \uf8eb \uf8ec \uf8ec \uf8ec \uf8ed 0 1 . . . . . . 0 1 -c 0 . . . -c m-1 -c m \uf8f6 \uf8f7 \uf8f7 \uf8f7 \uf8f8 , L = \uf8eb \uf8ec \uf8ec \uf8ec \uf8ed 0 . . . 0 1 \uf8f6 \uf8f7 \uf8f7 \uf8f7 \uf8f8 .", "section": "Impact Statement", "sec_num": null}, {"text": "The LTI-SDE is particularly useful in that its finite set of states follows a Gauss-Markov chain, namely the state-space prior. Specifically, given arbitrary t 1 < . . . < t L , we have", "section": "Impact Statement", "sec_num": null}, {"text": "p(z(t 1 ), . . . , z(t L )) = p(z(t 1 )) L-1 k=1 p(z(t k+1 )|z(t k )) where p(z(t 1 )) = N (z(t 1 )|0, P \u221e ), p(z(t n+1 )|z(t n )) = N (z(t n+1 )|A n z(t n ), Q n ) (23) where A n = exp(F\u2206 n ), Q n = tn+1 tn A n LL \u22a4 A \u22a4 n q s dt, \u2206 n = t n+1 -t n", "section": "Impact Statement", "sec_num": null}, {"text": ", and P \u221e is the steady-state covariance matrix of the LTI-SDE 3, which can be obtained by solving the Lyapunov equation FP \u221e + P \u221e F \u22a4 + LL \u22a4 q s = 0 (Lancaster & Rodman, 1995) , as we claimed in the main paper.", "section": "Impact Statement", "sec_num": null}, {"text": "Note that for other types of stationary kernel functions, such as the periodic kernels, we can approximate the inverse spectral density 1/S(\u03c9) with a polynomial of \u03c9 2 with negative roots (Solin & S\u00e4rkk\u00e4, 2014) , and follow the same way to construct an LTI-SDE and state-space prior.", "section": "Impact Statement", "sec_num": null}, {"text": ". For Mat\u00e9rn kernel with m = 0, indicating the smoothness is \u03bd = 0 + 1 2 , it becomes the exponential covariance function:", "section": "Impact Statement", "sec_num": null}, {"text": "EQUATION", "section": "Impact Statement", "sec_num": null}, {"text": "Then the parameters of the LTI-SDE and state space prior are: {m = 0, F = -1/l, L = 1, q s = 2\u03c3 2 /l, P \u221e = \u03c3 2 } For Mat\u00e9rn kernel with m = 1, indicating the smoothness is \u03bd = 1 + 1 2 = 3/2, the kernel becomes the Mat\u00e9rn 3/2 covariance function:", "section": "Impact Statement", "sec_num": null}, {"text": "\u03ba Mat. (\u03c4 ) = \u03c3 2 1 + \u221a 3\u03c4 \u2113 exp - \u221a 3\u03c4 \u2113 (25)", "section": "Impact Statement", "sec_num": null}, {"text": "and the parameters of the LTI-SDE and state space prior", "section": "Impact Statement", "sec_num": null}, {"text": "are: m = 1, F = 0 1 -\u03bb 2 -2\u03bb ,L = 0 1 , P \u221e = \u03c3 2 0 0 \u03bb 2 \u03c3 2 , q s = 4\u03bb 3 \u03c3 2 , where \u03bb = \u221a 3/\u2113.", "section": "Impact Statement", "sec_num": null}, {"text": "For the periodic kernel:", "section": "Impact Statement", "sec_num": null}, {"text": "EQUATION", "section": "Impact Statement", "sec_num": null}, {"text": "with preset periodicity p, (Solin & S\u00e4rkk\u00e4, 2014) construct corresponding SDE by a sum of n two-dimensional SDE models(m=1) of the following parameters:", "section": "Impact Statement", "sec_num": null}, {"text": "EQUATION", "section": "Impact Statement", "sec_num": null}, {"text": "P \u221e,j = q 2 j I 2 , where q 2 j = 2I j \u2113 -2 / exp \u2113 -2 , for j = 1, 2, . . . , n and q 2 0 = I 0 \u2113 -2 / exp \u2113 -2 (Solin et al., 2016) .2. Derivative of online update equations by conditional moment matching .", "section": "Impact Statement", "sec_num": null}, {"text": "The Expectation Propagation (EP) (Minka, 2001b) and Conditional EP (CEP) (Wang & Zhe, 2019) frameworks approximate complex probabilistic models with distributions in the exponential family.", "section": "BRIEF INTRODUCTION OF EP AND CEP", "sec_num": "2.1."}, {"text": "Consider a model with latent variables \u03b8 and observed data D = {y 1 , . . . , y N }. The joint probability is:", "section": "BRIEF INTRODUCTION OF EP AND CEP", "sec_num": "2.1."}, {"text": "EQUATION", "section": "BRIEF INTRODUCTION OF EP AND CEP", "sec_num": "2.1."}, {"text": "The posterior p(\u03b8|D) is usually intractable. EP approximates each term with an exponential family distribution:", "section": "BRIEF INTRODUCTION OF EP AND CEP", "sec_num": "2.1."}, {"text": "EQUATION", "section": "BRIEF INTRODUCTION OF EP AND CEP", "sec_num": "2.1."}, {"text": "where f n (\u03b8) \u221d exp(\u03bb \u22a4 n \u03d5(\u03b8)) are in the exponential family with natural parameters \u03bb n and sufficient statistics \u03d5(\u03b8).", "section": "BRIEF INTRODUCTION OF EP AND CEP", "sec_num": "2.1."}, {"text": "The joint probability is approximated by: probability (41),", "section": "BRIEF INTRODUCTION OF EP AND CEP", "sec_num": "2.1."}, {"text": "EQUATION", "section": "BRIEF INTRODUCTION OF EP AND CEP", "sec_num": "2.1."}, {"text": "Now, we marginalize out x 1:M \\{m,m+1} = {x 1 , . . . , x m-1 , x m+2 , . . . , x M }. Note that since x * does not appear in the likelihood, we can take it out from the integral, ", "section": "BRIEF INTRODUCTION OF EP AND CEP", "sec_num": "2.1."}, {"text": "Suppose we are able to obtain p(x m , x m+1 |D) \u2248 q(x m , x m+1 ). We now need to obtain the posterior of x * .", "section": "BRIEF INTRODUCTION OF EP AND CEP", "sec_num": "2.1."}, {"text": "In the LTI SDE model, we know that the state transition is a Gaussian jump. Let us denote ", "section": "BRIEF INTRODUCTION OF EP AND CEP", "sec_num": "2.1."}, {"text": "EQUATION", "section": "BRIEF INTRODUCTION OF EP AND CEP", "sec_num": "2.1."}, {"text": "where", "section": "BRIEF INTRODUCTION OF EP AND CEP", "sec_num": "2.1."}, {"text": "EQUATION", "section": "BRIEF INTRODUCTION OF EP AND CEP", "sec_num": "2.1."}, {"text": "Those are the formulas for probabilistic imputation as arbitrary time stamps.", "section": "BRIEF INTRODUCTION OF EP AND CEP", "sec_num": "2.1."}, {"text": ".", "section": "BRIEF INTRODUCTION OF EP AND CEP", "sec_num": "2.1."}, {"text": "The NLLK scores of probabilistic imputation approaches across all datasets with different observed ratios are shown in table 6 . We can see that BayOTIDE , an online method that only processes data once, beats the offline baselines and achieves the best performance in all cases.", "section": "More experimental results", "sec_num": "4."}, {"text": "To further show the sensitivity of BayOTIDE over the different latent space dimensions, we evaluate our method on the Guangzhou-traffic dataset (observed ratio = 70%) with different settings of latent space dimension and evaluate the test CRPC score. The results are shown in table 7 . We found that increasing the latent space dimension, especially the trend factor dimension (D r ), can improve the model performance. However, the improvement is not linear, and the model may suffer from overfitting when the latent space dimension is too large. A seasonal factor dimension (D s ) that is too high may also lead to overfitting and degrading the model performance.", "section": "More experimental results", "sec_num": "4."}, {"text": "For the online imputation, the results on the Solar-Power and Uber-Move is shown in Figure 3a and Figure 3b . ", "section": "More experimental results", "sec_num": "4."}], "back_matter": [{"text": "giving a tractable approximate posterior q(\u03b8) \u2248 p(\u03b8|D).EP optimizes the approximations f n by repeatedly:1) Computing the calibrated distribution q \\n excluding f n .2) Constructing the tilted distribution p incorporating the true likelihood.3) Projecting p back to the exponential family by moment matching.4) Updating f n \u2248 q * q \\n where q * is the projection. The intractable moment matching in Step 3 is key. CEP exploits factorized f n = m f nm (\u03b8 m ) with disjoint \u03b8 m . It uses nested expectations:The inner expectation is tractable. For the outer expectation, CEP approximates the marginal tilted distribution with the current posterior:If still intractable, the delta method is used to approximate the expectation with a Taylor expansion.Once the conditional moment g(\u03b8 \\m ) is obtained, CEP substitutes the expectation E q(\u03b8 \\m ) [\u03b8 \\m ] to compute the matched moment for constructing q * .", "section": "annex", "sec_num": null}, {"text": "We then applied the EP and CEP to approximate the running posterior p(\u0398 | D tn \u222a y n+1 ). With the incremental version of Bayes'rule (10), the key is to work out the close-form factors in the likelihood approximation (12). In other words, we adopt conditional moment match techniques to handle:Then we follow the standard CEP procedure to compute the conditional moment of {Z(t n+1 ), u d , \u03c4 } and updateSpecifically, for f d n+1 (\u03c4 ) = Gamma(\u03c4 | \u00e2n+1 , bn+1 ) we have:), we have:ForAll the expectation is taken over the current approximated posterior q(\u0398 | D tn ).With these message factors from the new-arriving likelihood, the online update is easy. We follow the ( 13), ( 14) and ( 15) to merge the factors and obtain the closed-form online update for the global posterior..", "section": "Online inference Update", "sec_num": null}, {"text": "Consider a general state space model, which includes a sequence of states x 1 , . . . , x M and the observed data D.The states are at time t 1 , . . . , t M respectively. The key of the state space model is that the prior of the states is a Markov chain. The joint probability has the following form,Note that here we do not assume the data likelihood is factorized over each state, like those typically used in Kalman filtering. In our point process model, the likelihood often couples multiple states together.Suppose we have run some posterior inference to obtain the posterior of these states q(x 1 , . ", "section": "Derivation of the PROBABILISTIC IMPUTATION AT ARBITRARY TIME STAMPS", "sec_num": "3."}], "ref_entries": {"FIGREF0": {"fig_num": null, "type_str": "figure", "num": null, "uris": null, "text": "where x n \u2208 R D is the Dsize value at n-th step and x d n represents it's values at d-th channel. There is a mask matrix M \u2208 {0, 1} D\u00d7N , indicating whether the series value is observed or missing. The goal is to use the observed values, where M d,n = 1, to estimate the missing values x d n , where M d,n = 0. In the above setting, the interval between two consecutive timestamps is assumed to be constant by default. If the timestamps are irregularly sampled and continuous, the problem becomes Properties / Methods BayOTIDE TIDER Statistic-based DNN-based Diffusion-based Uncertainty-aware"}, "FIGREF1": {"fig_num": null, "type_str": "figure", "num": null, "uris": null, "text": "Figure 1: (a): The multivariate time series recovered from observations. The shaded region indicates two posterior standard deviations. (b)-(e): The weighted trend-seasonality factors learned by BayOTIDE of each channel."}, "FIGREF2": {"fig_num": "2", "type_str": "figure", "num": null, "uris": null, "text": "Figure 2: Online performance, scalability and sensitivity of BayOTIDE"}, "FIGREF3": {"fig_num": null, "type_str": "figure", "num": null, "uris": null, "text": "p(x m , x m+1 , x * , D)= p(x 1 ) m-1 j=1 p(x j+1 |x j ) M j=m+1 p(x j+1 |x j ) \u2022 p(D|x 1 , . . . , x M )dx 1:M \\{m,m+1} \u2022 p(x * |x m )p(x m+1 |x * ) = p(x m , x m+1 , D)p(x * |x m )p(x m+1 |x * ) p(x m+1 |x m ) . m , x m+1 , x * |D) \u221d p(x m , x m+1 |D)p(x * |x m )p(x m+1 |x * )."}, "FIGREF4": {"fig_num": null, "type_str": "figure", "num": null, "uris": null, "text": ")Then, we can simply merge the natural parameters of the two Gaussian and obtainp(x m , x m+1 , x * |D) = p(x m , x m+1 |D)N (x * |\u00b5 * , \u03a3 * ),"}, "FIGREF6": {"fig_num": "3", "type_str": "figure", "num": null, "uris": null, "text": "Figure 3: Online imputation results on Solar-Power and Uber-Move."}, "TABREF0": {"html": null, "type_str": "table", "num": null, "text": "take timestamps as input, but the model is trained with discretized time embedding.", "content": "<table><tr><td>more challenging and the exact timestamps {t 1 , . . . , t N }</td></tr><tr><td>should be considered in the imputation model. In this paper,</td></tr><tr><td>we aimed to learn a general function X(t) : t \u2192 R D to</td></tr><tr><td>impute the missing values at any time t \u2208 [t 1 , t N ].</td></tr><tr><td>3.2. Gaussian Process (GP) and State-Space Model</td></tr><tr><td>Gaussian Process (GP) (Rasmussen &amp; Williams, 2006)s</td></tr><tr><td>is a powerful Bayesian prior for functional approxima-</td></tr><tr><td>tion, always denoted as f \u223c GP (0, \u03ba (x, x \u2032 )). As a non-</td></tr><tr><td>parametric model, it's characterized by a mean function,</td></tr><tr><td>here assumed to be zero, and a covariance function or kernel</td></tr><tr><td>\u03ba (x, x \u2032 ), which is a positive definite function that measures</td></tr><tr><td>the similarity of inputs. The choice of the kernel is crucial</td></tr><tr><td>as it determines the types of functions the GP can model.</td></tr><tr><td>For instance, the Mat\u00e9rn kernel</td></tr></table>"}, "TABREF1": {"html": null, "type_str": "table", "num": null, "text": "RMSE, MAE and CRPS scores of imputation results of all methods on three datasets with observed ratio = 50%.", "content": "<table><tr><td/><td/><td colspan=\"2\">-GuangZhou</td><td/><td>Solar-Power</td><td/><td/><td>Uber-Move</td><td/></tr><tr><td>Metrics</td><td>RMSE</td><td>MAE</td><td>CRPS</td><td>RMSE</td><td>MAE</td><td>CRPS</td><td>RMSE</td><td>MAE</td><td>CRPS</td></tr><tr><td>Deterministic &amp; Offline</td><td/><td/><td/><td/><td/><td/><td/><td/><td/></tr><tr><td>SimpleMean</td><td>9.852</td><td>7.791</td><td>-</td><td>3.213</td><td>2.212</td><td>-</td><td>5.183</td><td>4.129</td><td>-</td></tr><tr><td>BRITS</td><td>4.874</td><td>3.335</td><td>-</td><td>2.842</td><td>1.985</td><td>-</td><td>2.180</td><td>1.527</td><td>-</td></tr><tr><td>NAOMI</td><td>5.986</td><td>4.543</td><td>-</td><td>2.918</td><td>2.112</td><td>-</td><td>2.343</td><td>1.658</td><td>-</td></tr><tr><td>SAITS</td><td>4.839</td><td>3.391</td><td>-</td><td>2.791</td><td>1.827</td><td>-</td><td>1.998</td><td>1.453</td><td>-</td></tr><tr><td>TIDER</td><td>4.708</td><td>3.469</td><td>-</td><td>1.679</td><td>0.838</td><td>-</td><td>1.959</td><td>1.422</td><td>-</td></tr><tr><td>Probabilistic &amp; Offline</td><td/><td/><td/><td/><td/><td/><td/><td/><td/></tr><tr><td>Multi-Task GP</td><td>4.887</td><td>3.530</td><td>0.092</td><td>2.847</td><td>1.706</td><td>0.203</td><td>3.625</td><td>2.365</td><td>0.121</td></tr><tr><td>GP-VAE</td><td>4.844</td><td>3.419</td><td>0.084</td><td>3.720</td><td>1.810</td><td>0.368</td><td>5.399</td><td>3.622</td><td>0.203</td></tr><tr><td>CSDI</td><td>4.813</td><td>3.202</td><td>0.076</td><td>2.276</td><td>0.804</td><td>0.166</td><td>1.982</td><td>1.437</td><td>0.072</td></tr><tr><td>CSBI</td><td>4.790</td><td>3.182</td><td>0.074</td><td>2.097</td><td>1.033</td><td>0.153</td><td>1.985</td><td>1.441</td><td>0.075</td></tr><tr><td>Probabilistic &amp; Online</td><td/><td/><td/><td/><td/><td/><td/><td/><td/></tr><tr><td colspan=\"2\">BayOTIDE-fix weight 11.032</td><td>9.294</td><td>0.728</td><td>5.245</td><td>2.153</td><td>0.374</td><td>5.950</td><td>4.863</td><td>0.209</td></tr><tr><td>BayOTIDE-trend only</td><td>4.188</td><td>2.875</td><td>0.059</td><td>1.789</td><td>0.791</td><td>0.132</td><td>2.052</td><td>1.464</td><td>0.067</td></tr><tr><td>BayOTIDE</td><td colspan=\"3\">3.820 2.687 0.055</td><td>1.699</td><td colspan=\"5\">0.734 0.122 1.901 1.361 0.062</td></tr></table>"}, "TABREF2": {"html": null, "type_str": "table", "num": null, "text": "RMSE, MAE and CRPS scores of imputation results of all methods on three datasets with observed ratio = 70%.", "content": "<table/>"}, "TABREF4": {"html": null, "type_str": "table", "num": null, "text": "The imputation results of BayOTIDE with settings of irregulate and all-channel-missing timestamps on three datasets with observed ratio = {50%, 70%}.", "content": "<table/>"}, "TABREF5": {"html": null, "type_str": "table", "num": null, "text": "explainable machine learning algorithms. In Proceedings of the AAAI Conference on ArtificialIntelligence, volume 37, pp. 15630-15638, 2023.", "content": "<table><tr><td>Appendix</td></tr><tr><td>.1. LTI-SDE representation of GP with Mat\u00e9rn kernel</td></tr><tr><td>and periodic kernel</td></tr><tr><td>.1.1. CONNECT GP WITH LTI-SDE BY SPECTRAL</td></tr><tr><td>ANALYSIS</td></tr></table>"}, "TABREF6": {"html": null, "type_str": "table", "num": null, "text": "1.2. THE CLOSED-FORM OF LTI-SDE AND STATE SPACE PRIOR WITH MAT\u00c9RN KERNEL AND PERIODIC KERNELWith the canonical form of LTI-SDE (22)and state space prior(23) and above derivation, we can work out the closedform of LTI-SDE and state space prior for Mat\u00e9rn kernel and periodic kernel. We present the results in the following.", "content": "<table/>"}, "TABREF7": {"html": null, "type_str": "table", "num": null, "text": "The hyperparameter setting of BayOTIDE for the imputation task.", "content": "<table/>"}, "TABREF9": {"html": null, "type_str": "table", "num": null, "text": "The negative log-likelihood score (NLLK) of all probabilistic imputation methods on all datasets with observed ratio", "content": "<table/>"}}}}