{"paper_id": "GDEM", "title": "Graph Distillation with Eigenbasis Matching", "abstract": "The increasing amount of graph data places requirements on the efficient training of graph neural networks (GNNs). The emerging graph distillation (GD) tackles this challenge by distilling a small synthetic graph to replace the real large graph, ensuring GNNs trained on real and synthetic graphs exhibit comparable performance. However, existing methods rely on GNN-related information as supervision, including gradients, representations, and trajectories, which have two limitations. First, GNNs can affect the spectrum (i.e., eigenvalues) of the real graph, causing spectrum bias in the synthetic graph. Second, the variety of GNN architectures leads to the creation of different synthetic graphs, requiring traversal to obtain optimal performance. To tackle these issues, we propose Graph Distillation with Eigenbasis Matching (GDEM), which aligns the eigenbasis and node features of real and synthetic graphs. Meanwhile, it directly replicates the spectrum of the real graph and thus prevents the influence of GNNs. Moreover, we design a discrimination constraint to balance the effectiveness and generalization of GDEM. Theoretically, the synthetic graphs distilled by GDEM are restricted spectral approximations of the real graphs. Extensive experiments demonstrate that GDEM outperforms state-of-the-art GD methods with powerful crossarchitecture generalization ability and significant distillation efficiency. Our code is available at https://github.com/liuyang-tian/GDEM.", "pdf_parse": {"paper_id": "GDEM", "abstract": [{"text": "The increasing amount of graph data places requirements on the efficient training of graph neural networks (GNNs). The emerging graph distillation (GD) tackles this challenge by distilling a small synthetic graph to replace the real large graph, ensuring GNNs trained on real and synthetic graphs exhibit comparable performance. However, existing methods rely on GNN-related information as supervision, including gradients, representations, and trajectories, which have two limitations. First, GNNs can affect the spectrum (i.e., eigenvalues) of the real graph, causing spectrum bias in the synthetic graph. Second, the variety of GNN architectures leads to the creation of different synthetic graphs, requiring traversal to obtain optimal performance. To tackle these issues, we propose Graph Distillation with Eigenbasis Matching (GDEM), which aligns the eigenbasis and node features of real and synthetic graphs. Meanwhile, it directly replicates the spectrum of the real graph and thus prevents the influence of GNNs. Moreover, we design a discrimination constraint to balance the effectiveness and generalization of GDEM. Theoretically, the synthetic graphs distilled by GDEM are restricted spectral approximations of the real graphs. Extensive experiments demonstrate that GDEM outperforms state-of-the-art GD methods with powerful crossarchitecture generalization ability and significant distillation efficiency. Our code is available at https://github.com/liuyang-tian/GDEM.", "section": "Abstract", "sec_num": null}], "body_text": [{"text": "Graph neural networks (GNNs) are proven effective in a variety of graph-related tasks (Kipf & Welling, 2017; Velickovic et al., 2018) . However, the non-Euclidean nature of graph structure presents challenges to the efficiency and scalability of GNNs (Hamilton et al., 2017) . To accelerate training, one data-centric approach is to summarize the large-scale graph into a much smaller one. Traditional methods primarily involve sparsification (Spielman & Srivastava, 2011; Yu et al., 2022) and coarsening (Loukas, 2019; Kumar et al., 2023) . However, these methods are typically designed to optimize some heuristic metrics, e.g., spectral similarity (Loukas, 2019) and pair-wise distance (Ahmed et al., 2020) , which may be irrelevant to downstream tasks, leading to sub-optimal performance.", "section": "Introduction", "sec_num": "1."}, {"text": "Recently, graph distillation (GD), a.k.a., graph condensation, has attracted considerable attention in graph reduction due to its remarkable compression ratio and lossless performance (Gao et al., 2024) . Generally, GD aims to synthesize a small graph wherein GNNs trained on it exhibit comparable performance to those trained on the real large graph. To this end, existing methods are designed to optimize the synthetic graphs by matching some GNN-related information, such as gradients (Jin et al., 2022b; a) , representations (Liu et al., 2022a) , and training trajectories (Zheng et al., 2023) , between the real and synthetic graphs. As a result, the synthetic graph aligns its distribution with the real graph and also incorporates information from downstream tasks.", "section": "Introduction", "sec_num": "1."}, {"text": "Despite the considerable progress, existing GD methods require pre-selecting a specific GNN as the distillation model, introducing two limitations: (1) GNNs used for distillation affect the real spectrum, leading to spectrum bias in the synthetic graph, i.e., a few eigenvalues dominate the data distribution. Figure 1 illustrates the total variation (TV) (Gutman & Zhou, 2006) of the real and synthetic graphs. Notably, TV reflects the smoothness of the signal over a graph. A small value of TV indicates a low-frequency distribution, and vice versa. We can observe that the values of TV in the synthetic graph distilled by a low-pass filter consistently appear lower than those in the real graph, while the opposite holds for the high-pass filter, thus verifying the existence of spectrum bias (See Section 3 for a theoretical analysis). (2) The optimal performance is obtained by traversing various GNN architectures, resulting in non-negligible computational costs. Table 1 presents the cross-architecture results of GCOND (Jin et al., 2022b) across six well-known GNNs, including GCN (Kipf & Welling, 2017) , SGC (Wu et al., 2019) , PPNP (Klicpera et al., 2019) , ChebyNet (Def- PPNP 72.70 70.40 77.46 73.38 70.56 74.02 Cheb. 73.60 70.62 75.10 77.30 77.62 78.10 Bern. 67.68 73.76 74.30 77.20 78.12 78.28 GPR. 76.04 72.20 77.94 75.92 77.12 77.96 ferrard et al., 2016) , BernNet (He et al., 2021) , and GPR-GNN (Chien et al., 2021) . It can be seen that the evaluation performance of different GNNs varies greatly. As a result, existing GD methods need to distill and traverse various GNN architectures to obtain optimal performance, which significantly improves the time overhead. See Appendix A.1 for the definition of TV and Appendix A.2 for more experimental details.", "section": "Introduction", "sec_num": "1."}, {"text": "Once the weaknesses of existing methods are identified, it is natural to ask: How to distill graphs without being affected by different GNNs? To answer this question, we propose Graph Distillation with Eigenbasis Matching (GDEM). Specifically, GDEM decomposes the graph structure into eigenvalues and eigenbasis. During distillation, GDEM matches the eigenbasis and node features of real and synthetic graphs, which equally preserves the information of different frequencies, thus addressing the spectrum bias. Additionally, a discrimination loss is jointly optimized to improve the performance of GDEM and balance its effectiveness and generalization. Upon completing the matching, GDEM leverages the real graph spectrum and synthetic eigenbasis to construct a complete synthetic graph, which prevents the spectrum from being affected by GNNs and ensures the uniqueness of the synthetic graph, thus avoiding the traversal requirement and improving the distillation efficiency.", "section": "Introduction", "sec_num": "1."}, {"text": "The contributions of our paper are as follows. (1) We systematically analyze the limitations of existing distillation methods, including spectrum bias and traversal requirement. (2) We propose GDEM, a novel graph distillation framework, which mitigates the dependence on GNNs by matching the eigenbasis instead of the entire graph structure. Additionally, it is theoretically demonstrated that GDEM preserves essential spectral similarity during distillation. (3) Extensive experiments on seven graph datasets validate the superiority of GDEM over state-of-the-art GD methods in terms of effectiveness, generalization, and efficiency.", "section": "Introduction", "sec_num": "1."}, {"text": "Before describing our framework in detail, we first introduce some notations and concepts used in this paper. Specifically, we focus on the node classification task, where the goal is to predict the labels of the nodes in a graph. Assume that there is a graph G = (V, E, X), where V is the set of nodes with |V| = N , E indicates the set of edges, and X \u2208 R N \u00d7d is the node feature matrix. The adjacency matrix of G is defined as A \u2208 {0, 1} N \u00d7N , where A ij = 1 if there is an edge between nodes i and j, and A ij = 0 otherwise. The corresponding normalized Laplacian matrix is defined as", "section": "Preliminary", "sec_num": "2."}, {"text": "L = I N -D -1 2 AD -1 2", "section": "Preliminary", "sec_num": "2."}, {"text": ", where I N is an identity matrix and D is the degree matrix with D ii = j A ij for i \u2208 V and D ij = 0 for i \u0338 = j. Without loss of generality, we assume that G is undirected and all the nodes are connected.", "section": "Preliminary", "sec_num": "2."}, {"text": "Eigenbasis and Eigenvalue. The normalized graph Laplacian can be decomposed as", "section": "Preliminary", "sec_num": "2."}, {"text": "L = U\u039bU \u22a4 = N i=1 \u03bb i u i u \u22a4 i , where \u039b = diag({\u03bb i } N i=1 ) are the eigenvalues and U = [u 1 , \u2022 \u2022 \u2022 , u N ] \u2208 R N \u00d7N is the eigenbasis, consisting of a set of eigenvectors. Each eigenvector u i \u2208 R N has a cor- responding eigenvalue \u03bb i , such that Lu i = \u03bb i u i . Without loss of generality, we assume 0 \u2264 \u03bb 1 \u2264 \u2022 \u2022 \u2022 \u2264 \u03bb N \u2264 2. Graph Distillation. GD aims to distill a small synthetic graph G \u2032 = (V \u2032 , E \u2032 , X \u2032 ), where |V \u2032 | = N \u2032 \u226a N and X \u2032 \u2208 R N \u2032 \u00d7d ,", "section": "Preliminary", "sec_num": "2."}, {"text": "from the real large graph G. Meanwhile, GNNs trained on G and G \u2032 will have comparable performance, thus accelerating the training of GNNs. Existing frameworks can be divided into three categories: gradient matching, distribution matching, and trajectory matching. See Appendix C for more detailed descriptions.", "section": "Preliminary", "sec_num": "2."}, {"text": "In this section, we give a detailed analysis of the objective of gradient matching in graph data, which motivates the design of our method. We start with a vanilla example, which adopts a one-layer GCN as the distillation model and simplifies the objective of GNNs into the MSE loss:", "section": "Spectrum Bias in Gradient Matching", "sec_num": "3."}, {"text": "EQUATION", "section": "Spectrum Bias in Gradient Matching", "sec_num": "3."}, {"text": ")", "section": "Spectrum Bias in Gradient Matching", "sec_num": "3."}, {"text": "where W is the model parameter. The gradients on the real and synthetic graphs are calculated as follows:", "section": "Spectrum Bias in Gradient Matching", "sec_num": "3."}, {"text": "\u2207 W = (AX) T (AXW -Y) , \u2207 \u2032 W = (A \u2032 X \u2032 ) T (A \u2032 X \u2032 W -Y \u2032 ) . (2)", "section": "Spectrum Bias in Gradient Matching", "sec_num": "3."}, {"text": "Assume that the objective of gradient matching is the MSE loss between two gradients, i.e., L GM = \u2225\u2207 W -\u2207 \u2032 W \u2225 2 F . To further characterize its properties, we analyze the following upper-bound of L GM :", "section": "Spectrum Bias in Gradient Matching", "sec_num": "3."}, {"text": "EQUATION", "section": "Spectrum Bias in Gradient Matching", "sec_num": "3."}, {"text": "where X \u22a4 A 2 X and X \u22a4 AY are two target distributions in the real graph, which are used to supervise the update of the synthetic graph. However, both of them will be dominated by a few eigenvalues, resulting in spectrum bias.", "section": "Spectrum Bias in Gradient Matching", "sec_num": "3."}, {"text": "Lemma 3.1. The target distribution of GCN is dominated by the smallest eigenvalue after stacking multiple layers.", "section": "Spectrum Bias in Gradient Matching", "sec_num": "3."}, {"text": "Proof. The target distribution can be reformulated as:", "section": "Spectrum Bias in Gradient Matching", "sec_num": "3."}, {"text": "EQUATION", "section": "Spectrum Bias in Gradient Matching", "sec_num": "3."}, {"text": ")", "section": "Spectrum Bias in Gradient Matching", "sec_num": "3."}, {"text": "where t is the number of layers. When t goes to infinity, only the smallest eigenvalue \u03bb 0 = 0 preserves its coefficient (1 -\u03bb 0 ) 2t = 1 and other coefficients tend to 0. Hence, the target distribution X \u22a4 A 2t X is dominated by X \u22a4 u 0 u \u22a4 0 X. The same analysis can be applied for X \u22a4 A t Y.", "section": "Spectrum Bias in Gradient Matching", "sec_num": "3."}, {"text": "Lemma 3.2. Suppose the distillation GNN has an analytic filtering function g(\u2022). Then the target distributions will be dominated by the eigenvalues whose filtered values are greater than 1, i.e., g(\u03bb i ) \u2265 1. Proof. The objective function of distillation GNN is L = 1 2 \u2225g(L)XW -Y\u2225 2 F . Then the target distributions become X \u22a4 g(L) 2t X and X \u22a4 g(L) t Y as g is analytic. Therefore, the filtered eigenvalues with values g(\u03bb i ) \u2265 1 retain their coefficients and dominate the target distributions.", "section": "Spectrum Bias in Gradient Matching", "sec_num": "3."}, {"text": "Lemmas 3.1 and 3.2 state that leveraging the information of GNNs in distillation will introduce a spectral bias in the target distributions. As a result, the synthetic graph can only match part of the data distribution of the real graph, leaving its structural information incomplete.", "section": "Spectrum Bias in Gradient Matching", "sec_num": "3."}, {"text": "In this section, we introduce the proposed method GDEM. Compared with previous methods, e.g., gradient matching (Figure 2(a) ) and distribution matching (Figure 2 (b)), GDEM, illustrated in 2(c), does not rely on specific GNNs, whose distillation process can be divided into two steps: (1) Matching the eigenbasis and node features between the real and synthetic graphs. (2) Constructing the synthetic graph by using the synthesized eigenbasis and real spectrum. ", "section": "The Proposed Method: GDEM", "sec_num": "4."}, {"text": "\ud835\udc62 # \ud835\udc62 # \u22ba \ud835\udc4b \ud835\udc4b \u22ba \ud835\udc62 # ! \ud835\udc62 # ! \u22ba \ud835\udc4b ! \ud835\udc4b ! \u22ba (c) Eigenbasis matching", "section": "The Proposed Method: GDEM", "sec_num": "4."}, {"text": "The eigenbasis of a graph represents its crucial structural information. For example, eigenvectors corresponding to smaller eigenvalues reflect the global community structure, while eigenvectors corresponding to larger eigenvalues encode local details (Bo et al., 2021) . Generally, the number of eigenvectors is the same as the number of nodes in a graph, suggesting that we cannot preserve all the real eigenbasis in the synthetic graph. Therefore, GDEM is designed to match eigenvectors with the K 1 smallest and the K 2 largest eigenvalues, where K 1 and K 2 are hyperparameters, and K 1 + K 2 = K \u2264 N \u2032 . This approach has been proven effective in both graph coarsening (Jin et al., 2020) and spectral GNNs (Bo et al., 2023) . We initialize a matrix", "section": "Eigenbasis Matching", "sec_num": "4.1."}, {"text": "U \u2032 K = [u \u2032 1 , \u2022 \u2022 \u2022 , u \u2032 N \u2032 ] \u2208 R N \u2032 \u00d7K to match the principal eigenbasis of the real graph, denoted as U K = [u 1 , \u2022 \u2022 \u2022 , u K1 , u N -K2 , \u2022 \u2022 \u2022 , u N ] \u2208 R N \u00d7K .", "section": "Eigenbasis Matching", "sec_num": "4.1."}, {"text": "To eliminate the influence of GNNs, GDEM does not use the spectrum information during distillation. Therefore, the first term in Equation 3 becomes:", "section": "Eigenbasis Matching", "sec_num": "4.1."}, {"text": "EQUATION", "section": "Eigenbasis Matching", "sec_num": "4.1."}, {"text": "where", "section": "Eigenbasis Matching", "sec_num": "4.1."}, {"text": "u k u \u22a4 k and u \u2032 k u \u2032 k", "section": "Eigenbasis Matching", "sec_num": "4.1."}, {"text": "\u22a4 are the subspaces induced by the k-th eigenvector in the real and synthetic graphs.", "section": "Eigenbasis Matching", "sec_num": "4.1."}, {"text": "Additionally, as the basis of graph Fourier transform, eigenvectors are naturally normalized and orthogonal to each other. However, directly optimizing U \u2032 K via gradient de-scent cannot preserve this property. Therefore, an additional regularization is used to constrain the representation space:", "section": "Eigenbasis Matching", "sec_num": "4.1."}, {"text": "EQUATION", "section": "Eigenbasis Matching", "sec_num": "4.1."}, {"text": "See Appendix A.3 for more implementation details.", "section": "Eigenbasis Matching", "sec_num": "4.1."}, {"text": "In practice, we find that eigenbasis matching improves the cross-architecture generalization of GDEM but contributes less to the performance of node classification as it only preserves the global distribution, i.e., X \u22a4 uu \u22a4 X, without considering the information of downstream tasks. Therefore, we need to approximate the second term in Equation 3. Interestingly, we find that X \u22a4 AY \u2208 R d\u00d7C indicates the category-level representations, which assigns each category a d-dimensional representation. However, the MSE loss only emphasizes the intra-class similarity between the real and synthetic graphs and ignores the inter-class dissimilarity.", "section": "Discrimination Constraint", "sec_num": "4.2."}, {"text": "Based on this discovery, we design a discrimination constraint to effectively preserve the category-level information, which can also be treated as a class-aware regularization technique (Zhao et al., 2023; Wang et al., 2022) . Specifically, we first learn the category-level representations of the real and synthetic graphs:", "section": "Discrimination Constraint", "sec_num": "4.2."}, {"text": "EQUATION", "section": "Discrimination Constraint", "sec_num": "4.2."}, {"text": "where \u03bb k is the k-th eigenvalue of the real graph Laplacian.", "section": "Discrimination Constraint", "sec_num": "4.2."}, {"text": "We then constrain the cosine similarity between H and H \u2032 :", "section": "Discrimination Constraint", "sec_num": "4.2."}, {"text": "EQUATION", "section": "Discrimination Constraint", "sec_num": "4.2."}, {"text": "Note that the discrimination constraint introduces the spectrum information in the distillation process, which conflicts with the eigenbasis matching. However, we find that adjusting the weights of eigenbasis matching and the discrimination constraint can balance the performance and generalization of GDEM. Ablation studies can be seen in Section 6.5.", "section": "Discrimination Constraint", "sec_num": "4.2."}, {"text": "In summary, the overall loss function of GDEM is formulated as the weighted sum of three regularization terms:", "section": "Final Objective and Synthetic Graph Construction", "sec_num": "4.3."}, {"text": "EQUATION", "section": "Final Objective and Synthetic Graph Construction", "sec_num": "4.3."}, {"text": "where \u03b1, \u03b2, and \u03b3 are the hyperparameters. The pseudocode of GDEM is presented in Algorithm 1.", "section": "Final Objective and Synthetic Graph Construction", "sec_num": "4.3."}, {"text": "Upon minimizing the total loss function, the outputs of GDEM are the eigenbasis and node features of the synthetic  and L d via Eqs. 5, 6, and 8 Compute", "section": "Final Objective and Synthetic Graph Construction", "sec_num": "4.3."}, {"text": "Algorithm 1 GDEM for Graph Distillation Input: Real graph G = (A, X, Y) with eigenvalues {\u03bb i } K i=1 and eigenbasis U K Init: Synthetic graph G \u2032 with eigenbasis U \u2032 K , node fea- tures X \u2032 , and labels Y \u2032 for t = 1 to T do Compute L e , L o ,", "section": "Final Objective and Synthetic Graph Construction", "sec_num": "4.3."}, {"text": "L total = \u03b1L e + \u03b2L d + \u03b3L o if t%(\u03c4 1 + \u03c4 2 ) < \u03c4 1 then Update U \u2032 K \u2190 U \u2032 K -\u03b7 1 \u2207 U \u2032 K L total else Update X \u2032 \u2190 X \u2032 -\u03b7 2 \u2207 X \u2032 L total end if end for Compute A \u2032 = K k=1 (1 -\u03bb k )u \u2032 k u \u2032 k \u22a4 Return: A \u2032 , X \u2032", "section": "Final Objective and Synthetic Graph Construction", "sec_num": "4.3."}, {"text": "graph. However, the data remains incomplete due to the absence of the graph spectrum. Essentially, the graph spectrum encodes the global shape of a graph (Martinkus et al., 2022) . Ideally, if the synthetic graph preserves the distribution of the real graph, they should have similar spectrums. Therefore, we directly replicate the real spectrum for the synthetic graph to construct its Laplacian matrix or adjacency matrix:", "section": "Final Objective and Synthetic Graph Construction", "sec_num": "4.3."}, {"text": "L \u2032 = K k=1 \u03bb k u \u2032 k u \u2032 k \u22a4 , A \u2032 = K k=1 (1 -\u03bb k )u \u2032 k u \u2032 k \u22a4 . (10)", "section": "Final Objective and Synthetic Graph Construction", "sec_num": "4.3."}, {"text": "Complexity. The complexity of decomposition is O(N 3 ).", "section": "Discussion", "sec_num": "4.4."}, {"text": "However, given that we only utilize the K smallest or largest eigenvalues, the complexity reduces to O(KN 2 ). Additionally, u \u22a4 k X in Equation 5 Relation to Message Passing. Message-passing (MP) is the most popular paradigm for GNNs. Although GDEM does not explicitly perform message-passing during distillation, eigenbasis matching already encodes the information of neighbors as most MP operators rely on the combination of the out product of eigenvectors, e.g., L = N i=1 \u03bb i u i u \u22a4 i . Therefore, GDEM not only inherits the expressive power of MP but also addresses the weaknesses of the previous distillation methods.", "section": "Discussion", "sec_num": "4.4."}, {"text": "Limitations. Hereby we discuss the limitations of GDEM.", "section": "Discussion", "sec_num": "4.4."}, {"text": "(1) The decomposition of the real graph introduces additional computational costs for distillation. (2) In scenarios with extremely high compression rates, the synthetic graphs can only match a limited number of real eigenbasis, resulting in performance degradation.", "section": "Discussion", "sec_num": "4.4."}, {"text": "In this section, we give a theoretical analysis of GDEM and prove that it preserves the restricted spectral similarity. Definition 5.1. (Spectral Similarity (Spielman & Srivastava, 2011) ) Let A, B \u2208 R N \u00d7N be two square matrices. Matrix B is considered a spectral approximation of A if there exists a positive constant \u03f5, such that for any vector x \u2208 R N , the following inequality holds:", "section": "Theoretical Analysis", "sec_num": "5."}, {"text": "(", "section": "Theoretical Analysis", "sec_num": "5."}, {"text": "1 -\u03f5)x \u22a4 Ax < x \u22a4 Bx < (1 + \u03f5)x \u22a4 Ax.", "section": "Theoretical Analysis", "sec_num": "5."}, {"text": "However, it is impossible to satisfy this condition for all x \u2208 R N (Loukas, 2019) . Therefore, we only consider a restricted version of spectral similarity in the feature space. Definition 5.2. (Restricted Spectral Similarity, RSS1 ) The synthetic graph Laplacian L \u2032 preserves RSS of the real graph Laplacian L, if there exists an \u03f5 > 0 such that:", "section": "Theoretical Analysis", "sec_num": "5."}, {"text": "(1-\u03f5)x \u22a4 Lx < x \u2032 \u22a4 L \u2032 x \u2032 < (1+\u03f5)x \u22a4 Lx \u2200x, x \u2032 \u2208 X, X \u2032 .", "section": "Theoretical Analysis", "sec_num": "5."}, {"text": "Proposition 5.3. The synthetic graph distilled by GDEM is a restricted \u03f5-spectral approximation of the real graph.", "section": "Theoretical Analysis", "sec_num": "5."}, {"text": "Proof. We first characterize the spectral similarity of node features in the real and synthetic graphs, respectively. Notably, here we use the principal K eigenvalues and eigenvectors as a truncated representation of the real graph", "section": "Theoretical Analysis", "sec_num": "5."}, {"text": "EQUATION", "section": "Theoretical Analysis", "sec_num": "5."}, {"text": "EQUATION", "section": "Theoretical Analysis", "sec_num": "5."}, {"text": "where \u2206 = x \u2032 \u22a4 \u0168\u039b \u0168\u22a4 x \u2032 and \u0168 represents the nonorthogonal terms of the eigenbasis U \u2032 K , which means that U \u2032 K + \u0168 is strictly orthogonal. Combining Equations 11 and 12, we have", "section": "Theoretical Analysis", "sec_num": "5."}, {"text": "EQUATION", "section": "Theoretical Analysis", "sec_num": "5."}, {"text": ")", "section": "Theoretical Analysis", "sec_num": "5."}, {"text": "The above inequality shows that the objective of eigenbasis matching is the upper bound of the spectral discrepancy between the real and synthetic graphs. Optimizing L e and L o makes the bound tighter and preserves the spectral similarity of the real graph. The synthetic graph is a restricted \u03f5-spectral approximation of the real graph with", "section": "Theoretical Analysis", "sec_num": "5."}, {"text": "\u03f5 = K k=1 \u03bb k x \u22a4 u k u \u22a4 k x -x \u2032 \u22a4 u \u2032 k u \u2032 k \u22a4 x \u2032 + |\u2206|.", "section": "Theoretical Analysis", "sec_num": "5."}, {"text": "In this section, we conduct experiments on a variety of graph datasets to validate the effectiveness, generalization, and efficiency of the proposed GDEM.", "section": "Experiments", "sec_num": "6."}, {"text": "Datasets. To evaluate the effectiveness of our GDEM, we select seven representative graph datasets, including five homophilic graphs, i.e., Citeseer, Pubmed (Kipf & Welling, 2017) , Ogbn-arxiv (Hu et al., 2020) , Filckr (Zeng et al., 2020) , and Reddit (Hamilton et al., 2017) , and two heterophilic graphs, i.e., Squirrel (Rozemberczki et al., 2021) and Gamers (Lim et al., 2021) .", "section": "Experimental Setup", "sec_num": "6.1."}, {"text": "Baselines. We benchmark our model against several competitive baselines, which can be divided into two categories: (1) Traditional graph reduction methods, including three coreset methods, i.e., Random, Herding, and K-Center (Welling, 2009; Sener & Savarese, 2018) , and one coarsening method (Loukas, 2019) . ( 2) Graph distillation methods, including two gradient matching methods, i.e., GCOND (Jin et al., 2022b) and SGDD (Yang et al., 2023) , and one trajectory matching method, i.e., SFGC (Zheng et al., 2023) . See Appendix A.6 for more details.", "section": "Experimental Setup", "sec_num": "6.1."}, {"text": "Evaluation Protocol. To fairly evaluate the quality of synthetic graphs, we perform the following two steps for all methods: (1) Distillation step, where we apply the distillation methods in the training set of the real graphs.", "section": "Experimental Setup", "sec_num": "6.1."}, {"text": "(2) Evaluation step, where we train GNNs on the synthetic graph from scratch and then evaluate their performance on the test set of real graphs. In the node classification experiment (Section 6.2), we follow the settings of the original papers (Jin et al., 2022b; Zheng et al., 2023; Yang et al., 2023) . In the generalization experiment (Section 6.3), we use six representative GNNs, including three spatial GNNs, i.e., GCN, SGC, and PPNP, and three spectral GNNs, i.e., ChebyNet, BernNet, and GPR-GNN. See Appendix A.7 for more detailed description.", "section": "Experimental Setup", "sec_num": "6.1."}, {"text": "Settings and Hyperparameters. To eliminate randomness, in the distillation step, we run the distillation methods 10 times and yield 10 synthetic graphs. Moreover, we set", "section": "Experimental Setup", "sec_num": "6.1."}, {"text": "K 1 + K 2 = N \u2032 .", "section": "Experimental Setup", "sec_num": "6.1."}, {"text": "To reduce the tuning complexity, we treat r k = {0.8, 0.85, 0.9, 0.95, 1.0} as a hyperparameter and set", "section": "Experimental Setup", "sec_num": "6.1."}, {"text": "K 1 = r k N \u2032 , K 2 = (1 -r k )N \u2032 for eigenbasis matching.", "section": "Experimental Setup", "sec_num": "6.1."}, {"text": "In the evaluation step, spatial GNNs have two aggregation layers and the polynomial order of spectral GNNs is set to 10. For more details, see Appendix A.8. ", "section": "Experimental Setup", "sec_num": "6.1."}, {"text": "(A \u2032 , X \u2032 ) Coarsening (A \u2032 , X \u2032 ) Herding (A \u2032 , X \u2032 ) K-Center (A \u2032 , X \u2032 ) GCOND (A \u2032 , X \u2032 ) SFGC (X \u2032 ) SGDD (A \u2032 , X \u2032 ) GDEM (U \u2032 , X \u2032 )", "section": "Experimental Setup", "sec_num": "6.1."}, {"text": "The node classification performance is reported in Table 2 , in which we have the following observations:", "section": "Node Classification", "sec_num": "6.2."}, {"text": "First, the GD methods consistently outperform the traditional methods, including coreset and coarsening. The reasons are two-fold: On the one hand, GD methods can leverage the powerful representation learning ability of GNNs to synthesize the graph data. On the other hand, the distillation process involves the downstream task information.", "section": "Node Classification", "sec_num": "6.2."}, {"text": "In contrast, the traditional methods can only leverage the structural information.", "section": "Node Classification", "sec_num": "6.2."}, {"text": "Second, GDEM achieves state-of-the-art performance in 6 out of 7 graph datasets, demonstrating its effectiveness in preserving the distribution of real graphs. Existing GD methods heavily rely on the information of GNNs to distill synthetic graphs. However, the results of GDEM reveal that matching eigenbasis can also yield good synthetic graphs. Furthermore, some results of GDEM are better than those on the entire dataset, which may be due to the use of highfrequency information.", "section": "Node Classification", "sec_num": "6.2."}, {"text": "Third, GDEM performs slightly worse on Ogbn-arxiv but achieves promising results on other large-scale graphs. We conjecture this is because, under the compression ratios of 0.05% -0.50%, there are only hundreds of eigenvectors for eigenbasis matching, which is not enough to cover all the useful subspaces in Ogbn-arxiv. See Appendix A.9 for further experimental verification.", "section": "Node Classification", "sec_num": "6.2."}, {"text": "We evaluate the generalization ability of the synthetic graphs distilled by four different GD methods, including GCOND, SFGC, SGDD, and GDEM. In particular, each synthetic graph is evaluated by six GNNs, and the average accuracy and variance of the evaluation results are shown in Table 3 .", "section": "Cross-architecture Generalization", "sec_num": "6.3."}, {"text": "First, GDEM stands out by exhibiting the highest average accuracy across datasets except for Ogbn-arxiv, indicating that the synthetic graphs distilled by GDEM can consistently benefit a variety of GNNs. Moreover, GDEM significantly reduces the performance gap between different GNNs. For example, the variance of GCOND is 2-6 times higher than that of GDEM. On the other hand, SGDD broadcasts the structural information to synthetic graphs and exhibits better generalization ability than GCOND, implying that preserving graph structures can improve the generalization of synthetic graphs. SFGC proposes structure-free distillation. However, this strategy may lead to restricted application scenarios due to the lack of explicit graph structures. ", "section": "Cross-architecture Generalization", "sec_num": "6.3."}, {"text": "We compare the optimal performance and time overhead of different GD methods by traversing various GNN architectures in the Pubmed dataset. Since GDEM does not use GNNs during distillation, we remove the inner-and outer-loop of GCOND and SGDD when calculating the time overhead for a fair comparison. Therefore, the running time is faster than the results in Yang et al. (2023) .", "section": "Optimal Performance and Time Overhead", "sec_num": "6.4."}, {"text": "In Table 4 , we can find that both GCOND and SGDD improve their performance by traversing different GNNs compared to the results in Table 3 . However, this strategy also introduces additional computation costs in the distillation stage. As shown in Table 5 , the complexity of GCOND and SGDD is related to the complexity of distillation GNNs. Notably, when choosing GNNs with high complexity, e.g., BernNet, their time overhead will increase significantly.", "section": "Optimal Performance and Time Overhead", "sec_num": "6.4."}, {"text": "On the other hand, GDEM still exhibits remarkable performance compared to the traversal results of GCOND and SGDD. More importantly, the complexity of GDEM will not be affected by GNNs, which eliminates the traversal requirement of previous methods. As a result, the overall time overhead of GDEM is significantly smaller than GCOND and SGDD, which validates the efficiency of GDEM. See Appendix A.2 for more generalization results of GCOND and SGDD. ", "section": "Optimal Performance and Time Overhead", "sec_num": "6.4."}, {"text": "We perform ablation studies in the Pubmed and Gamers datasets to verify the effectiveness of different regularization terms, i.e., L e , L o , and L d .", "section": "Ablation Study", "sec_num": "6.5."}, {"text": "Model Analysis. Table 6 shows the roles of different regularization terms. First, all of them contribute to both the effectiveness and generalization of GDEM. Specifically, L e and L o primarily govern the generalization ability of GDEM, as the variance of GNNs increases significantly when removing either of them. Second, we observe that L d hurts the generalization of GDEM. The reason is that the discrimination constraint uses the information of the graph spectrum and introduces the low-frequency preference. But it also improves the performance of GDEM. Therefore, GDEM needs to carefully balance these two loss functions.", "section": "Ablation Study", "sec_num": "6.5."}, {"text": "Parameters Analysis. We conduct an additional parameter analysis to further demonstrate the influence of L e and L d , as illustrated in Figure 3 . Specifically, we observe that with the increase in \u03b1, the variance of GDEM gradually decreases. However, a higher value of \u03b1 also leads to performance degeneration. On the other hand, increasing the value of \u03b2 will continue to increase the variance of GDEM but the accuracy decreases when \u03b2 surpasses a specific threshold.", "section": "Ablation Study", "sec_num": "6.5."}, {"text": "We visualize the data distribution of synthetic graphs for a better understanding of our model. Specifically, Figure 4 illustrates the synthetic graphs distilled by GCOND, SGDD, and GDEM, from which we can observe that the value of TV in GDEM is the closest to the real graph. SGDD is closer to the distribution of the real graph than GCOND, implying that SGDD can better preserve the structural information. However, the performance is still not as good as GDEM, which validates the effectiveness of eigenbasis matching.", "section": "Visualization", "sec_num": "6.6."}, {"text": "Besides, we also visualize the synthetic graphs distilled by GDEM at different epochs in Figure 5 . We can find that with the optimization of GDEM, the value of TV in the synthetic graphs is approaching the real graph (0.42 \u2192 0.73 \u2192 0.88), which validates Proposition 5.3 that GDEM can preserve the spectral similarity of the real graph.", "section": "Visualization", "sec_num": "6.6."}, {"text": "Graph Neural Networks aim to design effective convolution operators to exploit the node features and topology structure information adequately. GNNs have achieved great success in graph learning and play a vital role in diverse realworld applications (Quan et al., 2023; Yang et al., 2017) . Existing methods are roughly divided into spatial and spectral approaches. Spatial GNNs focus on neighbor aggregation strategies in the vertical domain (Kipf & Welling, 2017; Velickovic et al., 2018; Hamilton et al., 2017) . Spectral GNNs aim to design filters in the spectral domain to extract certain frequencies for the downstream tasks (Chien et al., 2021; Defferrard et al., 2016; Bo et al., 2023; He et al., 2022; 2021) .", "section": "Related Work", "sec_num": "7."}, {"text": "Dataset Distillation (DD) has shown great potential in reducing data redundancy and accelerating model training (Sachdeva & McAuley, 2023; Lei & Tao, 2023; Geng et al., 2023; Yu et al., 2023) . DD aims to generate small yet informative synthetic training data by matching the model gradient (Zhao et al., 2021; Liu et al., 2022b) , data distribution (Zhao & Bilen, 2023; Wang et al., 2022) , and training trajectory (Cazenavette et al., 2022; Guo et al., 2023) between the real and synthetic data. As a result, models trained on the real and synthetic data will have comparable performance.", "section": "Related Work", "sec_num": "7."}, {"text": "DD has been widely used for graph data, including nodelevel tasks, e.g., GCond (Jin et al., 2022b) , SFGC (Zheng et al., 2023) , GCDM (Liu et al., 2022a) and MCond (Gao et al., 2023) , and graph-level tasks, e.g., DosCond (Jin et al., 2022a) and KIDD (Xu et al., 2023) . GCond is the first GD method based on gradient matching, which needs to optimize GNNs during the distillation procedure, resulting in inefficient computation. DosCond further provides one-step gradient matching to approximate gradient matching, thereby avoiding the bi-level optimization. GCDM proposes distribution matching for GD, which views the receptive fields of a graph as its distribution. Additionally, SFGC proposes structure-free GD to compress the structural information into the node features. KIDD utilizes the kernel ridge regression to further reduce the computational cost. However, all these methods do not consider the influence of GNNs, resulting in spectrum bias and traversal requirement.", "section": "Related Work", "sec_num": "7."}, {"text": "In this paper, we propose eigenbasis matching for graph distillation, which only aligns the eigenbasis and node features of the real and synthetic graphs, thereby alleviating the spectrum bias and traversal requirement of the previous methods. Theoretically, GDEM preserves the restricted spectral similarity of the real graphs. Extensive experiments on both homophilic and heterophilic graphs validate the effectiveness, generalization, and efficiency of the proposed method.", "section": "Conclusion", "sec_num": "8."}, {"text": "A promising future work is to explore eigenbasis matching without the need for explicit eigenvalue decomposition. ", "section": "Conclusion", "sec_num": "8."}, {"text": "- O(r L N d 2 ) + O(N \u20322 d 2 ) SGDD - O(r L N d 2 ) + O(N \u20322 N ) SFGC O(M S(LEd + LN d 2 )) O(LN \u2032 d 2 ) GDEM O(KN 2 + KN d + Ed) O(KN \u20322 + KN \u2032 d + (K + C)d 2 )", "section": "Conclusion", "sec_num": "8."}, {"text": "A.5. Statistics of Datasets", "section": "Conclusion", "sec_num": "8."}, {"text": "In the experiments, we use seven graph datasets to validate the effectiveness of GDEM. For homophilic graphs, we use the public data splits. For heterophilic graphs, we use the splitting with training/validation/test sets accounting for 2.5%/2.5/%95% on Squirrel, and 50%/25%25% on Gamers. The detailed statistical information of each dataset is shown in Table 10 . For a fair comparison of performance, we adopt the results of baselines reported in their papers, which are evaluated through meticulous experimental design and careful hyperparameter tuning. The experimental details are as follows: (1) GCOND employs a 2-layer SGC for distillation and a 2-layer GCN with 256 hidden units for evaluation.", "section": "Conclusion", "sec_num": "8."}, {"text": "(2) SGDD employs a 2-layer SGC for distillation and a 2-layer GCN with 256 hidden units for evaluation.", "section": "Conclusion", "sec_num": "8."}, {"text": "(3) SFGC employs 2-layer GCNs with 256 hidden units both for distillation and evaluation.", "section": "Conclusion", "sec_num": "8."}, {"text": "Performance Evaluation. For comparison with baselines, we report the performance of GDEM evaluated with a 2-layer GCN with 256 hidden units. Specifically, we generate 10 synthetic graphs with different seeds on the original graph. Then we train the GCN using these 10 synthetic graphs and report the average results of the best performance evaluated on test sets of the original graph.", "section": "A.7. Evaluation Details", "sec_num": null}, {"text": "Generalization Evaluation. For generalization evaluation, we train 6 GNNs using the synthetic graphs generated by different distillation methods. For SGC, GCN, and APPNP, we use 2-layer aggregations. For ChebyNet, we set the convolution layers to 2 with propagation steps from {2, 3, 5}. For BernNet and GPRGNN, we set the polynomial order to 10. The hidden units of both convolution layers and linear feature transformation are 256.", "section": "A.7. Evaluation Details", "sec_num": null}, {"text": "Hyperparameter details are listed in Table 11 . \u03c4 1 and \u03c4 2 are steps for alternating updates of node features and eigenvectors. \u03b1, \u03b2, and \u03b3 denote the weights in Equation 9. lr feat and lr eigenvecs are the learning rates of node features and eigenvectors, respectively. To investigate the reason why GDEM performs slightly worse on Obgn-arxiv but achieves promising results on other large-scale graphs, we evaluate the number of useful eigenbasis in both Ogbn-arxiv and Reddit. Specifically, we first truncate the graph structures of Ogbn-arxiv and Reddit by:", "section": "A.8. Hyperparamters", "sec_num": null}, {"text": "EQUATION", "section": "A.8. Hyperparamters", "sec_num": null}, {"text": ")", "section": "A.8. Hyperparamters", "sec_num": null}, {"text": "where K 1 = r k K and K 2 = (1 -r k )K. We then gradually increase the value of K and train a 2-layer SGC on each truncated graph structure. The results are shown in Table 12 .", "section": "A.8. Hyperparamters", "sec_num": null}, {"text": "We can observe that in Reddit, only 1,000 eigenvectors are enough to match the performance of the full graph (93.45 / 94.51 \u2248 98.9%), while in Ogbn-arxiv, a large number of eigenvectors (5,000) is required to approximate the full graph (69.22 / 70.02 \u2248 98.9%). Thus, we speculate that the structure information of Ogbn-arxiv is more widely distributed in the eigenbasis, making it challenging for GDEM to compress the entire distribution in synthetic data with an extremely small compression rate.", "section": "A.8. Hyperparamters", "sec_num": null}, {"text": "We further theoretically analyze whether the gradient matching method can preserve the restricted spectral similarity. Given x \u2032 and L \u2032 learned by the gradient matching method, we have:", "section": "B. Theoretical Analysis of RSS for Gradient Matching", "sec_num": null}, {"text": "EQUATION", "section": "B. Theoretical Analysis of RSS for Gradient Matching", "sec_num": null}, {"text": "Combining with Lemma 3.1, when the number of GCN layers goes to infinity, the objective optimization based on gradient matching is dominated by x \u22a4 u 0 u \u22a4 0 xx \u2032 \u22a4 u \u2032 0 u \u2032 0 \u22a4 x \u2032 , while paying less attention to the optimization of", "section": "B. Theoretical Analysis of RSS for Gradient Matching", "sec_num": null}, {"text": "x \u22a4 u k u \u22a4 k x -x \u2032 \u22a4 u \u2032 k u \u2032 k \u22a4", "section": "B. Theoretical Analysis of RSS for Gradient Matching", "sec_num": null}, {"text": "x \u2032 , when k \u0338 = 0. Thus, gradient matching fails to constrain the first term of the upper bound of RSS. Moreover, gradient matching introduces spectrum bias causing \u03bb \u2032 k \u0338 = \u03bb k , thus failing to constrain the second term of the upper bound. In summary, the gradient matching method is unable to preserve the restricted spectral similarity.", "section": "B. Theoretical Analysis of RSS for Gradient Matching", "sec_num": null}, {"text": "Gradient Matching (Jin et al., 2022b; a) generates the synthetic graph and node features by minimizing the differences between model gradients on G and G \u2032 , which can be formulated as:", "section": "C. Graph Distiilation", "sec_num": null}, {"text": "EQUATION", "section": "C. Graph Distiilation", "sec_num": null}, {"text": "where \u03a6 \u03b8 is the condensation GNNs with parameters \u03b8, \u2207 \u03b8 indicates the model gradients, D is a metric to measure their differences, and L is the loss function. For clarity, we omit the subscript that indicates the training data.", "section": "C. Graph Distiilation", "sec_num": null}, {"text": "Distribution Matching (Liu et al., 2022a) aims to align the distributions of node representations in each GNN layer to generate the synthetic graph, which can be expressed as:", "section": "C. Graph Distiilation", "sec_num": null}, {"text": "EQUATION", "section": "C. Graph Distiilation", "sec_num": null}, {"text": "where \u03a6 t \u03b8 is the t-th layer in GNNs.", "section": "C. Graph Distiilation", "sec_num": null}, {"text": "Trajectory Matching (Zheng et al., 2023) aligns the long-term GNN learning behaviors between the original graph and the synthetic graph:", "section": "C. Graph Distiilation", "sec_num": null}, {"text": "EQUATION", "section": "C. Graph Distiilation", "sec_num": null}, {"text": ")", "section": "C. Graph Distiilation", "sec_num": null}, {"text": "where \u03b8 * t | p t=t0 and \u03b8t | q t=t0 is the parameters of GNN T and GNN S , L meta-tt calculates certain parameter training intervals within \u03b8 * ,i t0 , \u03b8 * ,i t0+p and \u03b8t0 , \u03b8t0+q .", "section": "C. Graph Distiilation", "sec_num": null}, {"text": "Optimizer. We use the Adam optimizer for all experiments.", "section": "D. General Settings", "sec_num": null}, {"text": "RSS defined in this paper is different fromLoukas (2019), which limits the signal x in the eigenvector space.", "section": "", "sec_num": null}], "back_matter": [{"text": "This work is supported in part by the National Natural Science Foundation of China (No. U20B2045, 62192784, U22B2038, 62002029, 62172052).", "section": "Acknowledgements", "sec_num": null}, {"text": "This paper presents work aiming to advance the field of efficient graph learning and will save social resources by diminishing computation and storage energy consumption. There are many potential societal consequences of our work, none of which we feel must be specifically highlighted here.", "section": "Impact Statement", "sec_num": null}, {"text": "A.1. Visualization of Synthetic Graphs Distillation Details with Low-pass and High-pass Filters. We use GCOND to distill two synthetic graphs on Pubmed by replacing SGC with a low-pass filter F L = AXW and a high-pass filter F H = LXW, respectively.Visualization Details Once we generate the synthetic graphs, we calculate the value of total variation (TV) for each dimension. TV is a widely used metric to represent the distribution, i.e., smoothness, of a signal on the graph:Note that the edge number of synthetic graphs and the original graph is different, so we normalize node features and laplacian matrix first:where x i is the i-th dimension node feature. Then we substitute xi and L into Equation 14 calculating the TV of the graph. Additionally, we report the average TV of all dimensions as reported in the legend of the visualization figures.", "section": "A. Experimental Details", "sec_num": null}, {"text": "To verify the cross-architecture performance of the GCOND and SGDD, we generate six synthetic graphs on Pubmed under a 0.15% compression ratio, using six GNNs for the distillation procedure. Then we train these GNNs on the six synthetic graphs and evaluate their performance. Experimental settings are as follows.", "section": "A.2. Cross-architecture Performance of GCOND and SGDD", "sec_num": null}, {"text": "Step. For spatial GNNs, i.e., GCN, SGC, and PPNP, we set the aggregation layers to 2. For GCN, we use 256 hidden units for each convolutional layer. For spectral GNNs, i.e., ChebyNet, BernNet, and GPR-GNN, we set the polynomial order to 10. The linear feature transformation layers of all GNNs are set to 1. For hyper-parameters tuning, we select training epochs from {400, 500, 600}, learning rates of node feature and topology structure from {0.0001, 0.0005, 0.001, 0.005, 0.05}, outer loop from {25, 20, 15, 10}, and inner loop from {15, 10, 5, 1}.", "section": "Distillation", "sec_num": null}, {"text": "Step. For spatial GNNs, we use two aggregation layers. For spectral GNNs, we set the polynomial order to 10. The hidden units of convolutional layers and linear feature transformation layers are both set to 256. We train each GNN for 2000 epochs and select the model parameters with the best performance on validation sets for evaluation. , where N c is the number of nodes with label c. The setting will make the label distribution of the synthetic graph consistent with the real graph.Initialization of Synthetic Graphs. Different from previous GD methods that directly learn the adjacency matrix of the synthetic graph, GDEM aims to generate its eigenbasis. To ensure that the initialized eigenbasis is valid, we first use the stochastic block model (SBM) to randomly generate the adjacency matrix of the synthetic graph, and then decompose it to produce the top-K eigenvectors as the initialized eigenbasis U \u2032 K \u2208 R N \u2032 \u00d7K . Moreover, to initialize the synthetic node features X \u2032 \u2208 R N \u2032 \u00d7d , we first train an MLP \u03c1(\u2022) in the real node features. Then we freeze the well-trained MLP and feed the synthetic node features into it to minimize the classification objective. This process can be formulated as:where \u03b8 indicates the parameters of MLP.", "section": "Evaluation", "sec_num": null}, {"text": "We analyze the complexity of different methods and give the final complexity in Table 9 . We use E to present the number of edges. For simplicity, we use d to denote both feature dimension and hidden units of GNNs. t is the number of GNN layers and r is the number of sampled neighbors per node. \u03b8 t denotes the model parameters of the GNNs. For SFGC, M is the number of training trajectories and S is the length of each trajectory.", "section": "A.4. Complexity of Different Methods", "sec_num": null}, {"text": "(1) Pre-processing: The complexity of decomposition is O(KN 2 ). It's noteworthy that the decomposition is performed once per graph and can be repeatedly used for subsequent training, inference, and hyperparameter tuning. Therefore, the time overhead of decomposition should be amortized by the entire experiment rather than simply summarized them. Additionally, we pre-process u \u22a4 k X in Equation 5andThe final complexity can be simplified as", "section": "Complexity of GDEM.", "sec_num": null}, {"text": "(1) Pre-processing: GCOND doesn't need special pre-processing.(2) Inference for A \u2032 : O(N \u20322 d 2 ).(3) Forward process of SGC on the original graph: O(r t N d 2 ). That on the synthetic graph: O(tN \u20322 d + tN \u2032 d).(4) Calculation of second-order derivatives in backward propagation:The final complexity can be simplified as O(r t N d 2 ) + O(N \u20322 d 2 ).", "section": "Complexity of GCOND.", "sec_num": null}, {"text": "(1) Pre-processing: SGDD doesn't need special pre-processing.(2) Inference for A \u2032 : O(N \u20322 d 2 ).(3) Forward process of SGC on the original graph: O(r t N d 2 ). That on the synthetic graph: O(tN \u20322 d + tN \u2032 d).(4) Calculation of second-order derivatives in backward propagation:The final complexity can be simplified as O(r t N d 2 ) + O(N \u20322 N ).", "section": "Complexity of SGDD.", "sec_num": null}, {"text": "(1) Pre-processing: O(M S(tEd + tN d 2 )). Note that M S is usually very large, so it cannot be omitted.(2) Forward process of GCN on the synthetic graph: O(tN \u2032 d 2 + tN \u2032 d). Note that SFGC pre-trains the trajectories on GCN, so there is no need to calculate the forward process on the original graph.(3) Backward propagation: SFGC uses a MTT (Cazenavette et al., 2022) method, which results in bi-level optimization (Yu et al., 2023) Resources. The address and licenses of all datasets are as follows:\u2022 Citeseer: https://github.com/kimiyoung/planetoid (MIT License)\u2022 Pubmed: https://github.com/kimiyoung/planetoid (MIT License)\u2022 Ogbn-arxiv: https://github.com/snap-stanford/ogb (MIT License)\u2022 Flickr: https://github.com/GraphSAINT/GraphSAINT (MIT License)\u2022 Reddit: https://github.com/williamleif/GraphSAGE (MIT License)\u2022 Squirrel: https://github.com/benedekrozemberczki/MUSAE (GPL-3.0 license)\u2022 Gamers: https://github.com/benedekrozemberczki/datasets (MIT License)", "section": "Complexity of SFGC.", "sec_num": null}], "ref_entries": {"FIGREF0": {"uris": null, "text": "Figure 1. Data distribution of the real and synthetic graphs in Pubmed dataset, where the average TV of the real graph is 0.87. Left: Synthetic graph distilled by a low-pass filter has a lower value of TV (0.75). Right: Synthetic graph distilled by a high-pass filter has a higher value of TV (1.02). For clarity, only the first 100-dimensional features are visualized. Best viewed in color.", "type_str": "figure", "fig_num": "1", "num": null}, "FIGREF2": {"uris": null, "text": "Figure 2. Comparison between different graph distillation methods, where the red characters represent the synthetic data, the solid black lines, and red dotted lines indicate the forward and backward passes, respectively.", "type_str": "figure", "fig_num": "2", "num": null}, "FIGREF3": {"uris": null, "text": "and H in Equation 8 cost O(KN d) and O(Ed) in pre-processing. During distillation, the complexity of L e , L d and L o are O(KN \u2032 d+Kd 2 ), O(KN \u2032 d \u2032 + Cd 2 ), and O(KN \u20322 ), respectively.", "type_str": "figure", "fig_num": null, "num": null}, "FIGREF4": {"uris": null, "text": "Figure 3. Influence of Le and L d in GDEM.", "type_str": "figure", "fig_num": "3", "num": null}, "FIGREF5": {"uris": null, "text": "Figure 4. TVs of synthetic graphs distilled by different methods.", "type_str": "figure", "fig_num": "45", "num": null}, "TABREF0": {"text": "Cross-architecture performance (%) of GCOND with various distillation (D) and evaluation (E) GNNs in Pubmed dataset. Bold indicates the best in each column.D \u29f9 E GCN SGC PPNP Cheb. Bern. GPR.", "type_str": "table", "content": "<table><tr><td>GCN</td><td>74.57 71.70 75.53 70.13 68.40 71.73</td></tr><tr><td>SGC</td><td>77.72 77.60 77.34 76.03 74.42 76.52</td></tr></table>", "html": null, "num": null}, "TABREF1": {"text": "Node classification performance of different distillation methods, mean accuracy (%) \u00b1 standard deviation. Bold indicates the best performance and underline means the runner-up.", "type_str": "table", "content": "<table><tr><td>Dataset</td><td>Ratio (r)</td><td>Random</td><td>Traditional Methods</td><td>Graph Distillation Methods</td><td>Whole Dataset</td></tr></table>", "html": null, "num": null}, "TABREF3": {"text": "Generalization of different distillation methods across GNNs. \u2191 means higher the better and \u2193 means lower the better. Avg., Std., and Impro. indicate average accuracy, standard deviation, and absolute performance improvement.", "type_str": "table", "content": "<table><tr><td>Dataset (Ratio)</td><td>Methods</td><td colspan=\"5\">Spatial GNNs GCN SGC PPNP ChebyNet BernNet GPR-GNN Spectral GNNs</td><td colspan=\"3\">Avg. (\u2191) Std. (\u2193) Impro. (\u2191)</td></tr><tr><td/><td>GCOND</td><td>70.5 70.3</td><td>69.6</td><td>68.3</td><td>63.1</td><td>67.2</td><td>68.17</td><td>2.54</td><td>(+) 4.21</td></tr><tr><td>Citeseer</td><td>SFGC</td><td>71.6 71.8</td><td>70.5</td><td>71.8</td><td>71.1</td><td>71.7</td><td>71.42</td><td>0.47</td><td>(+) 0.96</td></tr><tr><td>(r = 1.80%)</td><td>SGDD</td><td>70.2 71.3</td><td>69.2</td><td>70.5</td><td>64.7</td><td>69.7</td><td>69.27</td><td>2.14</td><td>(+) 3.11</td></tr><tr><td/><td>GDEM</td><td>72.6 72.1</td><td>72.6</td><td>71.4</td><td>72.6</td><td>73.0</td><td>72.38</td><td>0.51</td><td>-</td></tr><tr><td/><td>GCOND</td><td>77.7 77.6</td><td>77.3</td><td>76.0</td><td>74.4</td><td>76.5</td><td>76.58</td><td>1.15</td><td>(+) 1.34</td></tr><tr><td>Pubmed</td><td>SFGC</td><td>77.5 77.4</td><td>77.6</td><td>77.3</td><td>76.4</td><td>78.6</td><td>77.47</td><td>0.64</td><td>(+) 0.45</td></tr><tr><td>(r = 0.15%)</td><td>SGDD</td><td>78.0 76.6</td><td>78.7</td><td>76.9</td><td>75.5</td><td>77.0</td><td>77.12</td><td>1.02</td><td>(+) 0.80</td></tr><tr><td/><td>GDEM</td><td>78.4 76.1</td><td>78.1</td><td>78.1</td><td>78.2</td><td>78.6</td><td>77.92</td><td>0.83</td><td>-</td></tr><tr><td/><td>GCOND</td><td>63.2 63.7</td><td>63.4</td><td>54.9</td><td>55.0</td><td>60.5</td><td>60.12</td><td>3.80</td><td>(+) 2.90</td></tr><tr><td>Ogbn-arxiv</td><td>SFGC</td><td>65.1 64.8</td><td>63.9</td><td>60.7</td><td>63.8</td><td>64.9</td><td>63.87</td><td>1.50</td><td>(-) 0.85</td></tr><tr><td>(r = 0.25%)</td><td>SGDD</td><td>65.8 64.0</td><td>63.6</td><td>56.4</td><td>62.0</td><td>64.0</td><td>62.63</td><td>3.00</td><td>(+) 0.39</td></tr><tr><td/><td>GDEM</td><td>63.8 62.9</td><td>63.5</td><td>62.4</td><td>61.9</td><td>63.6</td><td>63.02</td><td>0.69</td><td>-</td></tr><tr><td/><td>GCOND</td><td>47.1 46.1</td><td>45.9</td><td>42.8</td><td>44.3</td><td>46.4</td><td>45.43</td><td>1.45</td><td>(+) 3.90</td></tr><tr><td>Flickr</td><td>SFGC</td><td>47.1 42.5</td><td>40.7</td><td>45.4</td><td>45.7</td><td>46.4</td><td>44.63</td><td>2.27</td><td>(+) 4.70</td></tr><tr><td>(r = 0.50%)</td><td>SGDD</td><td>47.1 46.5</td><td>44.3</td><td>45.3</td><td>46.0</td><td>46.8</td><td>46.00</td><td>0.96</td><td>(+) 3.33</td></tr><tr><td/><td>GDEM</td><td>49.4 50.3</td><td>49.4</td><td>48.3</td><td>49.6</td><td>49.0</td><td>49.33</td><td>0.60</td><td>-</td></tr><tr><td/><td>GCOND</td><td>89.4 89.6</td><td>87.8</td><td>75.5</td><td>67.1</td><td>78.8</td><td>81.37</td><td>8.35</td><td>(+) 10.10</td></tr><tr><td>Reddit</td><td>SFGC</td><td>89.7 89.5</td><td>88.3</td><td>82.8</td><td>87.8</td><td>85.4</td><td>87.25</td><td>2.44</td><td>(+) 4.22</td></tr><tr><td>(r = 0.10%)</td><td>SGDD</td><td>91.0 89.4</td><td>89.2</td><td>78.4</td><td>72.4</td><td>81.4</td><td>83.63</td><td>6.80</td><td>(+) 7.84</td></tr><tr><td/><td>GDEM</td><td>93.1 90.0</td><td>92.6</td><td>90.0</td><td>92.7</td><td>90.4</td><td>91.47</td><td>1.35</td><td>-</td></tr><tr><td/><td>GCOND</td><td>25.7 27.2</td><td>23.2</td><td>23.3</td><td>26.0</td><td>26.6</td><td>25.33</td><td>1.55</td><td>(+) 1.89</td></tr><tr><td>Squirrel</td><td>SFGC</td><td>26.9 24.2</td><td>27.2</td><td>25.3</td><td>25.5</td><td>26.6</td><td>25.95</td><td>1.04</td><td>(+) 1.27</td></tr><tr><td>(r = 1.20%)</td><td>SGDD</td><td>24.7 27.2</td><td>22.4</td><td>24.5</td><td>24.7</td><td>27.3</td><td>25.13</td><td>1.69</td><td>(+) 2.09</td></tr><tr><td/><td>GDEM</td><td>28.2 28.0</td><td>25.4</td><td>26.1</td><td>28.2</td><td>27.4</td><td>27.22</td><td>1.09</td><td>-</td></tr><tr><td/><td>GCOND</td><td>58.9 54.2</td><td>60.1</td><td>60.3</td><td>59.1</td><td>59.3</td><td>58.65</td><td>2.05</td><td>(+) 1.57</td></tr><tr><td>Gamers</td><td>SFGC</td><td>58.8 55.0</td><td>56.3</td><td>57.2</td><td>57.5</td><td>59.8</td><td>57.43</td><td>1.57</td><td>(+) 2.79</td></tr><tr><td>(r = 0.25%)</td><td>SGDD</td><td>57.7 54.6</td><td>56.0</td><td>57.3</td><td>58.8</td><td>58.6</td><td>57.17</td><td>1.47</td><td>(+) 3.05</td></tr><tr><td/><td>GDEM</td><td>60.8 59.5</td><td>61.0</td><td>59.9</td><td>59.8</td><td>60.3</td><td>60.22</td><td>0.54</td><td>-</td></tr></table>", "html": null, "num": null}, "TABREF4": {"text": "Optimal performance of different methods.", "type_str": "table", "content": "<table><tr><td colspan=\"6\">Evaluation GCN SGC PPNP Cheb. Bern. GPR.</td></tr><tr><td>GCOND</td><td>77.7 77.6</td><td>77.9</td><td>77.3</td><td>78.2</td><td>78.3</td></tr><tr><td>SGDD</td><td>78.0 76.6</td><td>78.7</td><td>77.5</td><td>78.0</td><td>78.3</td></tr><tr><td>GDEM</td><td>78.4 76.1</td><td>78.1</td><td>78.1</td><td>78.2</td><td>78.6</td></tr></table>", "html": null, "num": null}, "TABREF5": {"text": "Time overhead (s) of different methods.", "type_str": "table", "content": "<table><tr><td colspan=\"8\">Distillation GCN SGC PPNP Cheb. Bern. GPR. Overall</td></tr><tr><td>GCOND</td><td colspan=\"2\">1.99 1.36</td><td>1.52</td><td colspan=\"3\">3.89 56.94 3.05</td><td>68.75</td></tr><tr><td>SGDD</td><td colspan=\"2\">2.95 2.18</td><td>2.33</td><td colspan=\"3\">4.95 58.07 4.28</td><td>74.76</td></tr><tr><td>GDEM</td><td>-</td><td>-</td><td>-</td><td>-</td><td>-</td><td>-</td><td>1.79</td></tr></table>", "html": null, "num": null}, "TABREF6": {"text": "Ablation studies on Pubmed / Gamers.", "type_str": "table", "content": "<table><tr><td colspan=\"2\">Pubmed</td><td>GCN (\u2191)</td><td>GPR. (\u2191)</td><td>Avg. (\u2191)</td><td>Var. (\u2193)</td></tr><tr><td colspan=\"2\">GDEM</td><td colspan=\"4\">78.4 / 60.8 78.6 / 60.3 77.92 / 60.22 0.69 / 0.29</td></tr><tr><td colspan=\"2\">w/o L e</td><td colspan=\"4\">76.1 / 56.5 76.9 / 59.8 76.13 / 58.93 1.18 / 2.39</td></tr><tr><td colspan=\"2\">w/o L o</td><td colspan=\"4\">77.9 / 59.0 76.4 / 58.9 77.07 / 58.85 2.15 / 2.34</td></tr><tr><td colspan=\"2\">w/o L d</td><td colspan=\"4\">76.7 / 59.9 77.2 / 60.3 76.77 / 59.78 0.21 / 0.13</td></tr><tr><td>75</td><td colspan=\"3\">1e-4 1e-3 1e-2 1e-1 1e+0 1e+1</td><td/></tr></table>", "html": null, "num": null}, "TABREF7": {"text": "Complexity of different distillation methods.", "type_str": "table", "content": "<table><tr><td>Method</td><td>Pre-processing</td><td>Training</td></tr><tr><td>GCOND</td><td/><td/></tr></table>", "html": null, "num": null}, "TABREF8": {"text": "Statistics of datasets.", "type_str": "table", "content": "<table><tr><td>Dataset</td><td>Nodes</td><td colspan=\"5\">Edges Classes Features Training/Validation/Test Edge hom.</td><td>LCC</td></tr><tr><td>Citeseer</td><td>3,327</td><td>4,732</td><td>6</td><td>3,703</td><td>120/500/1000</td><td>0.74</td><td>2,120</td></tr><tr><td>Pubmed</td><td>19,717</td><td>44,338</td><td>3</td><td>500</td><td>60/500/1,000</td><td>0.80</td><td>19,717</td></tr><tr><td colspan=\"2\">Ogbn-arxiv 169,343</td><td>1,166,243</td><td>40</td><td>128</td><td>90,941/29,799/48,603</td><td colspan=\"2\">0.66 169,343</td></tr><tr><td>Flickr</td><td>89,250</td><td>899,756</td><td>7</td><td>500</td><td>44,625/22,312/22,313</td><td>0.33</td><td>89,250</td></tr><tr><td>Reddit</td><td colspan=\"2\">232,965 57,307,946</td><td>41</td><td>602</td><td>153,932/23,699/55,334</td><td colspan=\"2\">0.78 231,371</td></tr><tr><td>Squirrel</td><td>5,201</td><td>396,846</td><td>5</td><td>2,089</td><td>130/130/4,941</td><td>0.22</td><td>5,201</td></tr><tr><td>Gamers</td><td colspan=\"2\">168,114 13,595,114</td><td>2</td><td>7</td><td>84,056/42,028/42,030</td><td colspan=\"2\">0.55 168,114</td></tr><tr><td>A.6. Baselines</td><td/><td/><td/><td/><td/><td/><td/></tr></table>", "html": null, "num": null}, "TABREF9": {"text": "Hyper-parameters of GDEM.", "type_str": "table", "content": "<table><tr><td>Dataset</td><td>Ratio</td><td colspan=\"5\">epochs K 1 K 2 \u03c4 1 \u03c4 2</td><td>\u03b1</td><td>\u03b2</td><td>\u03b3</td><td colspan=\"2\">lr feat lr eigenvecs</td></tr><tr><td/><td>0.90%</td><td>500</td><td>30</td><td>0</td><td>5</td><td>1</td><td>1.0</td><td colspan=\"3\">1e-05 1.0 0.0001</td><td>0.01</td></tr><tr><td>Citeseer</td><td>1.80%</td><td>1500</td><td>48</td><td colspan=\"3\">12 10 15</td><td>0.05</td><td colspan=\"3\">1e-05 0.5 0.0005</td><td>0.0005</td></tr><tr><td/><td>3.60%</td><td>500</td><td>114</td><td>6</td><td colspan=\"2\">1 10</td><td>0.01</td><td colspan=\"2\">1e-06 0.1</td><td>0.001</td><td>0.0001</td></tr><tr><td/><td>0.08%</td><td>1000</td><td>15</td><td>0</td><td colspan=\"6\">15 5 0.0001 1e-07 0.01 0.0001</td><td>0.0005</td></tr><tr><td>Pubmed</td><td>0.15%</td><td>1500</td><td>30</td><td>0</td><td>5</td><td>5</td><td>1.0</td><td colspan=\"3\">1e-05 0.01 0.0005</td><td>0.01</td></tr><tr><td/><td>0.30%</td><td>1500</td><td>57</td><td>3</td><td colspan=\"2\">20 1</td><td>0.01</td><td colspan=\"2\">1e-07 0.5</td><td>0.001</td><td>0.0001</td></tr><tr><td/><td>0.05%</td><td>500</td><td>86</td><td>4</td><td>1</td><td colspan=\"5\">5 0.0001 1e-02 0.01 0.0005</td><td>0.0005</td></tr><tr><td>Ogbn-arxiv</td><td>0.25%</td><td>2000</td><td colspan=\"4\">409 45 10 5</td><td>0.01</td><td colspan=\"3\">1e-04 0.01 0.0001</td><td>0.0001</td></tr><tr><td/><td>0.50%</td><td>1000</td><td colspan=\"3\">773 136 1</td><td>5</td><td colspan=\"4\">0.001 1e-04 1.0 0.0001</td><td>0.005</td></tr><tr><td/><td>0.10%</td><td>2000</td><td>44</td><td>0</td><td colspan=\"2\">5 10</td><td>0.01</td><td colspan=\"3\">1e-07 0.05 0.0001</td><td>0.05</td></tr><tr><td>Flickr</td><td>0.50%</td><td>2000</td><td>223</td><td>0</td><td colspan=\"2\">5 10</td><td>0.01</td><td colspan=\"3\">1e-07 0.05 0.0001</td><td>0.05</td></tr><tr><td/><td>1.00%</td><td>2000</td><td>446</td><td>0</td><td colspan=\"2\">5 10</td><td>0.01</td><td colspan=\"3\">1e-07 0.05 0.0001</td><td>0.05</td></tr><tr><td/><td>0.05%</td><td>1000</td><td>76</td><td>0</td><td colspan=\"2\">20 5</td><td>1.0</td><td colspan=\"3\">1e-06 0.01 0.0001</td><td>0.0001</td></tr><tr><td>Reddit</td><td>0.10%</td><td>500</td><td>153</td><td>0</td><td colspan=\"2\">15 10</td><td>0.5</td><td>1e-06</td><td>05</td><td>0.0005</td><td>0.005</td></tr><tr><td/><td>0.50%</td><td>1000</td><td colspan=\"2\">693 76</td><td>5</td><td>5</td><td>1.0</td><td colspan=\"3\">1e-06 0.5 0.0005</td><td>0.0001</td></tr><tr><td/><td>0.60%</td><td>1000</td><td>31</td><td>1</td><td>5</td><td>1</td><td>1.0</td><td colspan=\"3\">1e-07 0.01 0.0001</td><td>0.005</td></tr><tr><td>Squirrel</td><td>1.20%</td><td>500</td><td>62</td><td>3</td><td colspan=\"2\">10 5</td><td>1.0</td><td colspan=\"3\">1e-07 0.01 0.0001</td><td>0.0001</td></tr><tr><td/><td>2.05%</td><td>2000</td><td colspan=\"2\">104 26</td><td>5</td><td colspan=\"5\">1 0.0001 1e-05 0.05 0.0001</td><td>0.01</td></tr><tr><td/><td>0.05%</td><td>2000</td><td>80</td><td>4</td><td colspan=\"6\">15 1 0.0001 1e-07 0.05 0.0001</td><td>0.01</td></tr><tr><td>Gamers</td><td>0.25%</td><td>2000</td><td>420</td><td>0</td><td colspan=\"6\">20 20 0.0001 1e-07 0.05 0.0001</td><td>0.005</td></tr><tr><td/><td>0.50%</td><td>500</td><td colspan=\"8\">756 84 15 1 0.0001 1e-07 0.05 0.0001</td><td>0.0001</td></tr></table>", "html": null, "num": null}, "TABREF10": {"text": "The node classification performance of Ogbn-arxiv and Reddit on various truncated graph structures.", "type_str": "table", "content": "<table><tr><td>Dataset</td><td>K = 500</td><td>K = 1000</td><td>K = 3000</td><td>K = 5000 Full Graph</td></tr><tr><td>Reddit</td><td colspan=\"4\">92.41\u00b10.49 93.45\u00b10.48 93.94\u00b10.41 94.07\u00b10.37 94.51\u00b10.24</td></tr><tr><td colspan=\"5\">Ogbn-arxiv 61.87\u00b10.89 64.65\u00b11.20 67.32\u00b11.11 69.22\u00b10.93 70.02\u00b11.19</td></tr><tr><td colspan=\"3\">A.9. Analysis of the Worse Performance on Obgn-arxiv</td><td/><td/></tr></table>", "html": null, "num": null}}}}