{"paper_id": "LiRE", "title": "Listwise Reward Estimation for Offline Preference-based Reinforcement Learning", "abstract": "In Reinforcement Learning (RL), designing precise reward functions remains to be a challenge, particularly when aligning with human intent. Preference-based RL (PbRL) was introduced to address this problem by learning reward models from human feedback. However, existing PbRL methods have limitations as they often overlook the second-order preference that indicates the relative strength of preference. In this paper, we propose Listwise Reward Estimation (LiRE), a novel approach for offline PbRL that leverages secondorder preference information by constructing a Ranked List of Trajectories (RLT), which can be efficiently built by using the same ternary feedback type as traditional methods. To validate the effectiveness of LiRE, we propose a new offline PbRL dataset that objectively reflects the effect of the estimated rewards. Our extensive experiments on the dataset demonstrate the superiority of LiRE, i.e., outperforming state-of-the-art baselines even with modest feedback budgets and enjoying robustness with respect to the number of feedbacks and feedback noise. Our code is available at https://github.com/chwoong/LiRE", "pdf_parse": {"paper_id": "LiRE", "abstract": [{"text": "In Reinforcement Learning (RL), designing precise reward functions remains to be a challenge, particularly when aligning with human intent. Preference-based RL (PbRL) was introduced to address this problem by learning reward models from human feedback. However, existing PbRL methods have limitations as they often overlook the second-order preference that indicates the relative strength of preference. In this paper, we propose Listwise Reward Estimation (LiRE), a novel approach for offline PbRL that leverages secondorder preference information by constructing a Ranked List of Trajectories (RLT), which can be efficiently built by using the same ternary feedback type as traditional methods. To validate the effectiveness of LiRE, we propose a new offline PbRL dataset that objectively reflects the effect of the estimated rewards. Our extensive experiments on the dataset demonstrate the superiority of LiRE, i.e., outperforming state-of-the-art baselines even with modest feedback budgets and enjoying robustness with respect to the number of feedbacks and feedback noise. Our code is available at https://github.com/chwoong/LiRE", "section": "Abstract", "sec_num": null}], "body_text": [{"text": "Reinforcement Learning (RL) has demonstrated considerable success in various domains such as robotics (Haarnoja et al., 2018; Kalashnikov et al., 2018) , game (Silver et al., 2017; Mnih et al., 2013; Vinyals et al., 2019) , autonomous driving (Kiran et al., 2021) , and real-world tasks (Tan et al., 2018; Chebotar et al., 2019 ). An essential component of RL is to define suitable and precise reward functions so that an RL agent can be trained successfully (Wirth et al., 2017) .", "section": "Introduction", "sec_num": "1."}, {"text": "However, designing the reward function is time-consuming, especially if we want to align it with human intent (Hejna & Sadigh, 2024) . This shortcoming has led to research on learning the reward model from human feedback without explicitly designing the reward function. While expert demonstration is one type of human feedback (Abbeel & Ng, 2004) , recent papers use preference feedback on which of a pair of trajectory segments is preferred since it is a significantly easier type of feedback to collect (Kaufmann et al., 2023; Casper et al., 2023) . More specifically, the common approach for the Preference-based RL (PbRL) consists of two steps: (1) learn a reward model using preference feedback from trajectory segment pairs, then (2) apply ordinary RL algorithms with the learned reward model. After successfully training a robot agent with PbRL (Christiano et al., 2017) , it was shown that novel behaviors aligned with human intent, e.g., backflips, can also be learned (Lee et al., 2021b) , while learning such behavior would be extremely hard from explicitly hand-coded rewards. The PbRL framework has gained popularity in both online (Park et al., 2021; Liang et al., 2021) and offline (Kim et al., 2022; Shin et al., 2022; An et al., 2023; Hejna & Sadigh, 2024) settings, in which the former allows the agents to interact with their environments, while the latter does not.", "section": "Introduction", "sec_num": "1."}, {"text": "In this paper, we focus on the offline PbRL setting, in which the goal is to find an optimal policy solely from the previously collected preference feedbacks on the pairs of trajectories obtained from some past, fixed policy. This setting is challenging since the preference feedback cannot be actively collected on the trajectories generated by the current, updated policy. Hence, developing effective methods for collecting maximally informative preference feedback data from the past policy as well as devising efficient reward learning schemes is indispensable.", "section": "Introduction", "sec_num": "1."}, {"text": "The current norm is to collect ternary preference feedback (i.e., more/less/equally preferred) for independently sampled pairs of trajectories, and then employ the standard Bradley-Terry (BT) model (Bradley & Terry, 1952) on the collected data to learn the reward function. While the above approach was shown to be effective to some extent, a critical limitation also exists. Namely, due to the independent sampling of the pairs of trajectories and simple ternary feedback, the secondorder preference, which stands for the relative strengths of the preferences, cannot be utilized. There exists a long line of work in several areas asserting that utilizing such second-order preference is indeed effective for more accurate learning (Xia et al., 2008; Touvron et al., 2023; Hwang et al., 2023; Song et al., 2024) . However, the majority of these works presume the availability of more sophisticated preference feedback types, which are considerably more laborious and expensive to obtain than the above-mentioned ternary feedback.", "section": "Introduction", "sec_num": "1."}, {"text": "To that end, we propose to construct a Ranked List of Trajectories (RLT) while collecting preference feedback data to exploit the second-order preference when learning a reward function. The key novelty and strength of our method is to use exactly the same feedback type and budget as before and not require any additional sophistication in collecting the preference feedback. As outlined in Figure 1 , the main idea of building such a ranked list is to sample a trajectory and sequentially obtain the preference feedback by comparing it with existing trajectories in the ranked list multiple times to find its correct rank in the list. Hence, our method ends up sampling fewer trajectories for a fixed feedback budget compared to the conventional independent pair sampling. However, once the complete RLT is built, the second-order preference can be extracted and exploited for estimating the reward function, which, as we show in our experiments, results in a significant performance boost of offline PbRL.", "section": "Introduction", "sec_num": "1."}, {"text": "The superiority of our method, dubbed as LiRE (Listwise Reward Estimation), is demonstrated through extensive experimental validation. We first created an offline RL dataset using Meta-World (Yu et al., 2020) and DeepMind Control Suite (DMControl) (Tassa et al., 2018) environments that can objectively compare the reward estimation quality of offline PbRL methods. This is motivated by (Li et al., 2023) , which pointed out that the offline RL performance can be high in some popular benchmark datasets even with wrong or constant reward functions. On our proposed datasets, we show that many tasks cannot be properly learned with existing offline PbRL methods, even with a large preference feedback budget. In contrast, we showcase our LiRE can outperform those baselines on most of the tasks with significant margins even with a modest preference feedback budget. We conduct comprehensive experimental analyses to investigate the impact of several factors, including the score function of the BT model, the number of preference feedbacks, and the number of trajectories in the RLT. The experimental results show that the degree to which secondorder information is utilized has a significant positive impact on the performance of offline PbRL. Furthermore, the results of the real human preference feedback experiments, along with experiments on the level of preference feedback noise and feedback granularity, demonstrate the effectiveness of LiRE in practical scenarios. These analyses provide substantial evidence supporting the strength and robustness of LiRE.", "section": "Introduction", "sec_num": "1."}, {"text": "Due to the difficulty of defining rewards in reinforcement learning (Sutton & Barto, 2018; McKinney et al., 2023) , PbRL uses comparison information between trajectories to learn a reward function (Christiano et al., 2017; F\u00fcrnkranz et al., 2012; Wilson et al., 2012; Akrour et al., 2012; Ouyang et al., 2022; Stiennon et al., 2020) . However, the human preference feedback required for PbRL is expensive to obtain. Thus, several PbRL approaches have been devised to reduce the number of expensive human feedbacks, such as using additional expert demonstrations (Ibarz et al., 2018) , meta-learning (Hejna III & Sadigh, 2023) , semi-supervised learning or data augmentation (Park et al., 2021) , unsupervised pre-training (Lee et al., 2021b) , exploration based on reward uncertainty (Liang et al., 2021) , and using sequen-tial preference ranking (Hwang et al., 2023) . Offline PbRL assumes a more challenging problem setting where agents cannot interact with the environment, unlike online PbRL where preference feedback can be obtained while interacting with the environment.", "section": "Offline Preference-based RL", "sec_num": "2.1."}, {"text": "In offline PbRL, the two kinds of data are provided: offline data obtained from an unknown policy and preference feedbacks on the pairs of trajectories. Also, traditional offline PbRL methods have two phases; they train a reward model using the preference feedback and then perform RL with the trained reward model without interacting with the environment. On the other hand, recent works propose performing offline PbRL without the reward model by directly optimizing policies (An et al., 2023; Kang et al., 2023) , or learning state-action value function or regret from preference labels (Hejna & Sadigh, 2024; Hejna et al., 2023) . However, due to the constraint of no interaction with the environment, obtaining the most informative preference feedback from the offline dataset is as important as developing a new training method without the reward model or designing the structure of the reward model well (e.g., non-Markovian reward modeling (Kim et al., 2022) ). An active query selection method has been proposed to obtain informative preference pairs (Shin et al., 2022) , but their method did not attempt to obtain second-order preference.", "section": "Offline Preference-based RL", "sec_num": "2.1."}, {"text": "Most offline PbRL papers have validated their algorithms on the D4RL dataset (Fu et al., 2020) . However, it has been shown that typical offline RL algorithms can produce good policies on D4RL even with a completely wrong reward (e.g., zero, random, negative reward) due to the pessimism and survival instinct of offline RL algorithms (Shin et al., 2022; Li et al., 2023) . Hence, to properly evaluate how well offline PbRL algorithms learn the reward model, we need to validate them on a new dataset, on which the policy cannot be easily learned due to survival instincts.", "section": "Offline Preference-based RL", "sec_num": "2.1."}, {"text": "While typical approaches in PbRL only focus on the firstorder preference (i.e., ternary labels including bad, equal, and good), several approaches in the NLP and RL domains have recently been proposed to utilize second-order preference about the relative difference between preferences. One approach is to directly obtain a relative rating for each trajectory pair (e.g., significantly better or slightly better) or an absolute rating for each trajectory (e.g., very good or good) (Touvron et al., 2023; Cao et al., 2021; White et al., 2023) . However, the more granular the preferences are, the more expensive they are than just ternary labels.", "section": "Second-order Preference Feedback", "sec_num": "2.2."}, {"text": "There is a rich Learning-to-Rank literature that learns the ranking given second-order preference feedback in the form of absolute ratings (Burges et al., 2005; Xia et al., 2008; Xu & Li, 2007; Swezey et al., 2021) , but they do not address how to obtain second-order preference only with ternary labels. Another approach is to obtain the second-order preference between samples from a fully-ranked list for multiple trajectories (Chen et al., 2022; Palan et al., 2019; Zhu et al., 2023; Song et al., 2024; Myers et al., 2022; B\u0131y\u0131k et al., 2019; Brown et al., 2019) . However, they do not address how to efficiently obtain the fully-ranked list in terms of the number of feedbacks. Since naively constructing a fullyranked list would require a large number of feedbacks that increase quadratically with the number of trajectories, developing a more efficient list construction method is crucial. Accordingly, some recent studies have developed how to obtain partially-ranked lists that only know the rankings among a few trajectories (Zhao et al., 2023; Hwang et al., 2023) . Perhaps, one of the closest research to ours is Sequential Preference Ranking (SeqRank) (Hwang et al., 2023) , which sequentially collects the preference feedback between a newly observed segment and a previously collected segment. However, since their method builds partially-ranked lists rather than fully-ranked lists, the short length of the lists limits the ability to fully utilize second-order information.", "section": "Second-order Preference Feedback", "sec_num": "2.2."}, {"text": "An RL algorithm considers a Markov decision process (MDP) and aims to find the optimum policy that maximizes the cumulative discounted rewards. MDP is defined by a tuple (S, A, P, r, \u03b3) where S, A are state, action space, P = P (\u2022|s, a) is the environment transition dynamics, r = r(s, a) is reward function, and \u03b3 is discount factor. In offline PbRL, we assume that we do not know the true reward r, but we have a pre-collected dataset that is a set of tuples, D o := {(s, a, s \u2032 )|(s, a) \u223c \u00b5, s \u2032 \u223c P (\u2022|s, a)}. In general, the policy \u00b5 from which the data was collected is unknown. We are allowed to ask for preference feedbacks to obtain preference labels for two distinct trajectory segments sampled from", "section": "Preliminaries", "sec_num": "3."}, {"text": "D s := {\u03c3 | \u03c3 = (s 0 , a 0 , s 1 , a 1 , \u2022 \u2022 \u2022 , s T -1 , a T -1 ), (s t , a t , s t+1 ) \u2208 D o }.", "section": "Preliminaries", "sec_num": "3."}, {"text": "Annotators assign a ternary label l given a pair of segments \u03c3 1 , \u03c3 2 \u2208 D s ; l = 0 indicates that \u03c3 1 is preferred over \u03c3 2 (i.e., \u03c3 1 \u227b \u03c3 2 ), l = 1 indicates the opposite preference (i.e., \u03c3 1 \u227a \u03c3 2 ), and l = 0.5 indicates that \u03c3 1 and \u03c3 2 are equally preferred (i.e., \u03c3 1 = \u03c3 2 ).", "section": "Preliminaries", "sec_num": "3."}, {"text": "The goal of acquiring preference labels is to learn the unknown reward function. Conventional offline PbRL methods use a preference model that defines the probability that one segment is better than the other as", "section": "Preliminaries", "sec_num": "3."}, {"text": "P \u03b8 (\u03c3 1 \u227b \u03c3 2 ) = \u03d5 r \u03b8 (\u03c3 1 ) \u03d5 r \u03b8 (\u03c3 1 ) + \u03d5 r \u03b8 (\u03c3 2 ) (1)", "section": "Preliminaries", "sec_num": "3."}, {"text": "in which r \u03b8 (\u03c3 i ) = (st,at)\u2208\u03c3i r \u03b8 (s t , a t ) and \u03b8 is the parameter of the reward model. The score function \u03d5(x) = exp(x) is commonly used in the BT model (Bradley & Terry, 1952) . Given the trajectory segment preference dataset,", "section": "Preliminaries", "sec_num": "3."}, {"text": "D pref := {(\u03c3 i1 , \u03c3 i2 , l i )} K i=1", "section": "Preliminaries", "sec_num": "3."}, {"text": ", the parameter \u03b8 is learned by minimizing following cross-entropy loss:", "section": "Preliminaries", "sec_num": "3."}, {"text": "L(\u03b8) = - E (\u03c3i 1 ,\u03c3i 2 ,li) \u2208D pref (1 -l i ) log P \u03b8 (\u03c3 i1 \u227b \u03c3 i2 ) + l i log P \u03b8 (\u03c3 i1 \u227a \u03c3 i2 ) . (2)", "section": "Preliminaries", "sec_num": "3."}, {"text": "As mentioned in Section 1, the conventional offline PbRL approaches cannot utilize the second-order information of the preference feedback. In order to describe our method, we begin by stating the mild assumptions we make.", "section": "LiRE: Listwise Reward Estimation", "sec_num": "4."}, {"text": "Assumption 4.1. (Completeness) For any two segments \u03c3 i , \u03c3 j , the human feedbacks are provided in the following three ways, \u03c3 i \u227b \u03c3 j or \u03c3 i \u227a \u03c3 j or \u03c3 i = \u03c3 j .", "section": "LiRE: Listwise Reward Estimation", "sec_num": "4."}, {"text": "(Transitivity) For any three segments \u03c3 i , \u03c3 j , and \u03c3 k , if", "section": "LiRE: Listwise Reward Estimation", "sec_num": "4."}, {"text": "\u03c3 i = \u03c3 j and \u03c3 j = \u03c3 k , then \u03c3 i = \u03c3 k . Also, if \u03c3 i \u227b \u03c3 j and \u03c3 j \u227b \u03c3 k , then \u03c3 i \u227b \u03c3 k .", "section": "LiRE: Listwise Reward Estimation", "sec_num": "4."}, {"text": "Remarks: These assumptions are a generalization of Se-qRank (Hwang et al., 2023) to include equal labels. While the transitivity assumption may not always hold in practice, we demonstrate that our method is robust both in the presence of feedback noise (Section 5.4.3) and in real human experiments (Section 5.5), even when the transitivity assumption may not hold.", "section": "LiRE: Listwise Reward Estimation", "sec_num": "4."}, {"text": "Our goal is to obtain an RLT in which the segments \u03c3 are ordered by their level of preference. We represent RLT, L, in the following form:", "section": "Constructing a Ranked List of Trajectories (RLT)", "sec_num": "4.1."}, {"text": "L = [g 1 \u227a g 2 \u227a \u2022 \u2022 \u2022 \u227a g s ],", "section": "Constructing a Ranked List of Trajectories (RLT)", "sec_num": "4.1."}, {"text": "in which", "section": "Constructing a Ranked List of Trajectories (RLT)", "sec_num": "4.1."}, {"text": "g i = {\u03c3 i1 , \u2022 \u2022 \u2022 , \u03c3 i k } is a group of segments with", "section": "Constructing a Ranked List of Trajectories (RLT)", "sec_num": "4.1."}, {"text": "the same preference level and s is the number of groups in the list. Namely, if m > n, we note any segment \u03c3 i \u2208 g m is preferred over any segment \u03c3 j \u2208 g n .", "section": "Constructing a Ranked List of Trajectories (RLT)", "sec_num": "4.1."}, {"text": "Since we assume to have exactly the same type of ternary feedback defined in Section 3, we cannot build RLT by obtaining the listwise feedback at once. Hence, we construct by sequentially obtaining the labels as we describe below.", "section": "Constructing a Ranked List of Trajectories (RLT)", "sec_num": "4.1."}, {"text": "We start with an initial list [{\u03c3 1 }] by selecting a random segment \u03c3 1 from D s . We then repeat the process of sequentially sampling the new segment \u03c3 2 , \u03c3 3 , \u2022 \u2022 \u2022 \u2208 D s and placing it in the appropriate position in the list until the feedback budget limit is reached. To place a newly sampled \u03c3 i in the RLT, we compare it with a segment \u03c3 k \u2208 g m for some group g m in the list and obtain the ternary preference feedback. Depending on the feedback, we proceed as follows:", "section": "Constructing a Ranked List of Trajectories (RLT)", "sec_num": "4.1."}, {"text": "Table 1 : Feedback efficiency and sample diversity of independent pairwise sampling, SeqRank, and RLT.", "section": "Constructing a Ranked List of Trajectories (RLT)", "sec_num": "4.1."}, {"text": "Independent SeqRank RLT Feedback efficiency 1 1.392 O(M/ log M ) Sample diversity 2 O(1) O(1/ log M ) \u2022 If \u03c3 i = \u03c3 k , add \u03c3 i to the group g m . \u2022 If \u03c3 i \u227a \u03c3 k , find the position within g 1 , \u2022 \u2022 \u2022 , g m-1 . \u2022 If \u03c3 i \u227b \u03c3 k , find the position within g m+1 , \u2022 \u2022 \u2022 , g s .", "section": "Constructing a Ranked List of Trajectories (RLT)", "sec_num": "4.1."}, {"text": "For the latter two cases, we use a binary search so that we can recursively find the correct group for each segment.", "section": "Constructing a Ranked List of Trajectories (RLT)", "sec_num": "4.1."}, {"text": "Namely, the RLT construction algorithm is based on a binary insertion sort and the pseudocode is summarized in Algorithm 1 (Appendix). We note that while we can also adopt merge sort or quick sort to construct an RLT after collecting multiple segments, if we already have a partially constructed RLT, binary insertion sort would be more feedback-efficient.", "section": "Constructing a Ranked List of Trajectories (RLT)", "sec_num": "4.1."}, {"text": "Feedback efficiency and sample diversity Note that by design, we need to obtain multiple preference feedbacks for each new segment \u03c3 i . Therefore, for a fixed feedback budget, our method samples fewer segments. However, from the constructed RLT, we can generate many preference pairs by exploiting the second-order information encoded in the list; namely, \u03c3 i is preferred to all the segments in the groups that rank lower than the group that \u03c3 i belongs to.", "section": "Constructing a Ranked List of Trajectories (RLT)", "sec_num": "4.1."}, {"text": "To that end, we analyze the feedback efficiency and sample diversity of RLT. Feedback efficiency is defined in SeqRank (Hwang et al., 2023) as the ratio of the number of total preference pairs generated to the number of preference feedbacks obtained. We also define sample diversity as the ratio of the total number of sampled segments to the number of preference feedbacks obtained. Suppose we obtain preference feedbacks until we collect a total of M segments in the preference dataset. Constructing an RLT with M segments requires O(M log M ) feedbacks because we use an efficient sorting method based on binary search. In this case, the number of all possible preference pairs (including ties) that can be generated from the RLT is M 2 . Table 1 summarizes the feedback efficiency and sample diversity of independent pairwise sampling, SeqRank, and RLT. Note our method has a faster rate of increase in the feedback efficiency even with diminishing sample diversity as the number of segments M in RLT increases.", "section": "Constructing a Ranked List of Trajectories (RLT)", "sec_num": "4.1."}, {"text": "Algorithm 1 places all the segments in a single ranked list. Instead of constructing one long list, we devise a variant that generates multiple lists by setting a limit (Q) on the feedback budget for each list. The reason for generating multiple lists is that as the length of the list increases, the number of preference feedbacks required by the binary search process increases. Hence, we increase the sample diversity within the total feedback budget by generating multiple RLTs.", "section": "Constructing multiple RLTs", "sec_num": null}, {"text": "Once the RLT is constructed, we construct the preference dataset, D l = {(\u03c3 i1 , \u03c3 i2 , l i )} K i=1 with all the pairs we can obtain from the RLT. Specifically, when \u03c3 i1 \u2208 g m and \u03c3 i2 \u2208 g n , the preference label l i is as follows:", "section": "Listwise Reward Estimation from RLT", "sec_num": "4.2."}, {"text": "l i = 0.5 if m = n, l i = 0 if m > n, and l i = 1 if m < n.", "section": "Listwise Reward Estimation from RLT", "sec_num": "4.2."}, {"text": "The key difference from traditional pairwise PbRL methods is that, instead of independently sampling segment pairs, we derive preference pairs from the RLT. To compare with the independent sampling, suppose that the RLT has segments with the relationship, \u03c3 a < \u03c3 b < \u03c3 c . If we sample all pairs from the RLT, then (\u03c3 a , \u03c3 b , 1), (\u03c3 b , \u03c3 c , 1), (\u03c3 a , \u03c3 c , 1) \u2208 D l . From these preference pairs, it can be inferred that the degree to which \u03c3 c is preferred over \u03c3 a is stronger than the degree to which \u03c3 c is preferred over \u03c3 b . Consequently, the reward model trained with pairwise loss in (2) can learn second-order preference between each pair of segments. In contrast, the reward model learned from independent sampling cannot learn second-order preference because each segment is not compared to multiple other segments.", "section": "Listwise Reward Estimation from RLT", "sec_num": "4.2."}, {"text": "We use pairwise loss in our main experiments, but we can also train the reward model with listwise loss since the segments are ranked in the RLT. To train the reward model with listwise loss, we assume the segments follow a Plackett-Luce model (Plackett, 1975) which defines the probability distribution of objects in a ranked list. We discuss listwise loss more in detail in Appendix A.3 -but, our experimental results show that training with pairwise loss performs better than listwise loss in most cases.", "section": "Listwise Reward Estimation from RLT", "sec_num": "4.2."}, {"text": "Our proposed LiRE trains the reward model with linear score function \u03d5(x) = x in (1). The choice of linear score function has the same effect as setting the reward to be the exponent of the optimal reward value obtained through training with an exponential score function \u03d5(x) = exp(x). Therefore, the linear score function amplifies the difference in reward values, particularly in regions with high reward values, compared to the exponential score function.", "section": "Listwise Reward Estimation from RLT", "sec_num": "4.2."}, {"text": "Bounding reward model If \u03d5(x) = exp(x), then adding a constant to the reward function r\u03b8 does not affect the resulting probability distribution. To align the scaling of the learned r\u03b8 in ensemble reward models, a common choice for the reward model is using the Tanh activation, i.e., r\u03b8 (\u03c3) = t r\u03b8 (s t , a t ) = t tanh(f \u03b8 (s t , a t )) (Lee et al., 2021b; Hejna & Sadigh, 2024) , to bound the output of the reward model.", "section": "Listwise Reward Estimation from RLT", "sec_num": "4.2."}, {"text": "In the case of \u03d5(x) = x, scaling the reward function by a constant does not affect the probability distribution. Similarly, we use the same Tanh activation function for \u03d5(x) = x to bound the output of the reward model. Specifically, we set r\u03b8 (\u03c3) = t 1 + tanh(f \u03b8 (s t , a t )) > 0 to ensure that the probability defined in (1) is positive.", "section": "Listwise Reward Estimation from RLT", "sec_num": "4.2."}, {"text": "Dataset Previous offline PbRL papers are evaluated mainly on D4RL (Fu et al., 2020) , but D4RL has the problem that RL performance can be high even when wrong rewards are used (Li et al., 2023; Shin et al., 2022) . To that end, we newly collect the offline PbRL dataset with Meta-World (Yu et al., 2020) and DeepMind Control Suite (DMControl) (Tassa et al., 2018) following the protocols of previous work: medium-replay dataset, e.g., (Yu et al., 2021a; Mazoure et al., 2023; Gulcehre et al., 2020) and medium-expert dataset, e.g., (Yu et al., 2021b; Sinha et al., 2022; Hejna & Sadigh, 2024; Li et al., 2023) .", "section": "Settings", "sec_num": "5.1."}, {"text": "The medium-replay dataset collects data from replay buffers used in online RL algorithms, such as the SAC (Haarnoja et al., 2018) , and the medium-expert dataset collects trajectories generated by the noisy perturbed expert policy. We experiment on both datasets while our main analyses are done on medium-replay; see Appendix C.2 for complete details on constructing them. The prior works (Shin et al., 2022; Zhang, 2023) have created datasets that consider survival instinct. However, their dataset was evaluated with only 100 or fewer preference feedbacks, whereas we use 500, 1000, or more feedbacks.", "section": "Settings", "sec_num": "5.1."}, {"text": "Baselines In our experiments, we consider five baselines: Markovian Reward (MR), Preference Transformer (PT) (Kim et al., 2022) , Offline Preference-based Reward Learning (OPRL) (Shin et al., 2022) , Inverse Preference Learning (IPL) (Hejna & Sadigh, 2024) , and Direct Preference-based Policy Optimization (DPPO) (An et al., 2023) . MR refers to the method trained with the MLP layer with the Markovian reward assumption, which is the baseline model used in PT. OPRL learns multiple reward models to select the query actively with the highest preference disagreement. Lastly, IPL and DPPO are algorithms that learn policies without the reward model.", "section": "Settings", "sec_num": "5.1."}, {"text": "All the above five baselines belong to pairwise PbRL because they all train based on the BT model given first-order preference feedbacks sampled as independent pairs. In addition to pairwise PbRL, we also compare with the sequential pairwise comparison method proposed by SeqRank (Hwang et al., 2023) .", "section": "Settings", "sec_num": "5.1."}, {"text": "Implementation details For LiRE, we use the linear score function and set Q = 100 as the default feedback budget for each list. Therefore, if the total number of feedbacks is 500, then five RLTs will be constructed. All baseline methods, including ours, can be applied to any offline RL algorithm, but, as in previous works, we use IQL (Kostrikov et al., 2021) . The hyperparameters for each algorithm and the criteria for the equally preferred label threshold of scripted teacher can be found in the Appendix C.4. ", "section": "Settings", "sec_num": "5.1."}, {"text": "We compare LiRE with the baselines mainly on the Meta-World medium-replay dataset. Table 2 summarizes the results of offline RL performance using ground-truth (GT) rewards and preference feedbacks respectively. For many tasks, such as button-press-topdown and box-close, MR performs poorly compared to training with GT rewards, even with 1000 preference feedbacks. The problem of poor performance remains even if we replace the reward model with a more complex transformer architecture, PT. PT improves performance in dial-turn and lever-pull tasks, but for other tasks, the performance worsens. OPRL generally performs better than MR due to the increased consistency of the reward models, but the performance improvement is small. Lastly, DPPO and IPL perform better than MR on only a few tasks. We note that existing offline PbRL methods are rarely better than MR when validated on our new dataset.", "section": "Evaluation on the Offline PbRL Benchmark", "sec_num": "5.2."}, {"text": "In contrast, LiRE shows a significant performance improvement over MR except for the sweep task. We demonstrate the importance of RLT and the linear score function by achieving high performance even when compared to SeqRank, which is also not an independent pairwise method. In addition, policies trained with preference data outperform policies trained with GT rewards on the buttonpress-topdown-wall task, suggesting that reward models trained with preference data may be more effective, as also reported in prior works (Christiano et al., 2017; Kim et al., 2022; An et al., 2023) . The results of the Meta-World medium-expert dataset and full learning curves are shown in the Appendix A.", "section": "Evaluation on the Offline PbRL Benchmark", "sec_num": "5.2."}, {"text": "We conduct an ablation study to verify if the performance improvement of LiRE is due to two factors: the linear score function and the RLT construction. Additionally, the bottom two rows of Table 3 show that constructing RLT improves performance by constructing the preference list and exploiting the second-order information.", "section": "FACTORS OF PERFORMANCE IMPROVEMENT", "sec_num": "5.3.1."}, {"text": "In particular, using the linear score function with RLT has a synergistic effect, resulting in even greater improvement.", "section": "FACTORS OF PERFORMANCE IMPROVEMENT", "sec_num": "5.3.1."}, {"text": "We examine the estimated reward values of the learned reward models. From the figure, we clearly observe that the estimated rewards in Figure 2 (b) are more highly correlated than those in Figure 2(a) . Namely, by constructing the RLT, LiRE exploits the second-order preference, and the high and low reward segments are more clearly distinguished by the reward estimates than vanilla MR. Additionally, when training the reward model with the linear score function, there is a larger gap in the estimated rewards within the reward region for higher GT rewards, as shown in Figure 2(d) . We speculate that using the linear score function and RLT makes the estimated reward discern the optimal and suboptimal segments (with respect to the GT rewards) more clearly, hence, the policy learned with the estimated reward turns out to perform much better.", "section": "EFFECT OF RLT AND SCORE FUNCTION ON REWARD ESTIMATION", "sec_num": "5.3.2."}, {"text": "We evaluate how the performances of the offline PbRL algorithms are affected by the number of feedbacks. Namely, we measure the average success rate of the sweep-into, box-close, and button-press-topdown-wall tasks of the medium-replay dataset while varying the number of the preference feedbacks from 50 to 2000. We note that most previous works (Kim et al., 2022; Hejna & Sadigh, 2024; An et al., 2023) using D4RL only use up to 500 preference feedbacks. As shown in Figure 3 , we observe that the typical baseline, MR with exponential score function (denoted as MR w/ exp), cannot achieve a success rate higher than 50% for all three tasks even with 2000 preference feedbacks.", "section": "VARYING THE NUMBER OF FEEDBACKS", "sec_num": "5.4.1."}, {"text": "When we instead use the linear score function, we observe that MR w/ linear performs much better than MR w/ exp, but the success rates sometimes still remain to be low (e.g., box-close with 500 feedbacks and button-press-topdownwall for most of the times). In contrast, it is evident that LiRE mostly surpasses the two baselines with large margins, even with fewer number of preference feedbacks. Specifically, for the button-press-topdown-wall task, LiRE with only 100 feedbacks outperforms not only the baselines with 2000 feedbacks but also the policy learned using the GT reward. Again, we can confirm that the high feedback efficiency enabled by RLT makes LiRE very effective even with a smaller number of feedbacks.", "section": "VARYING THE NUMBER OF FEEDBACKS", "sec_num": "5.4.1."}, {"text": "In Section 4.1, we described that multiple RLTs can be constructed by putting the budget limit (Q) in order to increase the sample diversity. In this subsection, we show the effect of Q. Table 4 shows the performance change of LiRE when varying the Q budget to 1, 2, 10, 20, 50, 100, and 500 while setting the total number of preference feedbacks to 500. Hence, for example, Q = 100 results in five lists, and Q = 500 results in a single list. Table 4 also shows the result of SeqRank (with linear score function). From the table, we observe that since the utilization of the secondorder information increases with higher values of Q, the offline PbRL performance correspondingly improves, as expected. We also note that the performance of SeqRank is similar to that of LiRE with Q = 2 since SeqRank creates approximately 2.3 groups in the ranked list, as detailed in Table 5 . This result indicates that SeqRank does not fully utilize second-order preference due to only building partially-ranked lists. A more in-depth comparison with SeqRank is given in Section 5.4.5.", "section": "VARYING Q BUDGET", "sec_num": "5.4.2."}, {"text": "If the preference feedback used in PbRL models human preference labeling, it would be reasonable to assume that the preference feedback may be noisy. To that end, we experiment to assess the robustness of the offline PbRL performance of LiRE with respect to the preference feedback noise. We assume that the preference feedback can be noisy with probability p (i.e., if l i = 0 or 1, the label is flipped to 1 -l i with probability p, and for tie labels, we flip to l i = 0 or 1 with probability p/2, respectively). We varied the noise probability p from 0 to 0.3, and Figure 4 compares the success rates of MR w/ linear and LiRE. From the figure, we confirm that the performance of LiRE does not drop as severely as MR w/ linear when p increases. In particular, for lever-pull task, we observe that LiRE with feedback noise of p = 0.3 even results in a higher success rate than MR w/ linear with no noise, highlighting the robustness of LiRE with respect to feedback noise.", "section": "ROBUSTNESS TO FEEDBACK NOISE", "sec_num": "5.4.3."}, {"text": "In Figure 5 , we compare the performance of LiRE based on the threshold that determines the tie between the segments. Specifically, we adjust the threshold value for the reward difference that indicates whether two segments are equally preferred. Namely, a higher threshold value means that more segment pairs are labeled as equally preferred, result- ing in less granular preference feedback. We note that the threshold value used in Table 2 is 12.5 (see Appendix C.4 for details). Figure 5 shows that using a smaller threshold (i.e., more granular feedback) improves the performance of LiRE, while the performance becomes similar to that of MR w/ linear (e.g., button-press-topdown task with threshold 25) when the threshold increases. Thus, we confirm that the more granular preference labels generate additional secondorder preference information, which would positively affect the performance of LiRE.", "section": "IMPACT OF FEEDBACK GRANULARITY", "sec_num": "5.4.4."}, {"text": "Here, we compare LiRE with SeqRank, which also utilizes partially-ranked lists. We also employed the linear score function for SeqRank since it gave better results than using the exponential function and led to a fair comparison with LiRE. We evaluate the average success rates of SeqRank and LiRE on the Meta-World medium-replay dataset.", "section": "COMPARISON WITH SEQRANK", "sec_num": "5.4.5."}, {"text": "The experimental results in Table 5 show that LiRE clearly achieves higher performance than SeqRank. We argue that SeqRank does not fully utilize the second-order information because SeqRank does not construct a fully-ranked list. Indeed, the third column of Table 5 shows that the number of groups in the ranked lists averages less than 3 with the SeqRank, whereas it increases to about 9 on average with LiRE. The last two columns of Table 5 compare feedback efficiency and sample diversity. LiRE achieves a sample diversity of approximately 0.47 through the use of binary search, and the feedback efficiency increases significantly to 11.33 by constructing RLT. Additionally, Table 6 shows the superiority of LiRE over SeqRank on the DM-Control medium-replay dataset. We note SeqRank also performs similarly to MR w/ linear on walker-walk and humanoid-walk tasks, while LiRE achieves much higher performance gains on all three tasks. Thus, we confirm that constructing RLT and leveraging second-order preference is effective for locomotion as well as manipulation tasks.", "section": "COMPARISON WITH SEQRANK", "sec_num": "5.4.5."}, {"text": "To check the compatibility of LiRE with other methods, we tested the performance of LiRE when combined with OPRL and PT, respectively. First, to apply OPRL and LiRE simultaneously, we trained a reward model each time an RLT was newly constructed, and then actively sampled based on the disagreement of the reward models (following the method of OPRL) when constructing the next RLT. In Figure 6 (a), we observe that LiRE+OPRL outperforms LiRE in sweep-into and lever-pull tasks but performs worse in button-press-topdown task. This discrepancy suggests that while the OPRL method enhances the consistency of the reward model, it may lead to oversampling similar segments that are challenging to distinguish depending on the task. Second, as shown in Figure 6 (b), LiRE does not necessarily gain improvements when combined with PT. That is, since PT was originally designed to capture temporal dependencies of segments in reward modeling, it seems to struggle in accurately capturing the second-order preference information from RLT possibly due to overfitting to the sequence of past segments. effective in practical scenarios with real human preference feedback, as in LLM alignment.", "section": "COMPATIBILITY WITH OTHER METHODS", "sec_num": "5.4.6."}, {"text": "We believe there are two limitations of LiRE. First, LiRE lacks the ability to parallelize the construction of RLT since there are dependencies between the order in which feedbacks are obtained to construct a fully-ranked list. Therefore, in scenarios where parallel feedback collection is feasible, constructing an RLT could be more time-consuming compared to collecting preference feedbacks independently in pairs. Nevertheless, the results presented in Appendix A.2 show that LiRE with only 200 feedbacks outperforms the independent pairwise sampling method using 1000 feedbacks, suggesting the importance of constructing RLT. Second, LiRE relies on the transitivity assumption outlined in Assumption 4.1. Although our experiments with feedback noise indicate LiRE's robustness to noise that violates this assumption, transitivity violations can occur even with noiseless labels in real-world applications. This issue is not unique to LiRE but affects other preference-based RL methods as well. Addressing transitivity violation remains a challenge for scalar reward models, so future research could explore solutions by using multi-dimensional preference feedback to construct RLTs for each dimension.", "section": "Limitation", "sec_num": "6."}, {"text": "In this paper, we propose a novel Listwise Reward Estimation (LiRE) method for offline preference-based RL. While obtaining second-order preference from a traditional framework is challenging, we demonstrate that LiRE efficiently exploits second-order preference by constructing an RLT using ordinary, simple ternary feedback. Our experiments demonstrate the significant performance gains achieved by LiRE on our new offline PbRL dataset, specifically designed to objectively reflect the effect of estimated rewards. Notably, the reward model trained with LiRE outperforms traditional pairwise feedback methods, even with fewer preference feedbacks, highlighting the importance of second-order preference information. Moreover, our findings suggest that constructing ranked lists can be straightforward without complex second-order preference feedback, indicating the broad applicability of LiRE to more challenging tasks and real-world applications.", "section": "Concluding Remarks", "sec_num": "7."}, {"text": "We believe our LiRE can be potentially applied to aligning the RL agent with more fine-grained human intent and preference. Such applications can bring significant societal consequences by enhancing the precision and effectiveness of AI systems in various fields such as health care and education. By ensuring that AI systems more closely reflect and respond to the detailed intentions of their users, LiRE has the potential to foster trust and acceptance of AI technologies, ultimately contributing to their more widespread and ethical adoption.", "section": "Impact Statement", "sec_num": null}, {"text": "Our goal is to minimize the following objective:", "section": "Impact Statement", "sec_num": null}, {"text": "EQUATION", "section": "Impact Statement", "sec_num": null}, {"text": "Since the number of permutations grows by n!, computing the permutation probability demands a high computational cost. Thus, we minimize the following objective using the top one probability proposed by ListNet (Xia et al., 2008) :", "section": "Impact Statement", "sec_num": null}, {"text": "EQUATION", "section": "Impact Statement", "sec_num": null}, {"text": "where", "section": "Impact Statement", "sec_num": null}, {"text": "EQUATION", "section": "Impact Statement", "sec_num": null}, {"text": "and", "section": "Impact Statement", "sec_num": null}, {"text": "EQUATION", "section": "Impact Statement", "sec_num": null}, {"text": "We train the reward model by sampling n = 10 segments from the RLT at each gradient descent. ", "section": "Impact Statement", "sec_num": null}, {"text": "As described in Appendix C.5, the epochs experimented with in Table 2 is 300. Table 11 shows the performance when we increase the epochs to 5000. Both MR and LiRE tend to perform better with more epochs, but LiRE still performs better than MR. The performance gap between using the exponential score function and the linear score function for LiRE is smaller at 5000 epochs than at 300 epochs. However, when the epoch is 5000, the linear score function has a significant performance improvement on the dial-turn and button-press-topdown-wall tasks and performs better or similar to the exponential score function on other tasks. ", "section": "A.4. Increasing Epochs of Reward Model Training", "sec_num": null}, {"text": "Following offline RL data collection approach, we collect offline RL data from different policies in two ways: medium-replay dataset and medium-expert dataset. medium-replay dataset We use the replay buffer collected while training online RL as an offline RL dataset. We train with 3 seeds using the online SAC (Haarnoja et al., 2018) implemented in PEBBLE (Lee et al., 2021b) with ground-truth implementation code1 . We use IQL because it is the default offline RL algorithm in previous offline PbRL papers, and IQL is also one of the strongest offline algorithms according to CORL. We use the same hyperparameters that were used to train Gym-MuJoCO in CORL. For PT, we follow their implementation2 for the training reward model and use the CORL library for training offline RL. We follow the official implementations of DPPO3 and IPL4 with the hyperparameters they use in the Gym-MuJoCo and Metaworld dataset. The hyperparameters for each baseline, including IQL, are listed in Table 18 . The total number of gradient descent steps in the offline RL is 250,000 and we evaluate the success rate for 50 episodes every 5000 steps. We run six seeds for all baselines and our method. We then report the average success rate of the last 5 trained policies. We use a single NVIDIA RTX A5000 GPU and 32 CPU cores (AMD EPYC 7513 @ 2.60GHz) in our experiments.", "section": "C.2. Creating Offline PbRL Dataset", "sec_num": null}, {"text": "https://github.com/tinkoff-ai/CORL", "section": "", "sec_num": null}, {"text": "https://github.com/csmile-1006/PreferenceTransformer", "section": "", "sec_num": null}, {"text": "https://github.com/snu-mllab/DPPO", "section": "", "sec_num": null}, {"text": "https://github.com/jhejna/inverse-preference-learning", "section": "", "sec_num": null}], "back_matter": [{"text": "This work was supported in part by the National Research Foundation of Korea (NRF) grant [No.2021R1A2C2007884] and by Institute of Information & communications Technology Planning & Evaluation (IITP) grants [RS-2021-II211343, RS-2021-II212068, RS-2022-II220113, RS-2022-II220959] funded by the Korean government (MSIT). It was also supported by AOARD Grant No. FA2386-23-1-4079.", "section": "Acknowledgments", "sec_num": null}, {"text": "We summarize the experimental results on the Meta-World medium-expert dataset in Table 8 . LiRE outperforms significantly baselines for sweep and hammer tasks. While DPPO performs better than LiRE in the case of box-close task, DPPO performs poorly compared to basic MR in other tasks. (Kim et al., 2022) 2.33 \u00b1 3.54 57.33 \u00b1 8.92 1.67 \u00b1 2.92 OPRL (Shin et al., 2022) 10.00 \u00b1 9.87 30.00 \u00b1 8.87 6.00 \u00b1 4.62 DPPO (An et al., 2023) 41.00 \u00b1 9.50 12.33 \u00b1 8.44 8.00 \u00b1 10.07 IPL (Hejna & Sadigh, 2024) 7.00 \u00b1 9.50 15.33 \u00b1 10.37 4.33 \u00b1 4.23 SeqRank (Hwang et al., 2023) 10 (Kim et al., 2022) 13.00 \u00b1 12.26 21.00 \u00b1 15.44 1.33 \u00b1 2.98 OPRL (Shin et al., 2022) 11.33 \u00b1 6.80 44.33 \u00b1 6.67 6.33 \u00b1 5.47 DPPO (An et al., 2023) 42.67 \u00b1 15.52 14.33 \u00b1 13.19 5.33 \u00b1 4.85 IPL (Hejna & Sadigh, 2024) 10.67 \u00b1 6.90 16.67 \u00b1 11.64 9.33 \u00b1 9.14 SeqRank (Hwang et al., 2023) 13. ", "section": "A.1. Experimental Results on medium-expert Dataset", "sec_num": null}, {"text": "If we have pre-collected independent pairwise preference data, MR can use the entire preference data. However, LiRE has the disadvantage of requiring additional feedbacks between segments for constructing RLT. Nevertheless, Table 9 shows the importance of RLT to obtain second-order preference. The performance of LiRE with 200 feedbacks is better than the performance using 1000 independent pairwise feedbacks. Section 4.2 describes how to train the reward model with pairwise loss from constructed RLT. However, we can apply listwise loss in addition to pairwise loss since a ranked list is constructed. In this section, we introduce how to train the reward model with listwise loss. Suppose that we have n segments, (\u03c3 1 , \u03c3 2 , \u2022 \u2022 \u2022 , \u03c3 n ) and denote the rewards of the segments, r(\u03c3 1 ), r(\u03c3 2 ), \u2022 \u2022 \u2022 , r(\u03c3 n ) . We assume the probability of permutation of n segments follows a Plackett-Luce (PL) model (Plackett, 1975) :where \u03d5 is an increasing and strictly positive function and \u03c0Here, P (\u03c0) is the probability distribution in which n segments are ranked in order of permutation \u03c0, indicating the likelihood of segment \u03c3 i being ranked \u03c0 i -th.Since we do not know the true probability of permutation, we set the score of the segment based on the ranks. Specifically, given k ranks in the list, let s(\u03c3) = (k + 1 -m)R/k be the score of the segment \u03c3 that belongs to the m-th preferred rank (i.e., \u03c3 \u2208 g k+1-m ) where m \u2208 {1, \u2022 \u2022 \u2022 , k} and R is constant. In our implementation, the constant R is set to the maximum boundary of the output of the reward model, which is bounded by [0, R] by the Tanh function.the survey paper of PbRL (Wirth et al., 2017) . Additionally, (Song et al., 2024) have demonstrated that alternative score functions are effective in RLHF. We also present the performance of baselines using the linear score function instead of the exponential function across four Meta-World medium-replay tasks in Table 12 . Table 12 reveals that LiRE, when utilizing the linear score function, surpasses all other baselines, even when these baselines also use the linear score function. For PT or DPPO, there is no performance improvement when using a linear score function. We leave it as future work to analyze which score functions are effective depending on the model structure or training method. A.6. Online PbRLFigure 7 depicts the experimental results of online PbRL. We compare the online PbRL performance by using a linear score function and an exponential score function. The increase in performance when using the linear score function suggests that the BT model using the exponential score function may not be the optimum choice for PbRL. We used the code implemented in PEBBLE (Lee et al., 2021b) . ", "section": "A.2. LiRE with Fewer Preference Feedbacks", "sec_num": null}, {"text": "Full learning curves for the Meta-World medium-replay dataset are shown in Figure 8 and for the Meta-World medium-expert dataset are shown in Figure 9 . We plot the results for MR, PT (Kim et al., 2022) , OPRL (Shin et al., 2022) , DPPO (An et al., 2023) , IPL (Hejna & Sadigh, 2024) , and LiRE. The average success rates reported in Table 2 are obtained with the last 5 trained policies. Although the performance of LiRE for the medium-replay sweep task is relatively low, the full learning curve shows that the performance of the best-trained policy is competitive.", "section": "B.1. Full Learning Curves of Each Method", "sec_num": null}, {"text": "We evaluate the success rate by the following: (1) with MR or with LiRE and (2) exponential or linear score function. Table 13 shows that both constructing RLT and using linear function improve offline PbRL performance.", "section": "B.2. Ablation Study of LiRE", "sec_num": null}, {"text": "Similar to Figure 2 , in button-press-topdown task, Figure 10 shows that constructing RLT and using a linear score function can better distinguish the rewards between segments with relatively high preference. ", "section": "B.3. Effect of RLT and Score Function on Reward Estimation", "sec_num": null}, {"text": "Table 14 shows the success rate of each task in Table 5 . SeqRank (Hwang et al., 2023) improves feedback efficiency but constructs a shorter length of the ranked list, so LiRE is better at utilizing second-order preference.", "section": "B.4. Comparison with SeqRank", "sec_num": null}, {"text": "To construct RLT, We can use any sorting method such as binary insertion sort, mergesort, or quicksort. However, if the RLT is already partially constructed, a binary insertion sort is an efficient way to find the rank of each segment. The pseudocode for the binary insertion sort we use to construct the RLT is summarized in Algorithm 1. rewards. We stop collecting replay buffers when the average success rate of the online RL's performance is near 50. (For the DMControl dataset, collect until the episode returns are about in the middle of the convergence value.) We measure the online RL performance every 50,000 steps, so depending on the training speed of the online RL, the average success rate of the online RL may be less or more than 50 at the end of the replay buffer collection. Table 15 shows the average success rate when the collection of the replay buffers ends. medium-expert dataset We collect medium-expert dataset following approaches by prior works (Hejna & Sadigh, 2024; Zhang, 2023) : collect 50 trajectories from the expert policy provided by Meta-World (Yu et al., 2020) , collect 50 trajectories from the expert policy for a different randomized object and goals positions, collect 100 trajectories from the expert policy for a different task out of 50 Meta-World tasks, collect 200 trajectories from a random policy, and finally, collect 200 trajectories from the \u03f5-greedy policy that samples an action from the expert policy with 50% probability and from the random policy with the remaining 50% probability. We also add Gaussian noise with a mean of 0 and a standard deviation of 1 for each policy.", "section": "C.1. RLT Construction", "sec_num": null}, {"text": "For each dataset, we verify that there is a difference in RL performance when trained with GT reward versus wrong rewards because if offline RL achieves high performance with wrong rewards, the dataset is not appropriate for offline PbRL. We use the three wrong rewards chosen by (Li et al., 2023) : zero rewards, where all rewards r(s, a) = 0; random rewards, where all reward values are sampled from a uniform distribution U (0, 1); and negative rewards, set to -r(s, a). The performance of offline RL with GT reward and wrong rewards on each dataset is shown in Table 16 and Table 17 .", "section": "C.3. RL Performance between GT Reward and Wrong Rewards", "sec_num": null}, {"text": "We set the length of segment \u03c3 used in the preference label to 25, denoted as). We use the GT reward to label the preference between segment pairs. Considering that GT reward in Meta-World ranges from 0 to 10, segments with GT reward differences less than 12.5 are labeled as equally preferred segments. This threshold is equivalent to the threshold provided by B-pref (Lee et al., 2021a) , which is used as an online PbRL benchmark, when the policy has an average return of 5 (that is, medium performance).", "section": "C.4. Preference Label", "sec_num": null}, {"text": "Reward model The reward model used in our method and the standard pairwise PbRL and MR reward model use the same reward model structure. We ensemble three reward models and finally predicted the reward in the offline RL dataset by averaging the estimated reward values from the three reward models. The details of the hyperparameters are shown in In our experiments, MR, PT, and OPRL are two-step PbRL methods that first train the reward model and learn the offline RL with the trained reward model. We use the trained reward model to estimate the reward for every (s, a) in the offline RL dataset and apply min-max normalization to the reward values in the dataset so that the minimum and maximum values are 0 and 1. We also apply min-max normalization to the experiments with GT rewards and wrong rewards for a fair comparison.", "section": "C.5. Hyperparameters", "sec_num": null}, {"text": "We choose IQL for the default offline RL algorithm and CORL (Tarasov et al., 2023) for the ", "section": "Implementation details", "sec_num": null}], "ref_entries": {"FIGREF0": {"type_str": "figure", "num": null, "text": "Figure 1: An overview of LiRE. The figure shows an example of a button-press-topdown task. We sample a trajectory segment and sequentially obtain the preference feedback for existing trajectories in RLT. We use binary search to find the correct rank (left) efficiently. Multiple preference pairs are generated from RLT to learn the reward model (right).", "fig_num": "1", "uris": null}, "FIGREF1": {"type_str": "figure", "num": null, "text": "Figure 2: Scatter plots of the estimated rewards for the segments used for box-close task. The reward models are trained with MR or LiRE using the exp or linear score function. The Pearson correlation coefficient, r, is presented.", "fig_num": "2", "uris": null}, "FIGREF2": {"type_str": "figure", "num": null, "text": "Figure3: Average success rates of each method while varying the number of preference feedbacks. The black dotted line represents the average success rates when trained with GT reward.", "fig_num": "3", "uris": null}, "FIGREF3": {"type_str": "figure", "num": null, "text": "Figure 2 scatter plots the estimated rewards (y-axis), learned with 500 preference feedbacks, of the segments in box-close task against the GT rewards (x-axis). Note our LiRE uses fewer segments to train the reward model, so Figure 2(b) contains fewer dots than Figure 2(a). Each segment has a length of 25 and both GT and the estimated rewards are normalized to values between [0, 25].", "fig_num": null, "uris": null}, "FIGREF4": {"type_str": "figure", "num": null, "text": "Figure 4: Robustness of LiRE w.r.t the feedback noise.", "fig_num": "4", "uris": null}, "FIGREF5": {"type_str": "figure", "num": null, "text": "Figure 5: Effect of the granularity of preference feedback.", "fig_num": "5", "uris": null}, "FIGREF6": {"type_str": "figure", "num": null, "text": "Figure 6: Combining LiRE with other baselines.", "fig_num": "6", "uris": null}, "FIGREF7": {"type_str": "figure", "num": null, "text": "Figure 10: Estimated rewards for the segments used in preference learning for box-close task. We train the reward model with MR or LiRE using the exp or linear score function. The Pearson correlation coefficient, r is presented.", "fig_num": "10", "uris": null}, "TABREF0": {"html": null, "type_str": "table", "num": null, "text": "Average success rates on medium-replay dataset over six random seeds. We use 500 and 1000 preference feedbacks and report the average performance of the last five trained policies. The yellow and gray shading represent the best and second-best performances, respectively.", "content": "<table><tr><td># of feedbacks</td><td>Algorithm</td><td>button-press -topdown</td><td>box-close</td><td>dial-turn</td><td>sweep</td><td>button-press -topdown-wall</td><td colspan=\"2\">sweep-into drawer-open</td><td>lever-pull</td></tr><tr><td>-</td><td>IQL with GT rewards</td><td>88.33 \u00b1 4.76</td><td>93.40 \u00b1 3.10</td><td>75.40 \u00b1 5.47</td><td>98.33 \u00b1 1.87</td><td>56.27 \u00b1 6.32</td><td>78.80 \u00b1 7.96</td><td>100.00 \u00b1 0.00</td><td>98.47 \u00b1 1.77</td></tr><tr><td/><td>MR</td><td>9.60 \u00b1 5.74</td><td>10.33 \u00b1 8.23</td><td colspan=\"2\">50.20 \u00b1 8.51 79.80 \u00b1 13.36</td><td>0.13 \u00b1 0.50</td><td>24.80 \u00b1 5.28</td><td>98.07 \u00b1 3.20</td><td>50.53 \u00b1 8.55</td></tr><tr><td/><td>PT (Kim et al., 2022)</td><td>22.87 \u00b1 9.06</td><td colspan=\"3\">0.33 \u00b1 1.16 68.67 \u00b1 12.39 43.07 \u00b1 24.57</td><td>0.87 \u00b1 1.43</td><td>20.53 \u00b1 8.26</td><td colspan=\"2\">88.73 \u00b1 11.64 82.40 \u00b1 22.69</td></tr><tr><td/><td>OPRL (Shin et al., 2022)</td><td>12.13 \u00b1 5.75</td><td colspan=\"2\">4.73 \u00b1 3.24 54.33 \u00b1 11.47</td><td>94.13 \u00b1 5.95</td><td>0.20 \u00b1 0.60</td><td>25.87 \u00b1 8.58</td><td colspan=\"2\">94.13 \u00b1 6.41 54.67 \u00b1 12.79</td></tr><tr><td>500</td><td>DPPO (An et al., 2023)</td><td colspan=\"4\">3.93 \u00b1 4.34 10.20 \u00b1 11.47 26.67 \u00b1 22.23 10.47 \u00b1 15.84</td><td>0.80 \u00b1 1.51</td><td>23.07 \u00b1 7.02</td><td colspan=\"2\">35.93 \u00b1 11.18 10.13 \u00b1 12.19</td></tr><tr><td/><td>IPL (Hejna &amp; Sadigh, 2024)</td><td>34.73 \u00b1 13.92</td><td colspan=\"3\">5.93 \u00b1 5.81 31.53 \u00b1 12.50 27.20 \u00b1 23.81</td><td>8.93 \u00b1 9.84</td><td>32.20 \u00b1 7.35</td><td colspan=\"2\">19.00 \u00b1 13.63 31.20 \u00b1 15.76</td></tr><tr><td/><td>SeqRank (Hwang et al., 2023)</td><td>17.6 \u00b1 11.94</td><td>13.2 \u00b1 12.72</td><td>65.6 \u00b1 12.84</td><td>83.4 \u00b1 9.76</td><td colspan=\"2\">1.73 \u00b1 1.98 25.67 \u00b1 11.02</td><td>99.53 \u00b1 0.36</td><td>95.67 \u00b1 4.04</td></tr><tr><td/><td>LiRE (ours)</td><td colspan=\"4\">67.20 \u00b1 18.97 51.53 \u00b1 18.48 79.07 \u00b1 10.96 77.53 \u00b1 10.50</td><td colspan=\"2\">79.13 \u00b1 15.19 49.13 \u00b1 15.85</td><td>99.40 \u00b1 1.65</td><td>95.67 \u00b1 6.26</td></tr><tr><td/><td>MR</td><td>9.27 \u00b1 5.30</td><td>17.07 \u00b1 9.56</td><td>59.07 \u00b1 7.57</td><td>90.80 \u00b1 9.74</td><td>0.60 \u00b1 1.87</td><td>26.07 \u00b1 8.57</td><td colspan=\"2\">96.47 \u00b1 4.02 50.87 \u00b1 10.89</td></tr><tr><td/><td>PT (Kim et al., 2022)</td><td>18.27 \u00b1 10.62</td><td>2.27 \u00b1 2.86</td><td colspan=\"2\">68.80 \u00b1 5.50 29.13 \u00b1 14.55</td><td>2.13 \u00b1 2.96</td><td>20.27 \u00b1 7.84</td><td colspan=\"2\">95.40 \u00b1 7.27 72.93 \u00b1 10.16</td></tr><tr><td/><td>OPRL (Shin et al., 2022)</td><td colspan=\"3\">11.00 \u00b1 7.84 15.07 \u00b1 11.19 51.33 \u00b1 10.08</td><td>85.53 \u00b1 5.43</td><td>0.33 \u00b1 0.75</td><td>28.27 \u00b1 6.40</td><td>99.20 \u00b1 1.42</td><td>53.20 \u00b1 6.67</td></tr><tr><td>1000</td><td>DPPO (An et al., 2023)</td><td>3.20 \u00b1 3.04</td><td colspan=\"2\">9.33 \u00b1 9.60 36.40 \u00b1 21.95</td><td>8.73 \u00b1 16.37</td><td>0.27 \u00b1 0.85</td><td>23.33 \u00b1 7.80</td><td>36.47 \u00b1 7.30</td><td>8.53 \u00b1 9.96</td></tr><tr><td/><td>IPL (Hejna &amp; Sadigh, 2024)</td><td>36.67 \u00b1 17.40</td><td colspan=\"3\">6.73 \u00b1 8.41 43.93 \u00b1 13.37 38.33 \u00b1 24.87</td><td>14.07 \u00b1 11.47</td><td>30.40 \u00b1 7.74</td><td colspan=\"2\">28.53 \u00b1 18.37 40.40 \u00b1 17.38</td></tr><tr><td/><td>SeqRank (Hwang et al., 2023)</td><td colspan=\"2\">13.93 \u00b1 8.11 46.60 \u00b112.53</td><td>70.67 \u00b1 7.58</td><td>74.93 \u00b122.35</td><td colspan=\"2\">2.47 \u00b12.67 29.33 \u00b1 11.59</td><td>98.6 \u00b1 3.92</td><td>95.47 \u00b1 3.86</td></tr><tr><td/><td>LiRE (ours)</td><td>83.07 \u00b1 6.38</td><td>89.13 \u00b1 6.02</td><td>76.93 \u00b1 7.55</td><td>75.87 \u00b1 6.81</td><td colspan=\"2\">81.47 \u00b1 10.04 57.73 \u00b1 13.11</td><td>99.73 \u00b1 0.85</td><td>99.47 \u00b1 1.15</td></tr></table>"}, "TABREF1": {"html": null, "type_str": "table", "num": null, "text": "Average success rates on medium-replay with 500 preference feedbacks. \u00b1 5.74 10.33 \u00b1 8.23 50.20 \u00b1 8.51 50.53 \u00b1 8.55 \u2713 exp(x) 12.87 \u00b1 7.86 22.73 \u00b1 10.40 65.87 \u00b1 9.46 57.87 \u00b1 11.28", "content": "<table><tr><td>RLT \u03d5(x)</td><td>button-press -topdown</td><td>box-close</td><td>dial-turn</td><td>lever-pull</td></tr><tr><td>\u2717 exp(x)</td><td>9.60</td><td/><td/><td/></tr></table>"}, "TABREF2": {"html": null, "type_str": "table", "num": null, "text": "Table 3 demonstrates that using the linear score function (bottom two rows) clearly", "content": "<table/>"}, "TABREF3": {"html": null, "type_str": "table", "num": null, "text": "Average success rates of LiRE when adjusting the Q budget. We use a total of 500 preference feedbacks.", "content": "<table><tr><td>Dataset</td><td>Q=1 (MR w/ linear)</td><td>Q=2</td><td>Q=10</td><td>Q=20</td><td>Q=50</td><td>Q=100</td><td>Q=500</td><td>SeqRank w/ linear</td></tr><tr><td>button-press-topdown</td><td>36.87 \u00b1 13.75</td><td colspan=\"6\">59.47 \u00b1 2.18 53.60 \u00b1 10.82 65.13 \u00b1 14.24 71.26 \u00b1 12.95 67.20 \u00b1 18.97 77.67 \u00b1 18.13</td><td>54.87 \u00b1 9.89</td></tr><tr><td>lever-pull</td><td>70.20 \u00b118.03</td><td colspan=\"2\">69.80 \u00b1 3.79 70.47 \u00b118.19</td><td>92.7 \u00b17.16</td><td>93.4 \u00b17.90</td><td>95.67 \u00b1 6.26</td><td>99.33 \u00b1 1.18</td><td>74.33 \u00b1 18.50</td></tr><tr><td colspan=\"4\">brings a significant performance improvement compared</td><td/><td/><td/><td/><td/></tr><tr><td colspan=\"4\">to the default exponential score function (first two rows).</td><td/><td/><td/><td/><td/></tr></table>"}, "TABREF4": {"html": null, "type_str": "table", "num": null, "text": "Comparison results between SeqRank and LiRE on Meta-World medium-replay dataset.", "content": "<table><tr><td># of feedbacks</td><td>Algorithm</td><td>Avg success rate</td><td># of groups in the list</td><td>Feedback efficiency</td><td>Sample diversity</td></tr><tr><td>500</td><td colspan=\"2\">SeqRank w/ linear 61.84 \u00b1 15.80 LiRE 74.83 \u00b1 12.23</td><td>2.3 \u00b1 0.09 9.3 \u00b1 1.83</td><td colspan=\"2\">2.20 \u00b1 0.78 11.33 \u00b1 3.39 0.474 \u00b1 0.069 1.002</td></tr><tr><td>1000</td><td colspan=\"2\">SeqRank w/ linear 67.49 \u00b1 13.56 LiRE 82.92 \u00b1 6.48</td><td>2.3 \u00b1 0.09 9.3 \u00b1 1.84</td><td colspan=\"2\">2.18 \u00b1 0.75 11.33 \u00b1 3.28 0.474 \u00b1 0.067 1.001</td></tr></table>"}, "TABREF5": {"html": null, "type_str": "table", "num": null, "text": "Average episode returns of MR, SeqRank, and LiRE on DMControl medium-replay dataset.", "content": "<table><tr><td colspan=\"2\">Algorithm</td><td colspan=\"3\">hopper-hop walker-walk humanoid-walk</td></tr><tr><td colspan=\"4\">IQL with GT rewards 157.95 \u00b1 9.64</td><td>839.6 \u00b1 36.57</td><td>250.9 \u00b1 11.62</td></tr><tr><td colspan=\"2\">MR w/ linear</td><td colspan=\"3\">53.96 \u00b1 24.42 677.38 \u00b1 88.14</td><td>84.35 \u00b1 23.23</td></tr><tr><td colspan=\"2\">SeqRank w/ linear</td><td colspan=\"3\">80.84 \u00b1 27.67 698.81 \u00b1 91.71</td><td>80.68 \u00b1 14.67</td></tr><tr><td colspan=\"2\">LiRE</td><td colspan=\"3\">99.14 \u00b1 12.28 822.27 \u00b1 50.83</td><td>104.08 \u00b1 17.45</td></tr><tr><td>0 20 40 60 80 100 Success rate (%)</td><td colspan=\"2\">sweep-into lever-pull button-press -topdown OPRL LiRE LiRE + OPRL</td><td>0 20 40 60 80 100 Success rate (%)</td><td>sweep-into lever-pull drawer-open PT LiRE LiRE + PT</td></tr><tr><td/><td colspan=\"2\">(a) LiRE with OPRL</td><td/><td>(b) LiRE with PT</td></tr></table>"}, "TABREF6": {"html": null, "type_str": "table", "num": null, "text": "Table7presents the results with real human preference feedback on the new button-press-topdown offline RL dataset, which is distinct from the dataset used in Table2. Namely, we collected 200 preference feedbacks from one of the authors for each of the three feedback collection methods: MR, SeqRank, and LiRE. For LiRE, we used the feedback budget of Q = 100, resulting in two RLTs. The results again indicate that LiRE dominates other baselines and gets stronger when the linear score function is used. We believe this result shows the potential of LiRE that it can be very Average success rates of a button-press-topdown task with 200 of real human feedbacks. \u00b1 8.85 40.93 \u00b1 10.72 78.27 \u00b1 6.59x 43.33 \u00b1 25.72 74.13 \u00b1 9.96 90.67 \u00b1 7.57", "content": "<table><tr><td>\u03d5(x)</td><td>MR</td><td>SeqRank</td><td>LiRE</td></tr><tr><td>exp(x)</td><td>38.00</td><td/><td/></tr></table>"}, "TABREF7": {"html": null, "type_str": "table", "num": null, "text": "Table 10 compares the performance of LiRE trained with listwise and pairwise losses. As shown in Table 10, training the reward model with pairwise loss is more stable and performs better in most cases, except for sweep and sweep-into tasks.", "content": "<table/>"}, "TABREF8": {"html": null, "type_str": "table", "num": null, "text": "Average success rates on medium-replay dataset when using the listwise loss for training the reward model.", "content": "<table><tr><td># of feedbacks</td><td>Algorithm</td><td>button-press -topdown</td><td>box-close</td><td>dial-turn</td><td>sweep</td><td>button-press -topdown-wall</td><td colspan=\"2\">sweep-into drawer-open</td><td>lever-pull</td></tr><tr><td>-</td><td>IQL with GT rewards</td><td>88.33 \u00b1 4.76</td><td>93.40 \u00b1 3.10</td><td>75.40 \u00b1 5.47</td><td>98.33 \u00b1 1.87</td><td>56.27 \u00b1 6.32</td><td>78.80 \u00b1 7.96</td><td>100.00 \u00b1 0.00</td><td>98.47 \u00b1 1.77</td></tr><tr><td>500</td><td>LiRE w/ listwise LiRE w/ pairwise</td><td colspan=\"4\">53.13 \u00b1 10.63 55.07 \u00b1 16.11 67.20 \u00b1 18.97 51.53 \u00b1 18.48 79.07 \u00b1 10.96 77.53 \u00b1 10.50 63.87 \u00b1 8.39 99.53 \u00b1 1.12</td><td colspan=\"2\">17.73 \u00b1 11.51 63.47 \u00b1 11.47 79.13 \u00b1 15.19 49.13 \u00b1 15.85</td><td colspan=\"2\">98.60 \u00b1 3.27 84.53 \u00b1 10.33 99.40 \u00b1 1.65 95.67 \u00b1 6.26</td></tr><tr><td>1000</td><td>LiRE w/ listwise LiRE w/ pairwise</td><td>55.73 \u00b1 8.57 83.07 \u00b1 6.38</td><td>68.07 \u00b1 9.06 89.13 \u00b1 6.02</td><td>68.20 \u00b1 9.37 76.93 \u00b1 7.55</td><td>99.07 \u00b1 1.44 75.87 \u00b1 6.81</td><td colspan=\"2\">23.93 \u00b1 7.31 62.60 \u00b1 12.21 81.47 \u00b1 10.04 57.73 \u00b1 13.11</td><td>99.40 \u00b1 2.08 99.73 \u00b1 0.85</td><td>83.80 \u00b1 7.97 99.47 \u00b1 1.15</td></tr></table>"}, "TABREF9": {"html": null, "type_str": "table", "num": null, "text": "Average success rates on Meta-World medium-replay dataset with increased epochs. There is a performance improvement when training with longer epochs. .5. Applying a Linear Score Function to Other Baselines Many existing studies utilize the exponential score function for PbRL using human feedback(Christiano et al., 2017; Lee  et al., 2021b). Nevertheless, numerous other score functions are also prevalent in the PbRL literature such as Table 1 in \u00b1 5.74 12.87 \u00b1 7.86 36.87 \u00b1 13.75 67.20 \u00b1 18.97 box-close 10.33 \u00b1 8.23 22.73 \u00b1 10.40 11.27 \u00b1 14.91 51.53 \u00b1 18.48 dial-turn 50.20 \u00b1 8.51 65.87 \u00b1 9.46 77.27 \u00b1 11.90 79.07 \u00b1 10.96 sweep 79.80 \u00b1 13.36 82.67 \u00b1 19.86 78.47 \u00b1 10.88 77.53 \u00b1 10.50 button-press-topdown-wall 0.13 \u00b1 0.50 1.33 \u00b1 2.15 8.27 \u00b1 8.64 79.13 \u00b1 15.19 sweep-into 24.80 \u00b1 5.28 24.87 \u00b1 8.39 49.73 \u00b1 13.52 49.13 \u00b1 15.85 drawer-open 98.07 \u00b1 3.20 98.67 \u00b1 1.89 97.20 \u00b1 5.88 99.40 \u00b1 1.65 lever-pull 50.53 \u00b1 8.55 57.87 \u00b1 11.28 70.20 \u00b1 18.03 95.67 \u00b1 6.26", "content": "<table><tr><td colspan=\"2\">Epochs Algorithm</td><td>button-press -topdown</td><td>box-close</td><td>dial-turn</td><td>sweep</td><td>button-press -topdown-wall</td><td colspan=\"2\">sweep-into drawer-open</td><td>lever-pull</td></tr><tr><td>-</td><td>IQL with GT rewards</td><td>88.33 \u00b1 4.76</td><td>93.40 \u00b1 3.10</td><td>75.40 \u00b1 5.47</td><td>98.33 \u00b1 1.87</td><td>56.27 \u00b1 6.32</td><td>78.80 \u00b1 7.96</td><td>100.00 \u00b1 0.00</td><td>98.47 \u00b1 1.77</td></tr><tr><td/><td>MR</td><td>9.60 \u00b1 5.74</td><td>10.33 \u00b1 8.23</td><td colspan=\"2\">50.20 \u00b1 8.51 79.80 \u00b1 13.36</td><td>0.13 \u00b1 0.50</td><td>24.80 \u00b1 5.28</td><td>98.07 \u00b1 3.20</td><td>50.53 \u00b1 8.55</td></tr><tr><td>300</td><td>LiRE w/ exp</td><td colspan=\"2\">12.87 \u00b1 7.86 22.73 \u00b1 10.40</td><td colspan=\"2\">65.87 \u00b1 9.46 82.67 \u00b1 19.86</td><td>1.33 \u00b1 2.15</td><td>24.87 \u00b1 8.39</td><td colspan=\"2\">98.67 \u00b1 1.89 57.87 \u00b1 11.28</td></tr><tr><td/><td>LiRE w/ linear</td><td colspan=\"4\">67.20 \u00b1 18.97 51.53 \u00b1 18.48 79.07 \u00b1 10.96 77.53 \u00b1 10.50</td><td colspan=\"2\">79.13 \u00b1 15.19 49.13 \u00b1 15.85</td><td>99.40 \u00b1 1.65</td><td>95.67 \u00b1 6.26</td></tr><tr><td/><td>MR</td><td colspan=\"2\">32.87 \u00b1 9.94 31.80 \u00b1 12.65</td><td>60.33 \u00b1 8.34</td><td>93.5 \u00b1 6.61</td><td>25.40 \u00b1 10.25</td><td>36.00 \u00b1 9.58</td><td>98.00 \u00b1 4.00</td><td>75.93 \u00b1 6.46</td></tr><tr><td>5000</td><td>LiRE w/ exp</td><td colspan=\"2\">68.33 \u00b1 16.33 83.13 \u00b1 10.36</td><td>77.53 \u00b1 6.25</td><td>91.87 \u00b1 7.02</td><td colspan=\"2\">36.80 \u00b1 14.17 59.53 \u00b1 14.99</td><td>99.93 \u00b1 0.36</td><td>79.47 \u00b1 8.61</td></tr><tr><td/><td>LiRE w/ linear</td><td>77.27 \u00b1 13.52</td><td>76.6 \u00b1 17.16</td><td>88.33 \u00b1 5.49</td><td>87.6 \u00b1 15.45</td><td colspan=\"2\">77.27 \u00b1 13.52 60.67 \u00b1 11.96</td><td>97.07 \u00b1 5.63</td><td>83.4 \u00b1 6.43</td></tr></table>"}}}}