{"paper_id": "samformer", "title": "SAMformer: Unlocking the Potential of Transformers in Time Series Forecasting with Sharpness-Aware Minimization and Channel-Wise Attention", "abstract": "Transformer-based architectures achieved breakthrough performance in natural language processing and computer vision, yet they remain inferior to simpler linear baselines in multivariate long-term forecasting. To better understand this phenomenon, we start by studying a toy linear forecasting problem for which we show that transformers are incapable of converging to their true solution despite their high expressive power. We further identify the attention of transformers as being responsible for this low generalization capacity. Building upon this insight, we propose a shallow lightweight transformer model that successfully escapes bad local minima when optimized with sharpness-aware optimization. We empirically demonstrate that this result extends to all commonly used realworld multivariate time series datasets. In particular, SAMformer surpasses current state-ofthe-art methods and is on par with the biggest foundation model MOIRAI while having significantly fewer parameters. The code is available at https://github.com/romilbert/samformer.", "pdf_parse": {"paper_id": "samformer", "abstract": [{"text": "Transformer-based architectures achieved breakthrough performance in natural language processing and computer vision, yet they remain inferior to simpler linear baselines in multivariate long-term forecasting. To better understand this phenomenon, we start by studying a toy linear forecasting problem for which we show that transformers are incapable of converging to their true solution despite their high expressive power. We further identify the attention of transformers as being responsible for this low generalization capacity. Building upon this insight, we propose a shallow lightweight transformer model that successfully escapes bad local minima when optimized with sharpness-aware optimization. We empirically demonstrate that this result extends to all commonly used realworld multivariate time series datasets. In particular, SAMformer surpasses current state-ofthe-art methods and is on par with the biggest foundation model MOIRAI while having significantly fewer parameters. The code is available at https://github.com/romilbert/samformer.", "section": "Abstract", "sec_num": null}], "body_text": [{"text": "Multivariate time series forecasting is a classical learning problem that consists of analyzing time series to predict future trends based on historical information. In particular, long-term forecasting is notoriously challenging due to feature correlations and long-term temporal dependencies in time series. This learning problem is prevalent in those real-world applications where observations are Oracle is the optimal solution, Transformer is a base transformer, \u03c3Reparam is a Transformer with weight rescaling (Zhai et al., 2023) and Transformer + SAM is Transformer trained with sharpness-aware minimization.", "section": "Introduction", "sec_num": "1."}, {"text": "Transformer overfits, \u03c3Reparam improves slightly but fails to reach Oracle while Transformer+SAM generalizes perfectly. This motivates SAMformer, a shallow transformer combining SAM and best practices in time series forecasting.", "section": "Introduction", "sec_num": "1."}, {"text": "gathered sequentially, such as medical data ( \u010cepulionis & Luko\u0161evi\u010di\u016bt\u0117, 2016) , electricity consumption (UCI, 2015) , temperatures (Max Planck Institute, 2021) , or stock prices (Sonkavde et al., 2023) . A plethora of methods have been developed for this task, from classical mathematical tools (Sorjamaa et al., 2007; Chen & Tao, 2021) and statistical approaches like ARIMA (Box & Jenkins, 1990; Box et al., 1974) to more recent deep learning ones (Casolaro et al., 2023) , including recurrent and convolutional neural networks (Rangapuram et al., 2018; Salinas et al., 2020; Fan et al., 2019; Lai et al., 2018a; Sen et al., 2019 Sen et al., ). vitskiy et al., 2021;; Caron et al., 2021; Touvron et al., 2021) , achieving breakthrough performance in both domains. Transformers are known to be particularly efficient in dealing with sequential data, a property that naturally calls for their application on time series. Unsurprisingly, many works attempted to propose time seriesspecific transformer architectures to benefit from their capacity to capture temporal interactions (Zhou et al., 2021; Wu et al., 2021; Zhou et al., 2022; Nie et al., 2023) . However, the current state-of-the-art in multivariate time series forecasting is achieved with a simpler MLP-based model (Chen et al., 2023) , which significantly outperforms transformer-based methods. Moreover, Zeng et al. (2023) have recently found that linear networks can be on par or better than transformers for the forecasting task, questioning their practical utility. This curious finding serves as a starting point for our work.", "section": "Introduction", "sec_num": "1."}, {"text": "Limitation of current approaches. Recent works applying transformers to time series data have mainly focused on either (i) efficient implementations reducing the quadratic cost of attention (Li et al., 2019; Liu et al., 2022; Cirstea et al., 2022; Kitaev et al., 2020; Zhou et al., 2021; Wu et al., 2021) or (ii) decomposing time series to better capture the underlying patterns in them (Wu et al., 2021; Zhou et al., 2022) . Surprisingly, none of these works have specifically addressed a well-known issue of transformers related to their training instability, particularly present in the absence of large-scale data (Liu et al., 2020; Dosovitskiy et al., 2021) .", "section": "Introduction", "sec_num": "1."}, {"text": "Trainability of transformers. In computer vision and NLP, it has been found that attention matrices can suffer from entropy or rank collapse (Dong et al., 2021) . Then, several approaches have been proposed to overcome these issues (Chen et al., 2022; Zhai et al., 2023) . However, in the case of time series forecasting, open questions remain about how transformer architectures can be trained effectively without a tendency to overfit. We aim to show that by eliminating training instability, transformers can excel in multivariate long-term forecasting, contrary to previous beliefs of their limitations.", "section": "Introduction", "sec_num": "1."}, {"text": "Summary of our contributions. Our proposal puts forward the following contributions:", "section": "Introduction", "sec_num": "1."}, {"text": "1. We show that even when the transformer architecture is tailored to solve a simple toy linear forecasting problem, it still generalizes poorly and converges to sharp local minima. We further identify that attention is mainly responsible for this phenomenon;", "section": "Introduction", "sec_num": "1."}, {"text": "2. We propose a shallow transformer model, termed SAMformer, that incorporates the best practices proposed in the research community including reversible instance normalization (RevIN, Kim et al. 2021b ) and channel-wise attention (Zhang et al., 2022; Zamir et al., 2022) recently introduced in computer vision community. We show that optimizing such a simple transformer with sharpness-aware minimization (SAM) allows convergence to local minima with better generalization;", "section": "Introduction", "sec_num": "1."}, {"text": "3. We empirically demonstrate the superiority of our approach on common multivariate long-term forecasting datasets. SAMformer surpasses current state-of-theart methods and is on par with the biggest foundation model MOIRAI while having significantly fewer parameters.", "section": "Introduction", "sec_num": "1."}, {"text": "Notations. We represent scalar values with regular letters (e.g., parameter \u03bb), vectors with bold lowercase letters (e.g., vector x), and matrices with bold capital letters (e.g., matrix M). We denote by M \u22a4 the transpose of M and likewise for vectors. The rank of a matrix M is denoted by rank(M), and its Frobenius norm by \u2225M\u2225 F . We let \u00f1 = min{n, m}, and denote by \u2225M\u2225 * = \u00f1 i=1 \u03c3 i (M) the nuclear norm of M with \u03c3 i (M) being its singular values, and by \u2225M\u2225 2 = \u03c3 max (M) its spectral norm. The identity matrix of size n \u00d7 n is denoted by I n . The notation M \u227d 0 indicates that M is positive semi-definite.", "section": "Proposed Approach", "sec_num": "2."}, {"text": "We consider the multivariate long-term forecasting framework: given a D-dimensional time series of length L (lookback window), arranged in a matrix X \u2208 R D\u00d7L to facilitate channel-wise attention, our objective is to predict its next H values (prediction horizon), denoted by Y \u2208 R D\u00d7H . We assume that we have access to a training set that consists of N observations (X , Y) = ({X (i) } N i=0 , {Y (i) } N i=0 ), and denote by X", "section": "Problem Setup", "sec_num": "2.1."}, {"text": "(i) d \u2208 R 1\u00d7L (respectively Y (i) d \u2208 R 1\u00d7H", "section": "Problem Setup", "sec_num": "2.1."}, {"text": ") the d-th feature of the i-th input (respectively target) time series. We aim to train a predictor f \u03c9 : R D\u00d7L \u2192 R D\u00d7H parameterized by \u03c9 that minimizes the mean squared error (MSE) on the training set:", "section": "Problem Setup", "sec_num": "2.1."}, {"text": "L train (\u03c9) = 1 N D N i=0 \u2225Y (i) -f \u03c9 (X (i) )\u2225 2 F .", "section": "Problem Setup", "sec_num": "2.1."}, {"text": "(1)", "section": "Problem Setup", "sec_num": "2.1."}, {"text": "Recently, Zeng et al. (2023) showed that transformers perform on par with, or are worse than, simple linear neural networks trained to directly project the input to the output. We use this observation as a starting point by considering the following generative model for our toy regression problem mimicking a time series forecasting setup considered later:", "section": "Motivational Example", "sec_num": "2.2."}, {"text": "EQUATION", "section": "Motivational Example", "sec_num": "2.2."}, {"text": "We let L = 512, H = 96, D = 7 and W toy \u2208 R L\u00d7H , \u03f5 \u2208 R D\u00d7H having random normal entries and generate 15000 input-target pairs (X, Y) (10000 for train and 5000 for validation), with X \u2208 R D\u00d7L having random normal entries.", "section": "Motivational Example", "sec_num": "2.2."}, {"text": "Given this generative model, we would like to develop a transformer architecture that can efficiently solve the problem in Eq. ( 2) without unnecessary complexity. To achieve this, we propose to simplify the usual transformer encoder by applying attention to X and incorporating a residual connection that adds X to the attention's output. Instead of adding a feedforward block on top of this residual connection, we directly employ a linear layer for output prediction. Formally, our model is defined as follows:", "section": "Motivational Example", "sec_num": "2.2."}, {"text": "EQUATION", "section": "Motivational Example", "sec_num": "2.2."}, {"text": "with", "section": "Motivational Example", "sec_num": "2.2."}, {"text": "W \u2208 R L\u00d7H , W V \u2208 R L\u00d7dm , W O \u2208 R dm\u00d7L and", "section": "Motivational Example", "sec_num": "2.2."}, {"text": "A(X) being the attention matrix of an input sequence X \u2208 R D\u00d7L defined as", "section": "Motivational Example", "sec_num": "2.2."}, {"text": "A(X) = softmax XW Q W \u22a4 K X \u22a4 \u221a d m \u2208 R D\u00d7D (4)", "section": "Motivational Example", "sec_num": "2.2."}, {"text": "where the softmax is row-wise,", "section": "Motivational Example", "sec_num": "2.2."}, {"text": "W Q \u2208 R L\u00d7dm , W K \u2208 R L\u00d7dm", "section": "Motivational Example", "sec_num": "2.2."}, {"text": ", and d m is the dimension of the model. The softmax makes A(X) right stochastic, with each row describing a probability distribution. To ease the notations, in contexts where it is unambiguous, we refer to the attention matrix simply as A, omitting X.", "section": "Motivational Example", "sec_num": "2.2."}, {"text": "We term this architecture Transformer and briefly comment on it. First, the attention matrix is applied channelwise, which simplifies the problem and reduces the risk of overparametrization, as the matrix W has the same shape as in Eq. ( 2) and the attention matrix becomes much smaller due to L > D. In addition, channel-wise attention is more relevant than temporal attention in this scenario, as data generation follows an i.i.d. process according to Eq. ( 2). We formally establish the identifiability of W toy by our model below. The proof is deferred to Appendix E.2.", "section": "Motivational Example", "sec_num": "2.2."}, {"text": "Proposition 2.1 (Existence of optimal solutions). Assume W Q , W K , W V and W O are fixed and let P =", "section": "Motivational Example", "sec_num": "2.2."}, {"text": "X + A(X)XW V W O \u2208 R D\u00d7L .", "section": "Motivational Example", "sec_num": "2.2."}, {"text": "Then, there exists a matrix W \u2208 R L\u00d7H such that PW = XW toy if, and only if, rank([P XW toy ]) = rank(P) where L+H) is a block matrix.", "section": "Motivational Example", "sec_num": "2.2."}, {"text": "[P XW toy ] \u2208 R D\u00d7(", "section": "Motivational Example", "sec_num": "2.2."}, {"text": "The assumption made above is verified if P is full rank and D < H, which is the case in this toy experiment.", "section": "Motivational Example", "sec_num": "2.2."}, {"text": "Consequently, the optimization problem of fitting a transformer on data generated with Eq. ( 2) theoretically admits infinitely many optimal classifiers W.", "section": "Motivational Example", "sec_num": "2.2."}, {"text": "We would now like to identify the role of attention in solving the problem from Eq. (3). To this end, we consider a model, termed Random Transformer, where only W is optimized, while self-attention weights W Q , W K , W V , W O are fixed during training and initialized following Glorot & Bengio (2010) . This effectively makes the considered transformer act like a linear model. Finally, we compare the local minima obtained by these two models after their optimization using Adam with the Oracle model that corresponds to the least squares solution of Eq. ( 2). We present the validation loss for both models in Figure 2 .", "section": "Motivational Example", "sec_num": "2.2."}, {"text": "A first surprising finding is that both transformers fail to recover W toy , highlighting that optimizing even such a simple architecture with a favorable design exhibits a strong lack of generalization. When fixing the self-attention matrices, the problem is alleviated to some extent, although Random Transformer remains suboptimal. This observation remains consistent across various optimizers (see Figure 15 in Appendix C) and values of learning rate, suggesting that this phenomenon is not attributable to suboptimal optimizer hyperparameters or the specific choice of the optimizer. As there is only a 2% increase in the number of parameters between the Random Transformer and the Transformer, it is not due to overfitting either. Hence, we deduce from Figure 1 that the poor generalization capabilities of Transformer are mostly due to the trainability issues of the attention module.", "section": "Motivational Example", "sec_num": "2.2."}, {"text": "Intuition. In the previous section, we concluded that the attention was at fault for the poor generalization of Transformer observed above. To develop our intuition behind this phenomenon, we plot in Figure 3a the atten-tion matrices at different epochs of training. We can see that the attention matrix is close to the identity matrix right after the very first epoch and barely changes afterward, especially with the softmax amplifying the differences in the matrix values. It shows the emergence of attention's entropy collapse with a full-rank attention matrix, which was identified in Zhai et al. (2023) as one of the reasons behind the hardness of training transformers. This work also establishes a relationship between entropy collapse and the sharpness of the transformers' loss landscape which we confirm in Figure 3b (a similar behavior is obtained on real data in Figure 5a . The Transformer converges to a sharper minimum than the Random Transformer while having a significantly lower entropy (the attention being fixed at initialization for the latter, its entropy remains constant along training). These pathological patterns suggest that the Transformer fails because of the entropy collapse and the sharpness of its training loss. In the next paragraph, we investigate the existing solutions in the literature to alleviate those issues.", "section": "Transformer's Loss Landscape", "sec_num": "2.3."}, {"text": "Existing solutions. Recent studies have demonstrated that the loss landscape of transformers is sharper compared to other residual architectures (Chen et al., 2022; Zhai et al., 2023) . This may explain training instability and subpar performance of transformers, especially when trained on small-scale datasets. The sharpness of transformers was observed and quantified differently: while Chen et al.", "section": "Transformer's Loss Landscape", "sec_num": "2.3."}, {"text": "(2022) computes \u03bb max , the largest eigenvalue of the loss function's Hessian, Zhai et al. (2023) gauges the entropy of the attention matrix to demonstrate its collapse with high sharpness. Both these metrics are evaluated, and their results are illustrated in Figure 3b . This visualization confirms our hypothesis, revealing both detrimental phenomena at once. On the one hand, the sharpness of the transformer with fixed attention is orders of magnitude lower than the sharpness of the transformer that converges to the identity attention matrix. On the other hand, the entropy of the transformer's attention matrix is dropping sharply along the epochs when compared to the initialization.", "section": "Transformer's Loss Landscape", "sec_num": "2.3."}, {"text": "To identify an appropriate solution allowing a better generalization performance and training stability, we explore both remedies proposed by Chen et al. (2022) and Zhai et al. (2023) . The first approach involves utilizing the recently proposed sharpness-aware minimization framework (Foret et al., 2021) which replaces the training objective L train of Eq. (1) by", "section": "Transformer's Loss Landscape", "sec_num": "2.3."}, {"text": "L SAM train (\u03c9) = max \u2225\u03f5\u2225<\u03c1 L train (\u03c9 + \u03f5) ,", "section": "Transformer's Loss Landscape", "sec_num": "2.3."}, {"text": "where \u03c1 > 0 is an hyper-parameter (see Remark D.1 of Appendix D), and \u03c9 are the parameters of the model. More details on SAM can be found in Appendix D.2. The second approach involves reparameterizing all weight matri-ces with spectral normalization and an additional learned scalar, a technique termed \u03c3Reparam by Zhai et al. (2023) .", "section": "Transformer's Loss Landscape", "sec_num": "2.3."}, {"text": "More formally, we replace each weight matrix W as follows", "section": "Transformer's Loss Landscape", "sec_num": "2.3."}, {"text": "EQUATION", "section": "Transformer's Loss Landscape", "sec_num": "2.3."}, {"text": "where \u03b3 \u2208 R is a learnable parameter initialized at 1.", "section": "Transformer's Loss Landscape", "sec_num": "2.3."}, {"text": "The results depicted in Figure 1 highlight our transformer's successful convergence to the desired solution. Surprisingly, this is only achieved with SAM, as \u03c3Reparam doesn't manage to approach the optimal performance despite maximizing the entropy of the attention matrix. In addition, one can observe in Figure 3b that the sharpness with SAM is several orders of magnitude lower than the Transformer while the entropy of the attention obtained with SAM remains close to that of a base Transformer with a slight increase in the later stages of the training. It suggests that entropy collapse as introduced in Zhai et al. ( 2023) is benign in this scenario.", "section": "Transformer's Loss Landscape", "sec_num": "2.3."}, {"text": "To better understand the failure of \u03c3Reparam, it can be useful to recall how Eq. ( 5) was derived. Zhai et al. (2023) departed from a tight lower bound on the attention entropy and showed that it increases exponentially fast when (Zhai et al., 2023 , see Theorem 3.1). Eq. ( 5) was proposed as a simple way to minimize this quantity. In the case of channel-wise attention, however, it can be shown that this has a detrimental effect on the rank of the attention matrix, which would consequently exclude certain features from being considered by the attention mechanism. We formalize this intuition in the following Proposition 2.2, where we consider the nuclear norm, a sum of the singular values, as a smooth proxy of the algebraic rank, which is a common practice (Daneshmand et al., 2020; Dong et al., 2021) . The proof is deferred to Appendix E.3. Proposition 2.2 (Upper bound on the nuclear norm). Let X \u2208 R D\u00d7L be an input sequence. Assuming", "section": "Transformer's Loss Landscape", "sec_num": "2.3."}, {"text": "\u2225W Q W \u22a4 K \u2225 2 is minimized", "section": "Transformer's Loss Landscape", "sec_num": "2.3."}, {"text": "W Q W \u22a4 K = W K W \u22a4 Q \u227d 0, we have \u2225XW Q W \u22a4 K X \u22a4 \u2225 * \u2264 \u2225W Q W \u22a4 K \u2225 2 \u2225X\u2225 2 F .", "section": "Transformer's Loss Landscape", "sec_num": "2.3."}, {"text": "Note that the assumption made above holds when W Q = W K and has been previously studied by Kim et al. (2021a) . The theorem confirms that employing \u03c3Reparam to decrease \u2225W Q W \u22a4 K \u2225 2 reduces the nuclear norm of the numerator of attention matrix defined by Eq. (4). While the direct link between matrix rank and this nuclear norm does not always hold, nuclear norm regularization is commonly used to encourage a low-rank structure in compressed sensing (Recht et al., 2010; Recht, 2011; Cand\u00e8s & Recht, 2012) . Although Proposition 2.2 cannot be directly applied to the attention matrix A(X), we point out that in the extreme case when \u03c3Reparam leads to the attention scores XW Q W \u22a4 K X \u22a4 to be rank-1 with identical rows as studied in (Anagnostidis et al., 2022) , that the attention matrix stays rank-1 after application of the row-wise softmax. Thus, \u03c3Reparam may induce a collapse of the attention rank that we empirically observe in terms of nuclear norm in Figure 7 . With these findings, we present a new simple transformer model with high performance and training stability for multivariate time series forecasting.", "section": "Transformer's Loss Landscape", "sec_num": "2.3."}, {"text": "The proposed SAMformer is based on Eq. (3) with two important modifications. First, we equip it with Reversible Instance Normalization (RevIN, Kim et al. (2021b) ) applied to X as this technique was shown to be efficient in handling the shift between the training and testing data in time series. Second, as suggested by our explorations above, we optimize the model with SAM to make it converge to flatter local minima. Overall, this gives the shallow transformer model with one encoder in Figure 4 . We highlight that SAMformer keeps the channel-wise attention represented by a matrix D \u00d7 D as in Eq. (3), contrary to spatial (or temporal) attention given by L\u00d7L matrix used in other models. This brings two important benefits: (i) it ensures feature permutation invariance, eliminating the need for positional encoding, commonly preceding the attention layer; (ii) it leads to a reduced time and memory complexity as D \u2264 L in most of the real-world datasets. Our channel-wise attention examines the average impact of each feature on the others throughout all timesteps. An ablation study, detailed in Appendix C.4, validates the effectiveness of this implementation. We are now ready to evaluate SAMformer on common multivariate time series forecasting benchmarks, demonstrating its superior t", "section": "SAMformer: Putting It All Together", "sec_num": "2.4."}, {"text": "In this section, we empirically demonstrate the quantitative and qualitative superiority of SAMformer in multivariate long-term time series forecasting on common benchmarks. We show that SAMformer surpasses the current multivariate state-of-the-art TSMixer (Chen et al., 2023) by 14.33% while having \u223c 4 times fewer parameters. All the implementation details are provided in Appendix A.1.", "section": "Experiments", "sec_num": "3."}, {"text": "Datasets. We conduct our experiments on 8 publicly available datasets of real-world multivariate time series, commonly used for long-term forecasting (Wu et al., 2021; Chen et al., 2023; Nie et al., 2023; Zeng et al., 2023) : the four Electricity Transformer Temperature datasets ETTh1, ETTh2, ETTm1 and ETTm2 (Zhou et al., 2021) , Electricity (UCI, 2015), Exchange (Lai et al., 2018b ), Traffic (California Department of Transportation, 2021) , and Weather (Max Planck Institute, 2021) datasets. All time series are segmented with input length L = 512, prediction horizons H \u2208 {96, 192, 336, 720}, and a stride of 1, meaning that each subsequent window is shifted by one step. A more detailed description of the datasets and time series preparation can be found in Appendix A.2.", "section": "Experiments", "sec_num": "3."}, {"text": "Baselines. We compare SAMformer with Transformer presented earlier and TSMixer (Chen et al., 2023) , a state-of-the-art multivariate baseline entirely built on MLPs. It should be noted that Chen et al. (2023) displayed the performance of TSMixer for a fixed seed while in Table 1 , we report the performance over several runs with different seeds, resulting in a more reliable evaluation. For a fair comparison, we also include the performance of TSMixer trained with Wu et al., 2021) . All the reported results are obtained using RevIN (Kim et al., 2021b) for a more equitable comparison between SAMformer and its competitors. More detailed information on these baselines can be found in Appendix A.3.", "section": "Experiments", "sec_num": "3."}, {"text": "Evaluation. All models are trained to minimize the MSE loss defined in Eq. ( 1). The average MSE on the test set, together with the standard deviation over 5 runs with different seeds is reported. Additional details and results, including the Mean Absolute Error (MAE), can be found in Table 6 of Appendix B.1. Except specified otherwise, all our results are also obtained over 5 runs with different seeds.", "section": "Experiments", "sec_num": "3."}, {"text": "SAMformer improves over state-of-the-art. The experimental results are detailed in ", "section": "Main Takeaways", "sec_num": "3.1."}, {"text": "Choices of implementation. We empirically compared our architecture, which is channel-wise attention (Eq. ( 3)), with temporal-wise attention. Table 9 of Appendix C.4 shows the superiority of our approach in the considered setting. We conducted our experiments with Adam (Kingma & Ba, 2015) , the de-facto optimizers for transformers (Ahn et al., 2023; Pan & Li, 2022; Zhou et al., 2022; 2021; Chen et al., 2022) . We provide an in-depth ablation study in Appendix C.3 that motivates this choice. As expected (Ahn et al., 2023; Liu et al., 2020; Pan & Li, 2022; Zhang et al., 2020) , SGD (Nesterov, 1983) fails to converge and AdamW (Loshchilov & Hutter, 2019) leads to similar performance but is very sensitive to the choice of the weight decay strength.", "section": "Ablation Study and Sensitivity Analysis", "sec_num": "3.4."}, {"text": "Sensitivity to the neighborhood size \u03c1. Appendix C.2 as a function of the neighborhood size \u03c1. It appears that TSMixer, with its quasi-linear architecture, exhibits less sensitivity to \u03c1 compared to SAMformer. This behavior is consistent with the understanding that, in linear models, the sharpness does not change with respect to \u03c1, given the constant nature of the loss function's Hessian. Consequently, TSMixer benefits less from changes in \u03c1 than SAMformer. Our observations consistently show that a sufficiently large \u03c1, generally above 0.7 enables SAMformer to achieve lower MSE than TSMixer.", "section": "Ablation Study and Sensitivity Analysis", "sec_num": "3.4."}, {"text": "SAM vs \u03c3Reparam. We mentioned previously that \u03c3Reparam doesn't improve the performance of a transformer on a simple toy example, although it makes it comparable to the performance of a transformer with fixed random attention. To further show that \u03c3Reparam doesn't provide an improvement on real-world datasets, we show in Figure 8a that on ETTh1 and Exchange, \u03c3Reparam alone fails to match SAMformer's improvements, even underperforming Transformer in some cases. A potential improvement may come from combining SAM and \u03c3Reparam to smooth a rather sparse matrix obtained with SAM. However, as Figure 8b illustrates, this combination does not surpass the performance of using SAM alone. Furthermore, combining SAM and \u03c3Reparam significantly increases training time and memory usage, especially for larger datasets and longer horizons (see Appendix Figure 11 ), indicating its inefficiency as a method.", "section": "Ablation Study and Sensitivity Analysis", "sec_num": "3.4."}, {"text": "In this work, we demonstrated how simple transformers can reclaim their place as state-of-the-art models in long-term multivariate series forecasting from their MLP-based competitors. Rather than concentrating on new architectures and attention mechanisms, we analyzed the current pitfalls of transformers in this task and addressed them by carefully designing an appropriate training strategy. Our find-ings suggest that even a simple shallow transformer has a very sharp loss landscape which makes it converge to poor local minima. We analyzed popular solutions proposed in the literature to address this issue and showed which of them work or fail. Our proposed SAMformer, optimized with sharpness-aware minimization, leads to a substantial performance gain compared to the existing forecasting baselines, including the current largest foundation model MOIRAI, and benefits from a high versatility and robustness across datasets and prediction horizons. Finally, we also showed that channel-wise attention in time series forecasting can be more efficient -both computationally and performance-wise -than temporal attention commonly used previously. We believe that this surprising finding may spur many further works building on top of our simple architecture to improve it even further.", "section": "Discussion and Future Work", "sec_num": "4."}, {"text": "for long sequence time-series forecasting. 1 from SAMformer, TSMixer, and Transformer come from our own experiments, conducted over 5 runs with 5 different seeds. The reader might notice that the results of TSMixer without SAM slightly differ from the ones reported in the original paper (Chen et al., 2023) . It comes from the fact that the authors reported results from a single seed, while we report average performance with standard deviation on multiple runs for a better comparison of methods. We perform a Student's t-test in Table 7 for a more thorough comparison of SAMformer and TSMixer with SAM. It should be noted that, unlike our competitors including TSMixer, the architecture of SAMformer remains the same for all the datasets. This highlights the robustness of our method and its advantage as no heavy hyperparameter tuning is required. For a fair comparison of models, we also report results from other baselines in the literature that we did not run ourselves. For Informer (Zhou et al., 2021), Autoformer (Wu et al., 2021), and Fedformer (Zhou et al., 2022) , the results on all datasets, except Exchange, are reported from Chen et al. (2023) . Results on the Exchange dataset for those 5 baselines come from the original corresponding papers and hence refer to the models without RevIN. For iTransformer (Liu et al., 2024) and PacthTST (Nie et al., 2023) , results are reported from Liu et al. (2024) . Those baselines also make use of RevIn (Kim et al., 2021b) . It should be noted that iTransformer (Liu et al., 2024) uses both temporal and channel-wise attention. Our large-scale experimental evaluation ensures a comprehensive and comparative analysis across various established models in multivariate long-term time series forecasting.", "section": "Discussion and Future Work", "sec_num": "4."}, {"text": "In this section, we provide additional experiments to showcase, quantitatively and qualitatively, the superiority of our approach.", "section": "B. Additional Experiments", "sec_num": null}, {"text": "In this section, we provide the performance comparison of the different baselines with the Mean Absolute Error (MAE). We display the results in Table 6 . The conclusion is similar to the one made in the main paper in Table 1 and confirms the superiority of SAMformer compared to its competitors, including very recent baselines like TSMixer (Chen et al., 2023) , iTransformer (Liu et al., 2024) and PatchTST (Nie et al., 2023) . ", "section": "B.1. MAE Results", "sec_num": null}, {"text": "In this section, we showcase the computational efficiency of our approach. We compare in Table 8 the number of parameters of SAMformer and TSMixer on the several benchmarks used in our experiments. We also display the ratio between the number of parameters of TSMixer and the number of parameters of SAMformer. Overall, SAMformer has \u223c 4 times fewer parameters than TSMixer while outperforming it by 14.33% on average.", "section": "B.3. Computational Efficiency of SAMformer", "sec_num": null}, {"text": "In this section, we demonstrate that SAMformer has a strong generalization capacity. In particular, Transformer heavily depends on the initialization, which might be due to bad local minima as its loss landscape is sharper than the one of SAMformer. We display in Figure 9 and Figure 10 the distribution of the test MSE on 5 runs on the datasets used in our experiments (Table 5 ) and various prediction horizons H \u2208 {96, 192, 336, 720}. We can see that SAMformer has strong and stable performance across the datasets and horizons, regardless of the seed. On the contrary, the performance Transformer is unstable with a large generalization gap depending on the seed.", "section": "B.4. Strong Generalization Regardless of the Initialization", "sec_num": null}, {"text": "In this section, we consider Transformer, SAMformer, \u03c3Reparam, which corresponds to Transformer with the rescaling proposed by Zhai et al. (2023) and SAMformer + \u03c3Reparam which is SAMformer with the rescaling proposed by Zhai et al. (2023) . We plot a batch of attention matrices after training with prediction horizon H = 96 (our primary study does not identify significant changes with the value of horizon) on Weather in Figure 12 . While Transformer tends to ignore the importance of a feature on itself by having low values on the diagonal, we can see in the bottom left of Figure 12 that SAMformer strongly encourages these feature-to-feature correlations. A very distinctive pattern is observable: a near-identity attention reminiscent of He et al. (2023) and Trockman & Kolter (2023) . The former showed that pretrained vision models present similar patterns and both identified the benefits of such attention matrices for the propagation of information along the layers of deep transformers in NLP and computer vision. While in our setting, we have a single-layer transformer, this figure indicates that at the end of the training, self-information from features to themselves is not lost. In contrast, we see that \u03c3Reparam leads to almost rank-1 matrices with identical columns. This confirms the theoretical insights from Theorem 2.2 that showed how rescaling the trainable weights with \u03c3Reparam to limit the magnitude of that naively combining SAMformer with \u03c3Reparam does not solve the issues: while some diagonal patterns remain, most of the information has been lost. Moreover, combining both \u03c3Reparam and SAMformer heavily increases the training time, as shown in Figure 11 . Figure 14 : Evolution of the test MSE with the neighborhood size \u03c1 of SAM (Remark D.1). We display the average test MSE with a 95% confidence interval. Overall, SAMformer has a smooth behavior with \u03c1, with a decreasing MSE and less variance. On the contrary, TSMixer is less stable and fluctuates more. On most of the datasets, the range of neighborhood seizes \u03c1 such that SAMformer is below TSMixer is large. The first value \u03c1 = 0 amounts to the usual minimization with Adam, which confirms that SAM always improves the performance of SAMformer. In addition, and despite its lightweight (Table 8 ), SAMformer achieves the lowest MSE on 7 out of 8 datasets, as shown in Table 1 and Table 7 . It should be noted that compared to similar studies in computer vision (Chen et al., 2022) , values of \u03c1 must be higher to effectively improve the generalization and flatten the loss landscapes.", "section": "B.5. Faithful Signal Propagation", "sec_num": null}, {"text": "\u2225W Q W \u22a4 K \u2225 2 could hamper the rank of XW Q W \u22a4 K X \u22a4", "section": "B.5. Faithful Signal Propagation", "sec_num": null}, {"text": "96", "section": "B.5. Faithful Signal Propagation", "sec_num": null}, {"text": "C.3. Sensitivity to the Change of the Optimizer.", "section": "B.5. Faithful Signal Propagation", "sec_num": null}, {"text": "In our work, we considered the Adam optimizer (Kingma & Ba, 2015) as it is the de-facto optimizer for transformer-based models (Ahn et al., 2023; Pan & Li, 2022; Zhou et al., 2022; 2021; Chen et al., 2022) . The superiority of Adam to optimize networks with attention has been empirically and theoretically studied, where recent works show that the SGD (Nesterov, 1983) was not suitable for attention-based models (Ahn et al., 2023; Liu et al., 2020; Pan & Li, 2022; Zhang et al., 2020) .", "section": "B.5. Faithful Signal Propagation", "sec_num": null}, {"text": "To ensure the thoroughness of our investigation, we conducted experiments on the synthetic dataset introduced in Eq. ( 2) and reported the results in Figure 15a . As expected, we see that using SGD leads to high-magnitude losses and divergence. We also conducted the same experiments with the AdamW (Loshchilov & Hutter, 2019 ) that incorporates the weight decay scheme in the adaptive optimizer Adam (Kingma & Ba, 2015) . We display the results obtained with weight decay factors wd = 1e-3 in Figure 15a and with wd \u2208 {1e-5, 1e-4} in Figure 15b . When wd = 1e-3, we observe that it does not converge. However, with wd \u2208 {1e-5, 1e-4}, we observe a similar behavior for Transformer than when it is trained with Adam (Figure 2 ). Hence, using AdamW does not lead to the significant benefits brought by SAM (Figure 1 . As the optimization is very sensitive to the value of weight decay wd, it motivates us to conduct our experiments with Adam. This ablation study contrasts two variants of our model to showcase the effectiveness of Sharpness-Aware Minimization (SAM) and our attention approach. Identity Attention represents SAMformer with an attention weight matrix constrained to identity, illustrating that SAM does not simply reduce the attention weight matrix to identity, as performance surpasses this configuration. Temporal Attention is compared to our Transformer without SAM, highlighting our focus on treating feature correlations in the attention mechanism rather than temporal correlations. and test sets for the forecasting task. The RevIN normalization scheme is now widespread in deep learning approaches for time series forecasting (Chen et al., 2023; Nie et al., 2023) . The RevIN normalization involves trainable parameters (\u03b2, \u03b3) \u2208 R K \u00d7R K and consists of two parts: a normalization step and a symmetric denormalization step. Before presenting them, we introduce for a given input time series X", "section": "B.5. Faithful Signal Propagation", "sec_num": null}, {"text": "(i) \u2208 X the empirical mean \u03bc[X (i) k ] and empirical standard deviation \u03c32 [X (i) k ] of its k-th feature X (i) k \u2208 R 1\u00d7L as follows: \uf8f1 \uf8f2 \uf8f3 \u03bc X (i) k = 1 L L t=1 X (i) kj \u03c32 X (i) k = 1 L L t=1 (X (i) kj -\u03bc[X (i) k ]) 2 . (6)", "section": "B.5. Faithful Signal Propagation", "sec_num": null}, {"text": "The first one acts on the input sequence X (i) and outputs the corresponding normalized sequence X(i) \u2208 R K\u00d7L such that for all k, t,", "section": "B.5. Faithful Signal Propagation", "sec_num": null}, {"text": "EQUATION", "section": "B.5. Faithful Signal Propagation", "sec_num": null}, {"text": "where \u03b5 > 0 is a small constant to avoid dividing by 0. The neural network's input is then X(i) , instead of X (i) . The second step is applied to the output of the neural network \u1ef8(i) , such that the final output considered for the forecasting is the denormalized sequence \u0176(i) \u2208 R K\u00d7H such that for all k, t,", "section": "B.5. Faithful Signal Propagation", "sec_num": null}, {"text": "EQUATION", "section": "B.5. Faithful Signal Propagation", "sec_num": null}, {"text": "As stated in Kim et al. (2021b) , \u03bc, \u03c32 , \u03b2 and \u03b3 contain the non-stationary information of the input sequences X (i) .", "section": "B.5. Faithful Signal Propagation", "sec_num": null}, {"text": "End-to-end closed form with linear model and RevIN. We consider a simple linear neural network. Formally, for any input sequence X \u2208 R D\u00d7L , the prediction of f lin : R D\u00d7L \u2192 R D\u00d7H simply writes", "section": "B.5. Faithful Signal Propagation", "sec_num": null}, {"text": "EQUATION", "section": "B.5. Faithful Signal Propagation", "sec_num": null}, {"text": "When combined with RevIN, the neural network f lin is not directly applied to the input sequence but after the first normalization step of RevIN (Eq. ( 7)). An interesting benefit of the simplicity of f lin is that it enables us to write its prediction in closed form, even when with RevIN. The proof is deferred to Appendix E.4.", "section": "B.5. Faithful Signal Propagation", "sec_num": null}, {"text": "Proposition D.1 (Closed-form formulation). For any input sequence X \u2208 R K\u00d7L , the output of the linear model", "section": "B.5. Faithful Signal Propagation", "sec_num": null}, {"text": "EQUATION", "section": "B.5. Faithful Signal Propagation", "sec_num": null}, {"text": "Proposition D.1 highlights the fact that the k-th variable of the outputs \u0176 only depends on k-th variable of the input sequence X. It leads to channel-independent forecasting, although we did not explicitly enforce it. (10) can be seen as a linear interpolation around the mean \u03bc with a regularization term on the network parameters W involving the nonstationary information \u03c32 , \u03b2, \u03b3. Moreover, the output sequence \u0176 can be written in a more compact and convenient matrix formulation as follows", "section": "B.5. Faithful Signal Propagation", "sec_num": null}, {"text": "EQUATION", "section": "B.5. Faithful Signal Propagation", "sec_num": null}, {"text": "where", "section": "B.5. Faithful Signal Propagation", "sec_num": null}, {"text": "\u03be (X,W,\u03b2,\u03b3) \u2208 R K\u00d7H with entry \u03bc[X k ] -\u03b2 k \u03b3 k \u03c32 [X k ] + \u03b5 1 - L j=1", "section": "B.5. Faithful Signal Propagation", "sec_num": null}, {"text": "W jt in the k-th row and t-th column. The proof is deferred to Appendix E.5. With this formulation, the predicted sequence can be seen as a sum of a linear term XW and a residual term \u03be (X,W,\u03b2,\u03b3) that takes into account the first and second moments of each variable X k , which is reminiscent of the linear regression model.", "section": "B.5. Faithful Signal Propagation", "sec_num": null}, {"text": "Regularizing with the sharpness. Standard approaches consider a parametric family of models f \u03c9 and aim to find parameters \u03c9 that minimize a training objective L train (\u03c9), used as a tractable proxy to the true generalization error L test (\u03c9). Most deep learning pipelines rely on first-order optimizers, e.g. SGD (Nesterov, 1983) or Adam (Kingma & Ba, 2015) , that disregard higher-order information such as the curvature, despite its connection to generalization (Dziugaite & Roy, 2017; Chaudhari et al., 2017; Keskar et al., 2017) . As L train is usually non-convex in \u03c9, with multiple local or global minima, solving min \u03c9 L train (\u03c9) may still lead to high generalization error L test (\u03c9). To alleviate this issue, Foret et al. (2021) propose to regularize the training objective with the sharpness, defined as follows ", "section": "D.2. Sharpness-aware minimization (SAM)", "sec_num": null}, {"text": "Gradient updates. As the exact solution to the inner maximization in Eq. ( 13) is hard to compute, the authors of (Foret et al., 2021) approximate it with the following first-order Taylor expansion ", "section": "D.2. Sharpness-aware minimization (SAM)", "sec_num": null}, {"text": "where the solution of ( 14) writes \u03b5(\u03c9) = \u03c1 \u2207Ltrain(\u03c9) \u2225\u2207Ltrain(\u03c9)\u22252 . It leads to the following gradient update", "section": "D.2. Sharpness-aware minimization (SAM)", "sec_num": null}, {"text": "\u03c9 t+1 = \u03c9 t -\u03b7\u2207L train \u03c9 t + \u03c1 \u2207L train (\u03c9) \u2225\u2207L train (\u03c9)\u2225 2 ,", "section": "D.2. Sharpness-aware minimization (SAM)", "sec_num": null}, {"text": "where \u03b7 is the learning rate.", "section": "D.2. Sharpness-aware minimization (SAM)", "sec_num": null}, {"text": "To ease the readability of the proofs, we recall the following notations. We denote scalar values by regular letters (e.g., parameter \u03bb), vectors by bold lowercase letters (e.g., vector x), and matrices by bold capital letters (e.g., matrix M).", "section": "E. Proofs E.1. Notations", "sec_num": null}, {"text": "For a matrix M \u2208 R n\u00d7m , we denote by M i its i-th row, by M \u2022,j its j-th column, by m ij its entries and by M \u22a4 its transpose. We denote the trace of a matrix M by Tr(M), its rank by rank(M) and its Frobenius norm by \u2225M\u2225 F . We denote \u03c3(M) := (\u03c3 1 (M), . . . , \u03c3 \u00f1(M)) the vector of singular values of M in non-decreasing order, with \u00f1 = min{n, m} and the specific notation \u03c3 min (M), \u03c3 max (M) for the minimum and maximum singular values, respectively. We denote by \u2225M\u2225 * = \u00f1 i=1 \u03c3 i (M) its nuclear norm and by \u2225M\u2225 2 = \u03c3 max (M) its spectral norm. When M is square with n = m, we denote \u03bb(M) := (\u03bb 1 (M), . . . , \u03bb n (M)) the vector of singular values of M in non-decreasing order and the specific notation \u03bb min (M), \u03bb max (M) for the minimum and maximum singular values, respectively. For a vector x, its transpose writes x \u22a4 and its usual Euclidean norm writes \u2225x\u2225. The identity matrix of size n \u00d7 n is denoted by I n . The vector of size n with each entry equal to 1 is denoted by 1 n . The notation M \u227d 0 indicates that M is positive semi-definite.", "section": "E. Proofs E.1. Notations", "sec_num": null}, {"text": "We first recall the following technical lemmas. Proof. Let F 1 := {Su|u \u2208 R m } \u2282 R n and F 2 := {(SB)u|u \u2208 R m } \u2282 R n be the vector spaces generated by the columns of S and SB respectively. By definition, the rank of a matrix is the dimension of the vector space generated by its columns (equivalently by its rows). We will show that F 1 and F 2 coincides. Let v \u2208 F 1 , i.e., there exists u \u2208 R m such that v = Su. As B is full rank, the operator x \u2192 Bx is bijective. It follows that there always exists some z \u2208 R m such that u = Bz. Then, we have v = Su = S(Bz) = (SB)z, which means that v \u2208 F 2 . As v was taken arbitrarily in F 1 , we have proved that F 1 \u2282 F 2 . Conversely, consider y \u2208 F 2 , i.e., we can write y = (SB)z for some z \u2208 R m . It can then be seen that y = (SB)z = S(Bz), which means that y \u2208 F 1 . Again, as y was taken arbitrarily, we have proved that F 1 \u2282 F 2 . In the end, we demonstrated that F 1 and F 2 coincide, hence they have the same dimension. By definition of the rank, S and SB have the same rank. Similar arguments can be used to show that S and BS have the same rank, which concludes the proof.", "section": "E.2. Proof of Proposition 2.1", "sec_num": null}, {"text": "The next lemma is a well-known result in matrix analysis and can be found in Horn & Johnson (1991, Theorem 4.4.5) . For the sake of self-consistency, we recall it below along with a sketch of the original proof.", "section": "E.2. Proof of Proposition 2.1", "sec_num": null}, {"text": "Lemma E.2. (see Horn & Johnson, 1991, Theorem 4.4.5, p. 281) ", "section": "E.2. Proof of Proposition 2.1", "sec_num": null}, {"text": "We would like to write the bij with respect to the p ij , b ij the elements of P, B, respectively. As P is orthogonal, we know that its columns (e i ) n i=0 form an orthonormal basis of R n . Hence, the entry (i, j) of \u039bP \u22a4 BP, writes as follows: Combining this last equality with Eq. ( 17) and Eq. ( 18) concludes the proof, i.e., ", "section": "E.2. Proof of Proposition 2.1", "sec_num": null}, {"text": "Lemma E.4 (Power of symmetric matrices). Let S \u2208 R n\u00d7n be symmetric. The spectral theorem ensures the existence of P \u2208 R n\u00d7n orthogonal, i.e., P \u22a4 P = PP \u22a4 = I n , and \u039b \u2208 R n\u00d7n diagonal with the eigenvalues of S as entries such that S = P\u039bP \u22a4 . For any integer n \u2265 1, we have", "section": "E.2. Proof of Proposition 2.1", "sec_num": null}, {"text": "S n = P\u039b n P \u22a4 .", "section": "E.2. Proof of Proposition 2.1", "sec_num": null}, {"text": "In particular, the eigenvalues of S n are equal to the eigenvalues of S to the power of n.", "section": "E.2. Proof of Proposition 2.1", "sec_num": null}, {"text": "Proof. Let n \u2265 1 be an integer. We have Proof. Let k \u2208 1, K and t \u2208 1, H . We have", "section": "E.2. Proof of Proposition 2.1", "sec_num": null}, {"text": "S n = P\u039bP \u22a4 n = P\u039bP \u22a4 \u00d7 P\u039bP \u22a4 \u00d7 \u2022 \u2022 \u2022 \u00d7 P\u039bP \u22a4 \u00d7", "section": "E.2. Proof of Proposition 2.1", "sec_num": null}, {"text": "\u0176kt = \u03c32 [X k ] + \u03b5 \u2022 \u1ef9kt -\u03b2 k \u03b3 k + \u03bc[X k ],", "section": "E.2. Proof of Proposition 2.1", "sec_num": null}, {"text": "(from (8))", "section": "E.2. Proof of Proposition 2.1", "sec_num": null}, {"text": "= \u03c32 [x k ] + \u03b5 \u2022 L j=1 Xkj W jt -\u03b2 k \u03b3 k + \u03bc[X k ], (from (9)) = \u03c32 [X k ] + \u03b5 \u03b3 k \u2022 L j=1 Xkj W jt - \u03b2 k \u03b3 k \u03c32 [X k ] + \u03b5 + \u03bc[X k ] = \u03c32 [X k ] + \u03b5 \u03b3 k \u2022 L j=1 \u03b3 k X kj -\u03bc[x k ] \u03c32 [X k ] + \u03b5 + \u03b2 k W jt - \u03b2 k \u03b3 k \u03c32 [x k ] + \u03b5 + \u03bc[X k ],", "section": "E.2. Proof of Proposition 2.1", "sec_num": null}, {"text": "(from ( 7))", "section": "E.2. Proof of Proposition 2.1", "sec_num": null}, {"text": "= L j=1 (X kj -\u03bc[X k ])W jt + \u03b2 k \u03b3 k \u03c32 [X k ] + \u03b5 \uf8eb \uf8ed L j=1 W jt -1 \uf8f6 \uf8f8 + \u03bc[X k ] = \u03bc[X k ] + L j=1 (X kj -\u03bc[X k ])W jt - \u03b2 k \u03b3 k \u03c32 [X k ] + \u03b5 \uf8eb \uf8ed 1 - L j=1 W jt \uf8f6 \uf8f8 .", "section": "E.2. Proof of Proposition 2.1", "sec_num": null}, {"text": "E.5. Matrix formulation of \u0176 in Eq. (11)", "section": "E.2. Proof of Proposition 2.1", "sec_num": null}, {"text": "Proof. Let k \u2208 1, K and t \u2208 1, H . From Proposition D.1, we have", "section": "E.2. Proof of Proposition 2.1", "sec_num": null}, {"text": "\u0176kt = \u03bc[X k ] + L j=1 (X kj -\u03bc[X k ])W jt - \u03b2 k \u03b3 k \u03c32 [X k ] + \u03b5 \uf8eb \uf8ed 1 - L j=1 W jt \uf8f6 \uf8f8 = L j=1 X kj W jt + \u03bc[X k ] - \u03b2 k \u03b3 k \u03c32 [X k ] + \u03b5 \u2022 \uf8eb \uf8ed 1 - L j=1 W jt \uf8f6 \uf8f8 .", "section": "E.2. Proof of Proposition 2.1", "sec_num": null}, {"text": "Gathering in matrix formulation concludes the proof.", "section": "E.2. Proof of Proposition 2.1", "sec_num": null}, {"text": "This paper presents work whose goal is to advance the field of Machine Learning. There are many potential societal consequences of our work, none of which we feel must be specifically highlighted here.", "section": "", "sec_num": null}], "back_matter": [{"text": "The authors would like to thank the machine learning community for providing open-source baselines and datasets. The authors thank the anonymous reviewers and metareviewers for their time and constructive feedback. This work was enabled thanks to open-source software such as Python (Van Rossum & Drake Jr, 1995) , PyTorch (Paszke et al., 2019) , TensorFlow (Abadi et al., 2015) , Scikitlearn (Pedregosa et al., 2011) and Matplotlib (Hunter, 2007) .", "section": "Acknowledgements", "sec_num": null}, {"text": "Roadmap. In this appendix, we provide the detailed experimental setup in Section A, additional experiments in Section B, and a thorough ablation study and sensitivity analysis in Section C. Additional background knowledge is available in Section D and proofs of the main theoretical results are provided in Section E. We display the corresponding table of contents below.", "section": "Appendix", "sec_num": null}, {"text": "A.1. Architecture and Training Parameters Architecture. We follow Chen et al. (2023) ; Nie et al. (2023) , and to ensure a fair comparison of baselines, we apply the reversible instance normalization (RevIN) of Kim et al. (2021b) (see Appendix D.1 for more details). The network used in SAMformer and Transformer is a simplified one-layer transformer with one head of attention and without feed-forward. Its neural network function follows Eq. (3), while RevIN normalization and denormalization are applied respectively before and after the neural network function, see Figure 4 . We display the inference step of SAMformer in great detail in Algorithm 1. For the sake of clarity, we describe the application of the neural network function sequentially on each element of the batches but in practice, the operations are parallelized and performed batch per batch. For SAMformer and Transformer, the dimension of the model is d m = 16 and remains the same in all our experiments. For TSMixer, we used the official implementation that can be found at here. Network trainable parameters:RevIN normalization: X \u2190 X following Eq. ( 7). The output is a tensor Bin of dimension bs \u00d7 L \u00d7 D. Transposition of the batch: Bin is reshaped in dimension bs \u00d7 D \u00d7 L. Applying the neural network of Eq. (3): for each X \u2208 Bin do 1. Attention layer Rescale the input with the attention matrix (Eq. ( 4)).The outputSum the input X and the output of the attention layer. The output", "section": "A. Experimental Setup", "sec_num": null}, {"text": "Apply a linear layer on the output of the skip connection.The output Training parameters. For all of our experiments, we train our baselines (SAMformer, Transformer, TSMixer with SAM, TSMixer without SAM) with the Adam optimizer (Kingma & Ba, 2015) , a batch size of 32, a cosine annealing scheduler (Loshchilov & Hutter, 2017 ) and the learning rates summarized in Table 3 . ", "section": "Linear layer", "sec_num": "3."}, {"text": "We conduct our experiments on 8 publicly available datasets of real-world time series, widely used for multivariate longterm forecasting (Wu et al., 2021; Chen et al., 2023; Nie et al., 2023) . The 4 Electricity Transformer Temperature datasets ", "section": "A.2. Datasets", "sec_num": null}, {"text": "C.1. Sensitivity to the Prediction Horizon H.In Figure 13 , we show that SAMformer outperforms its best competitor, TSMixer trained with SAM, on 7 out of 8 datasets for all values of prediction horizon H. This demonstrates the robustness of SAMformer.C.2. Sensitivity to the Neighborhood Size \u03c1.In Figure 14 , we display the evolution of test MSE of SAMformer and TSMixer with the values of neighborhood size \u03c1 for SAM. Overall, SAMformer has a smooth behavior with \u03c1, with a decreasing MSE and less variance. On the contrary, TSMixer is less stable and fluctuates more. On most of the datasets, the range of neighborhood seizes \u03c1 such that SAMformer is below TSMixer is large. The first value \u03c1 = 0 amounts to the usual minimization with Adam, which confirms that SAM always improves the performance of SAMformer. In addition, and despite its lightweight (Table 8 ), SAMformer achieves the lowest MSE on 7 out of 8 datasets, as shown in Table 1 and Table 7 . It should be noted that compared to similar studies in computer vision (Chen et al., 2022) , values of \u03c1 must be higher to effectively improve the generalization and flatten the loss landscapes. This follows from the high sharpness \u03bb max observed in time series forecasting (Figure 5a ) compared to computer vision models (Chen et al., 2022) .Using Lemma E.1 on the right-hand-side of Eq. ( 15), we obtainUsing SY -ZB = C concludes the proof for the first implication of the equivalence.To prove the opposite direction, the authors of Horn & Johnson (1991) assume that rank S C 0 B = rank S 0 0 B .Since two matrices have the same rank if, and only if, they are equivalent, we know that there exists Q \u2208 R (n+p)\u00d7(n+p) , U \u2208 R (m+q)\u00d7(m+q) non-singular such thatThe rest of the proof in Horn & Johnson (1991) is constructive and relies on Eq. ( 16) to exhibit Y \u2208 R m\u00d7q and Z \u2208 R n\u00d7p such that SY -ZB = C. This concludes the proof of the equivalence.We now proceed to the proof of Proposition 2.1.Proof. Applying Lemma E.2 with S = P, B = 0, C = XW toy and W in the role of Y ensures that there exists W \u2208 R L\u00d7H such that PW = XW toy if and only if rank([P XW toy ]) = rank(P), which concludes the proof.", "section": "C. Ablation Study and Sensitivity Analysis", "sec_num": null}, {"text": "We first prove the following technical lemmas. While these lemmas are commonly used and, for most of them, straightforward to prove, they are very useful to demonstrate Proposition 2.2. Lemma E.5 (Case of equality between eigenvalues and singular values). Let S \u2208 R n\u00d7n be symmetric and positive semi-definite. Then the i-th eigenvalue and the i-th singular value of S are equal, i.e., for all i \u2208 1, n , we have \u03bb i (S) = \u03c3 i (S).Proof. Let i \u2208 1, n . By definition of singular value, we haveLemma E.6. Let X \u2208 R D\u00d7L be an input sequence and S \u2208 R L\u00d7L be a positive semi-definite matrix. Then, XSX \u22a4 is positive semi-definite.Proof. It is clear that XSX \u22a4 \u2208 R L\u00d7L is symmetric. Let u \u2208 R L . We have:As u was arbitrarily chosen, we have proved that XSX \u22a4 is positive semi-definite.We now proceed to the proof of Theorem 2.2.Proof. We recall that W Q W \u22a4 K is symmetric and positive semi-definite, we have(cyclic property of the trace)Using the fact that X \u22a4 X is positive semi-definite (Lemma E.6 with S = I L ), and that W Q W \u22a4 K is symmetric, Lemma E.3 can be applied with M = W Q W \u22a4 K and B = X \u22a4 X. It leads to:2 by definition of the spectral norm \u2225\u2022\u2225 2 . Recalling that by definition, Tr X \u22a4 X = \u2225X\u2225 2 F concludes the proof, i.e.,", "section": "E.3. Proof of Proposition 2.2", "sec_num": null}], "ref_entries": {"FIGREF0": {"num": null, "fig_num": null, "text": "Proceedings of the 41 st International Conference on Machine Learning, Vienna, Austria. PMLR 235, 2024. Copyright 2024 by the author(s).", "type_str": "figure", "uris": null}, "FIGREF1": {"num": null, "fig_num": "1", "text": "Figure1: Illustration of our approach on synthetic data. Oracle is the optimal solution, Transformer is a base transformer, \u03c3Reparam is a Transformer with weight rescaling(Zhai et al., 2023) and Transformer + SAM is Transformer trained with sharpness-aware minimization.Transformer overfits, \u03c3Reparam improves slightly but fails to reach Oracle while Transformer+SAM generalizes perfectly. This motivates SAMformer, a shallow transformer combining SAM and best practices in time series forecasting.", "type_str": "figure", "uris": null}, "FIGREF2": {"num": null, "fig_num": "2", "text": "Figure 2: Poor generalization. Despite its simplicity, Transformer suffers from severe overfitting. Fixing the attention weights in Random Transformer improves the generalization, hinting at the role of attention in preventing convergence to optimal local minima.", "type_str": "figure", "uris": null}, "FIGREF3": {"num": null, "fig_num": null, "text": "Sharpness at the end of the training, Entropy collapse.", "type_str": "figure", "uris": null}, "FIGREF4": {"num": null, "fig_num": "3", "text": "Figure 3: Transformer's loss landscape analysis for linear regression. (a) The attention matrices of Transformer get stuck to identity from the first epoch. (b, left) Transformer converges to sharper minimum than Transformer+SAM with much larger \u03bb max (\u223c \u00d710 4 ), while Random Transformer has a smooth loss landscape. (b, right) Transformer suffers from entropy collapse during training confirming the high sharpness of its loss landscape.", "type_str": "figure", "uris": null}, "FIGREF5": {"num": null, "fig_num": null, "text": "Figure 4: SAMformer", "type_str": "figure", "uris": null}, "FIGREF6": {"num": null, "fig_num": null, "text": "Performance across runs of SAMformer and Transformer.", "type_str": "figure", "uris": null}, "FIGREF7": {"num": null, "fig_num": "5", "text": "Figure 5: (a) SAMformer has a smoother loss landscape than Transformer. (b) SAMformer consistently generalize well for every initialization while Transformer is unstable and heavily depends on the seed.", "type_str": "figure", "uris": null}, "FIGREF8": {"num": null, "fig_num": "8", "text": "Figure 8: Suboptimality of \u03c3Reparam. (a) \u03c3Reparam alone does not bring improvement on Transformer and is clearly outperformed by SAMformer. Combining \u03c3Reparam with SAMformer does not bring significant improvement but heavily increases the training time (see Figure 11).", "type_str": "figure", "uris": null}, "FIGREF9": {"num": null, "fig_num": "9", "text": "Figure 9: Test Mean Squared error on all datasets for a prediction horizon H \u2208 {96, 192} across five different seed values for Transformer and SAMformer. This plot reveals a significant variance for the Transformer, as opposed to the minimal variance of SAMformer, showing the high impact of weight initialization on Transformer and the high resilience of SAMformer.", "type_str": "figure", "uris": null}, "FIGREF10": {"num": null, "fig_num": "10", "text": "Figure 10: Test Mean Squared error on all datasets for a prediction horizon H \u2208 {336, 720} across five different seed values for Transformer and SAMformer. This plot reveals a significant variance for the Transformer, as opposed to the minimal variance of SAMformer, showing the high impact of weight initialization on Transformer and the high resilience of SAMformer.", "type_str": "figure", "uris": null}, "FIGREF11": {"num": null, "fig_num": null, "text": "AdamW with wd \u2208 {1e-5, 1e-4}.", "type_str": "figure", "uris": null}, "FIGREF12": {"num": null, "fig_num": "15", "text": "Figure 15: Illustration of different optimizers on synthetic data generated with Eq. (2) where Oracle is the least-square solution. We saw in Figure 1 that with Adam, Transformer overfits and has poor performance while SAMformer smoothly reaches the oracle. (a) We can see that using SGD and Adam with weight decay wd = 1e-5 leads to huge loss magnitudes and fails to converge. (b) With well-chosen weight decays (wd \u2208 {1e-3, 1e-4}), training Transformer with AdamW leads to similar performance than Adam. The overfitting is noticeable and the training is unstable. AdamW does not bring more stabilization and is very sensitive to the hyperparameters. Hence, this toy example motivates us to conduct our thorough experiments with the optimizer Adam. C.4. Ablation on the Implementation.", "type_str": "figure", "uris": null}, "FIGREF13": {"num": null, "fig_num": null, "text": "Definition D.2 (Sharpness, Foret et al. (2021)). For a given \u03c1 \u2265 0, the sharpness of L train at \u03c9 writes s(\u03c9, \u03c1) := max \u2225\u03f5\u22252\u2264\u03c1 L train (\u03c9 + \u03f5) -L train (\u03c9). (12) Remark D.1 (Interpretation of \u03c1). Instead of simply minimizing the training objective L train , SAM searches for parameters \u03c9 achieving both low training loss and low curvature in a ball B(\u03c9, \u03c1). The hyperparameter \u03c1 \u2265 0 corresponds to the size of the neighborhood on which the parameters search is done. In particular, taking \u03c1 = 0 is equivalent to the usual minimization of L train . In particular, SAM incorporates sharpness in the learning objective, resulting in the problem of minimizing w.r.t \u03c9 L SAM train (\u03c9) := max \u2225\u03f5\u22252\u2264\u03c1 L train (\u03c9 + \u03f5) =Ltrain(\u03c9)+s(\u03c9,\u03c1).", "type_str": "figure", "uris": null}, "FIGREF14": {"num": null, "fig_num": null, "text": "train (\u03c9) + \u03f5 \u22a4 \u2207L train (\u03c9) = arg max \u2225\u03f5\u22252\u2264\u03c1 \u03f5 \u22a4 \u2207L train (\u03c9) ,", "type_str": "figure", "uris": null}, "FIGREF15": {"num": null, "fig_num": null, "text": "Lemma E.1. Let S \u2208 R n\u00d7m and B \u2208 R m\u00d7m . If B has full rank, then rank(SB) = rank(BS) = rank(S).", "type_str": "figure", "uris": null}, "FIGREF16": {"num": null, "fig_num": null, "text": ". Let S \u2208 R n\u00d7m , B = R p\u00d7q and C \u2208 R n\u00d7q . There exists matrices Y \u2208 R m\u00d7q and Z \u2208 R n\u00d7p such that SY -ZB = C if, and only if, Assume that there exists Y \u2208 R m\u00d7q and Z \u2208 R n\u00d7p such that SY -ZB = C. Recall that the following equality holds S SY -", "type_str": "figure", "uris": null}, "FIGREF17": {"num": null, "fig_num": null, "text": "ki [Be j ] k = e \u22a4 i Be j \u2265 0. (B \u227d 0) Hence, as B is positive semi-definite, the bij are nonnegative. It follows that \u03bb min (S) the definition of B, the orthogonality of P and the cyclic property of the trace operation, we have i bii = Tr B = Tr P \u22a4 BP = Tr", "type_str": "figure", "uris": null}, "FIGREF18": {"num": null, "fig_num": null, "text": "min (S) Tr(B) \u2264 Tr(SB) \u2264 \u03bb max (S) Tr(B).", "type_str": "figure", "uris": null}, "FIGREF19": {"num": null, "fig_num": null, "text": "P\u039bP \u22a4 \u00d7n = P\u039b \u00d7 \u039bP \u22a4 . . . P\u039b \u00d7 \u039bP \u22a4 \u00d7n (orthogonality of P) = P \u039b \u00d7 \u039b \u00d7 \u2022 \u2022 \u2022 \u00d7 \u039b \u00d7 \u039b \u00d7n P \u22a4 (orthogonality of P) = P\u039b n P \u22a4 .The diagonality of \u039b suffices to deduct the remark on the eigenvalues of S n .E.4. Proof of Proposition D.1", "type_str": "figure", "uris": null}, "TABREF0": {"num": null, "html": null, "text": "Performance comparison between our model (SAMformer) and baselines for multivariate long-term forecasting with different horizons H. Results marked with \" \u2020 \" are obtained fromLiu et al. (2024) and those marked with \" * \" are obtained fromChen et al. (2023), along with the publication year of the respective methods. Transformer-based models are abbreviated by removing the \"former\" part of their name. We display the average test MSE with standard deviation obtained on 5 runs with different seeds. Best results are in bold, second best are underlined. approaches, benefiting from a shallow lightweight implementation, i.e., a single layer with one attention head. The number of parameters of SAMformer and TSMixer is detailed in Appendix Table8. We observe that, on average, SAMformer has \u223c 4 times fewer parameters than TSMixer, which makes this approach even more remarkable. Importantly, TSMixer itself is recognized as a computationally efficient architecture compared to the transformer-based baselines(Chen et al.,  2023, Table 6).", "type_str": "table", "content": "<table><tr><td>Transformer</td><td>Reparam</td><td>SAMformer</td></tr><tr><td/><td/><td>0.8</td></tr><tr><td/><td/><td>0.5</td></tr><tr><td/><td/><td>0.2</td></tr></table>"}, "TABREF1": {"num": null, "html": null, "text": "Comparison performance of SAMformer and MOIRAI (Woo et al., 2024) for multivariate long-term forecasting. We display the test MSE averaged over horizons {96, 192, 336, 720}. Best results are in bold, second best are underlined.", "type_str": "table", "content": "<table><tr><td>Dataset</td><td>Full-shot</td><td colspan=\"3\">Zero-shot (Woo et al., 2024).</td></tr><tr><td/><td colspan=\"4\">SAMformer MOIRAI Small MOIRAI Base MOIRAI Large</td></tr><tr><td>ETTh1</td><td>0.410</td><td>0.400</td><td>0.434</td><td>0.510</td></tr><tr><td>ETTh2</td><td>0.344</td><td>0.341</td><td>0.345</td><td>0.354</td></tr><tr><td>ETTm1</td><td>0.373</td><td>0.448</td><td>0.381</td><td>0.390</td></tr><tr><td>ETTm2</td><td>0.269</td><td>0.300</td><td>0.272</td><td>0.276</td></tr><tr><td>Electricity</td><td>0.181</td><td>0.233</td><td>0.188</td><td>0.188</td></tr><tr><td>Weather</td><td>0.260</td><td>0.242</td><td>0.238</td><td>0.259</td></tr><tr><td colspan=\"2\">Overall MSE improvement</td><td>6.9%</td><td>1.1%</td><td>7.6%</td></tr></table>"}, "TABREF2": {"num": null, "html": null, "text": "The test MSE of SAMformer and TSMixer is depicted in Figure14 of", "type_str": "table", "content": "<table><tr><td/><td/><td>ETTh1</td><td/><td/><td>Exchange</td><td/><td/><td>ETTh1</td><td/><td/><td>Exchange</td></tr><tr><td/><td>0.63</td><td/><td>1.46</td><td/><td/><td/><td>0.43</td><td/><td>1.0</td><td/><td/></tr><tr><td>Test MSE</td><td>0.51</td><td/><td>0.82</td><td/><td/><td>Test MSE</td><td>0.41</td><td/><td>0.59</td><td/><td/></tr><tr><td/><td>0.39</td><td/><td>0.19</td><td/><td/><td/><td>0.38</td><td/><td>0.18</td><td/><td/></tr><tr><td/><td>96</td><td>192 Prediction Horizon H 336</td><td>720</td><td>96</td><td>192 Prediction Horizon H 336</td><td>720</td><td>96</td><td>192 Prediction Horizon H 336</td><td>720</td><td>96</td><td>192 Prediction Horizon H 336</td><td>720</td></tr><tr><td/><td/><td>Reparam</td><td>Transformer</td><td/><td>SAMformer</td><td/><td/><td>SAMformer</td><td colspan=\"3\">SAMformer + Reparam</td></tr><tr><td colspan=\"7\">(a) Comparison of Transformer, \u03c3Reparam and SAMformer.</td><td/><td/><td/><td/><td/></tr></table>"}, "TABREF3": {"num": null, "html": null, "text": "In The Thirty-Fifth AAAI Conference on Artificial Intelligence, AAAI 2021, Virtual Conference, volume 35, pp. 11106-11115. AAAI Press, 2021.", "type_str": "table", "content": "<table><tr><td>Zhou, T., Ma, Z., Wen, Q., Wang, X., Sun, L., and Jin,</td></tr><tr><td>R. FEDformer: Frequency enhanced decomposed trans-</td></tr><tr><td>former for long-term series forecasting. In Proc. 39th</td></tr><tr><td>International Conference on Machine Learning (ICML</td></tr><tr><td>2022), 2022.</td></tr></table>"}, "TABREF4": {"num": null, "html": null, "text": "Architecture and Training Parameters . . . . . . . . . . . . . . . . . . . . . . . . . . . . . . . . . . . . 16 A.2 Datasets . . . . . . . . . . . . . . . . . . . . . . . . . . . . . . . . . . . . . . . . . . . . . . . . . . . . 16 A.3 More Details on the Baselines . . . . . . . . . . . . . . . . . . . . . . . . . . . . . . . . . . . . . . . . 17 Neighborhood size \u03c1 * at which SAMformer and TSMixer achieve their best performance on the benchmarks. Zhou et al., 2021) contain the time series collected by electricity transformers from July 2016 to July 2018. Whenever possible, we refer to this set of 4 datasets as ETT. Electricity (UCI, 2015) contains the time series of electricity consumption from 321 clients from 2012 to 2014. Exchange (Lai et al., 2018b) contains the time series of daily exchange rates between 8 countries from 1990 to 2016. Traffic (California Department of Transportation, 2021) contains the time series of road occupancy rates captured by 862 sensors from January 2015 to December 2016. Last but not least, Weather (Max Planck Institute, 2021) contains the time series of meteorological information recorded by 21 weather indicators in 2020. It should be noted that Electricity, Traffic, and Weather are large-scale datasets. The ETT datasets can be downloaded here while the 4 other datasets can be downloaded here. Table 5 sums up the characteristics of the datasets used in our experiments.", "type_str": "table", "content": "<table><tr><td>Table of Contents</td></tr><tr><td>A Experimental Setup</td></tr></table>"}, "TABREF5": {"num": null, "html": null, "text": "Characteristics of the multivariate time series datasets used in our experiments with various sizes and dimensions.", "type_str": "table", "content": "<table><tr><td>Dataset</td><td colspan=\"6\">ETTh1/ETTh2 ETTm1/ETTm2 Electricity Exchange Traffic Weather</td></tr><tr><td># features</td><td>7</td><td>7</td><td>321</td><td>8</td><td>862</td><td>21</td></tr><tr><td># time steps</td><td>17420</td><td>69680</td><td>26304</td><td colspan=\"3\">7588 17544 52696</td></tr><tr><td>Granularity</td><td>1 hour</td><td>15 minutes</td><td>1 hour</td><td colspan=\"3\">1 day 1 hour 10 minutes</td></tr></table>"}, "TABREF6": {"num": null, "html": null, "text": "Performance comparison between our model (SAMformer) and baselines for multivariate long-term forecasting with different horizons H. Results marked with \" \u2020 \" are obtained fromLiu et al. (2024) and those marked with \" * \" are obtained fromChen et al. (2023), along with the publication year of the respective methods. Transformer-based models are abbreviated by removing the \"former\" part of their name. We display the average test MAE with standard deviation obtained on 5 runs with different seeds. Best results are in bold, second best are underlined.", "type_str": "table", "content": "<table><tr><td/><td/><td colspan=\"2\">with SAM</td><td/><td/><td colspan=\"2\">without SAM</td><td/></tr><tr><td colspan=\"2\">Dataset H</td><td colspan=\"6\">SAMformer TSMixer Transformer TSMixer iTrans  \u2020 PatchTST  \u2020</td><td>In  *</td><td>Auto  *  FED  *</td></tr><tr><td/><td/><td>-</td><td>-</td><td>-</td><td>2023</td><td>2024</td><td>2023</td><td>2021</td><td>2021</td><td>2022</td></tr><tr><td>ETTh1</td><td colspan=\"3\">96 0.402 \u00b10.001 0.408 \u00b10.001 192 0.418 \u00b10.001 0.426 \u00b10.002 336 0.425 \u00b10.000 0.434 \u00b10.001 720 0.449 \u00b10.002 0.459 \u00b10.004</td><td>0.619 \u00b10.203 0.513 \u00b10.024 0.529 \u00b10.008 0.553 \u00b10.021</td><td>0.414 \u00b10.004 0.428 \u00b10.001 0.434 \u00b10.001 0.506 \u00b10.064</td><td>0.405 0.436 0.458 0.491</td><td>0.419 0.445 0.466 0.488</td><td>0.769 0.786 0.784 0.857</td><td>0.446 0.415 0.457 0.446 0.487 0.462 0.517 0.492</td></tr><tr><td>ETTh2</td><td colspan=\"3\">96 0.358 \u00b10.002 0.367 \u00b10.002 192 0.386 \u00b10.003 0.393 \u00b10.001 336 0.395 \u00b10.002 0.404 \u00b10.004 720 0.428 \u00b10.001 0.435 \u00b10.002</td><td>0.416 \u00b10.025 0.435 \u00b10.019 0.434 \u00b10.014 0.448 \u00b10.006</td><td>0.367 \u00b10.003 0.395 \u00b10.003 0.404 \u00b10.002 0.441 \u00b10.005</td><td>0.349 0.400 0.432 0.445</td><td>0.348 0.400 0.433 0.446</td><td>0.952 1.542 1.642 1.619</td><td>0.368 0.374 0.434 0.446 0.479 0.447 0.490 0.469</td></tr><tr><td>ETTm1</td><td colspan=\"3\">96 0.363 \u00b10.001 0.363 \u00b10.001 192 0.378 \u00b10.003 0.381 \u00b10.002 336 0.394 \u00b10.001 0.397 \u00b10.002 720 0.418 \u00b10.000 0.425 \u00b10.001</td><td>0.395 \u00b10.024 0.414 \u00b10.027 0.445 \u00b10.009 0.456 \u00b10.035</td><td>0.371 \u00b10.002 0.384 \u00b10.003 0.399 \u00b10.003 0.429 \u00b10.002</td><td>0.368 0.391 0.420 0.459</td><td>0.367 0.385 0.410 0.439</td><td>0.560 0.619 0.741 0.845</td><td>0.492 0.390 0.495 0.415 0.492 0.425 0.493 0.458</td></tr><tr><td>ETTm2</td><td colspan=\"3\">96 0.274 \u00b10.010 0.284 \u00b10.004 192 0.306 \u00b10.001 0.320 \u00b10.001 336 0.338 \u00b10.001 0.350 \u00b10.001 720 0.390 \u00b10.001 0.402 \u00b10.002</td><td>0.290 \u00b10.026 0.347 \u00b10.025 0.360 \u00b10.017 0.424 \u00b10.014</td><td>0.302 \u00b10.013 0.323 \u00b10.005 0.352 \u00b10.003 0.402 \u00b10.003</td><td>0.264 0.309 0.348 0.407</td><td>0.259 0.302 0.343 0.400</td><td>0.462 0.586 0.871 1.267</td><td>0.293 0.271 0.336 0.318 0.379 0.364 0.419 0.420</td></tr><tr><td>Electricity</td><td colspan=\"3\">96 0.252 \u00b10.002 0.273 \u00b10.001 192 0.263 \u00b10.001 0.292 \u00b10.011 336 0.277 \u00b10.000 0.297 \u00b10.007 720 0.306 \u00b10.000 0.321 \u00b10.006</td><td>0.288 \u00b10.013 0.304 \u00b10.033 0.315 \u00b10.018 0.330 \u00b10.014</td><td>0.277 \u00b10.003 0.304 \u00b10.027 0.317 \u00b10.018 0.333 \u00b10.015</td><td>----</td><td>----</td><td>0.393 0.417 0.422 0.427</td><td>0.313 0.302 0.324 0.311 0.327 0.328 0.342 0.344</td></tr><tr><td>Exchange</td><td colspan=\"3\">96 0.306 \u00b10.006 0.363 \u00b10.013 192 0.371 \u00b10.008 0.437 \u00b10.021 336 0.453 \u00b10.004 0.515 \u00b10.006 720 0.750 \u00b10.006 0.777 \u00b10.064</td><td>0.369 \u00b10.049 0.416 \u00b10.041 0.491 \u00b10.036 0.823 \u00b10.040</td><td colspan=\"2\">0.436 \u00b10.054 0.437 \u00b10.021 0.299 0.206 0.523 \u00b10.029 0.417 0.818 \u00b10.007 0.691</td><td>0.205 0.299 0.397 0.714</td><td>0.752 0.895 1.036 1.310</td><td>0.323 0.276 0.369 0.369 0.524 0.464 0.941 0.800</td></tr><tr><td>Traffic</td><td colspan=\"3\">96 0.292 \u00b10.001 0.300 \u00b10.020 192 0.294 \u00b10.005 0.317 \u00b10.012 336 0.292 \u00b10.000 0.299 \u00b10.000</td><td>0.306 \u00b10.033 0.321 \u00b10.034 0.348 \u00b10.093</td><td colspan=\"2\">0.300 \u00b10.020 0.268 0.419 \u00b10.218 0.276 0.501 \u00b10.163 0.283</td><td>0.295 0.296 0.304</td><td>0.410 0.435 0.434</td><td>0.371 0.359 0.382 0.380 0.387 0.375</td></tr><tr><td/><td colspan=\"3\">720 0.311 \u00b10.003 0.344 \u00b10.026</td><td>0.325 \u00b10.023</td><td colspan=\"2\">0.458 \u00b10.159 0.302</td><td>0.322</td><td>0.466</td><td>0.395 0.375</td></tr><tr><td>Weather</td><td colspan=\"3\">96 0.249 \u00b10.001 0.242 \u00b10.002 192 0.277 \u00b10.000 0.272 \u00b10.003 336 0.304 \u00b10.001 0.299 \u00b10.001 720 0.342 \u00b10.000 0.341 \u00b10.002</td><td>0.281 \u00b10.018 0.302 \u00b10.020 0.310 \u00b10.012 0.363 \u00b10.002</td><td colspan=\"2\">0.271 \u00b10.009 0.214 0.275 \u00b10.003 0.254 0.307 \u00b10.009 0.296 0.351 \u00b10.021 0.347</td><td>0.218 0.259 0.297 0.348</td><td>0.405 0.434 0.543 0.705</td><td>0.329 0.314 0.370 0.329 0.391 0.377 0.426 0.409</td></tr><tr><td colspan=\"3\">Overall MAE improvement</td><td>3.99%</td><td>11.63%</td><td>9.60%</td><td>2.05%</td><td>2.75%</td><td colspan=\"2\">53.00% 15.67% 9.93%</td></tr></table>"}, "TABREF7": {"num": null, "html": null, "text": "Significance test with Student's t-test and performance comparison between SAMformer and TSMixer trained with SAM across various datasets and prediction horizons. We display the average and standard deviation of the test MSE obtained on 5 runs (mean \u00b1std ). The performance of the best model is in bold when the improvement is statistically significant at the level 0.05 (p-value < 0.05). \u00b10.003 0.295 \u00b10.002 0.329 \u00b10.001 0.181 \u00b10.005 0.155 \u00b10.002 0.161 \u00b10.007 0.407 \u00b10.001 0.197 \u00b10.001 TSMixer 0.388 \u00b10.001 0.305 \u00b10.007 0.327 \u00b10.002 0.190 \u00b10.003 0.171 \u00b10.001 0.233 \u00b10.016 0.409 \u00b10.016 0.189 \u00b10.003 192 SAMformer 0.409 \u00b10.002 0.340 \u00b10.002 0.353 \u00b10.006 0.233 \u00b10.002 0.168 \u00b10.001 0.246 \u00b10.009 0.415 \u00b10.005 0.235 \u00b10.000 TSMixer 0.421 \u00b10.002 0.350 \u00b10.002 0.356 \u00b10.004 0.250 \u00b10.002 0.191 \u00b10.010 0.342 \u00b10.031 0.433 \u00b10.009 0.228 \u00b10.004 336 SAMformer 0.423 \u00b10.001 0.350 \u00b10.000 0.382 \u00b10.001 0.285 \u00b10.001 0.183 \u00b10.000 0.368 \u00b10.006 0.421 \u00b10.001 0.276 \u00b10.001 TSMixer 0.430 \u00b10.002 0.360 \u00b10.002 0.387 \u00b10.004 0.301 \u00b10.003 0.198 \u00b10.006 0.474 \u00b10.014 0.424 \u00b10.000 0.271 \u00b10.001 720 SAMformer 0.427 \u00b10.002 0.391 \u00b10.001 0.429 \u00b10.000 0.375 \u00b10.001 0.219 \u00b10.000 1.003 \u00b10.018 0.456 \u00b10.003 0.334 \u00b10.000 TSMixer 0.440 \u00b10.005 0.402 \u00b10.002 0.441 \u00b10.002 0.389 \u00b10.002 0.230 \u00b10.005 1.078 \u00b10.179 0.488 \u00b10.028 0.331 \u00b10.001", "type_str": "table", "content": "<table><tr><td>H</td><td>Model</td><td>ETTh1</td><td>ETTh2</td><td>ETTm1</td><td>ETTm2</td><td>Electricity</td><td>Exchange</td><td>Traffic</td><td>Weather</td></tr><tr><td>96</td><td colspan=\"2\">SAMformer 0.381</td><td/><td/><td/><td/><td/><td/><td/></tr></table>"}, "TABREF8": {"num": null, "html": null, "text": "Comparison of the number of parameters between SAMformer and TSMixer on the datasets described in Table5for prediction horizons H \u2208 {96, 192, 336, 720}. We also compute the ratio between the number of parameters of TSMixer and the number of parameters of SAMformer. A ratio of 10 means that TSMixer has 10 times more parameters than SAMformer. For each dataset, we display in the last cell of the corresponding row the ratio averaged over all the horizons H. The overall ratio over all datasets and horizons is displayed in bold in the bottom right-hand cell.", "type_str": "table", "content": "<table><tr><td>Dataset</td><td colspan=\"2\">H = 96</td><td colspan=\"2\">H = 192</td><td colspan=\"2\">H = 336</td><td colspan=\"2\">H = 720</td><td>Total</td></tr><tr><td/><td colspan=\"8\">SAMformer TSMixer SAMformer TSMixer SAMformer TSMixer SAMformer TSMixer</td><td/></tr><tr><td>ETT</td><td>50272</td><td>124142</td><td>99520</td><td>173390</td><td>173392</td><td>247262</td><td>369904</td><td>444254</td><td>-</td></tr><tr><td>Exchange</td><td>50272</td><td>349344</td><td>99520</td><td>398592</td><td>173392</td><td>472464</td><td>369904</td><td>669456</td><td>-</td></tr><tr><td>Weather</td><td>50272</td><td>121908</td><td>99520</td><td>171156</td><td>173392</td><td>245028</td><td>369904</td><td>442020</td><td>-</td></tr><tr><td>Electricity</td><td>50272</td><td>280676</td><td>99520</td><td>329924</td><td>173392</td><td>403796</td><td>369904</td><td>600788</td><td>-</td></tr><tr><td>Traffic</td><td>50272</td><td>793424</td><td>99520</td><td>842672</td><td>173392</td><td>916544</td><td>369904</td><td>1113536</td><td>-</td></tr><tr><td>Avg. Ratio</td><td>6.64</td><td/><td>3.85</td><td/><td>2.64</td><td/><td>1.77</td><td/><td>3.73</td></tr></table>"}, "TABREF10": {"num": null, "html": null, "text": "and of the attention matrix. Finally, we observe", "type_str": "table", "content": "<table><tr><td/><td/><td>ETTh1</td><td>ETTh2</td><td>ETTm1</td><td>ETTm2</td></tr><tr><td/><td/><td>0.62</td><td>0.43</td><td>0.5</td><td>0.34</td></tr><tr><td colspan=\"2\">Test MSE</td><td>0.51</td><td>0.38</td><td>0.43</td><td>0.31</td></tr><tr><td/><td/><td>Transformer SAMformer 0.4</td><td>Transformer SAMformer 0.34</td><td>Transformer SAMformer 0.36</td><td>Transformer SAMformer 0.28</td></tr><tr><td/><td/><td>Electricity</td><td>Exchange</td><td>Traffic</td><td>Weather</td></tr><tr><td/><td/><td>0.24</td><td>0.56</td><td>0.83</td><td>0.28</td></tr><tr><td colspan=\"2\">Test MSE</td><td>0.21</td><td>0.44</td><td>0.6</td><td>0.28</td></tr><tr><td/><td/><td>Transformer SAMformer 0.17</td><td>Transformer SAMformer 0.33</td><td>Transformer SAMformer 0.36</td><td>Transformer SAMformer 0.27</td></tr><tr><td/><td/><td/><td>Transformer</td><td>SAMformer</td></tr><tr><td/><td/><td>ETTh1</td><td colspan=\"2\">(a) Prediction horizon H = 336. ETTh2 ETTm1</td><td>ETTm2</td></tr><tr><td/><td colspan=\"2\">0.68</td><td>0.44</td><td>0.53</td><td>0.47</td></tr><tr><td>Test MSE</td><td colspan=\"2\">0.53</td><td>0.41</td><td>0.47</td><td>0.41</td></tr><tr><td/><td colspan=\"2\">Transformer SAMformer 0.39</td><td>Transformer SAMformer 0.38</td><td>Transformer SAMformer 0.41</td><td>Transformer SAMformer 0.36</td></tr><tr><td/><td/><td>Electricity</td><td>Exchange</td><td>Traffic</td><td>Weather</td></tr><tr><td/><td colspan=\"2\">0.27</td><td>1.77</td><td>0.51</td><td>0.36</td></tr><tr><td>Test MSE</td><td colspan=\"2\">0.24</td><td>1.32</td><td>0.48</td><td>0.34</td></tr><tr><td/><td colspan=\"2\">Transformer SAMformer 0.21</td><td>Transformer SAMformer 0.88</td><td>Transformer SAMformer 0.44</td><td>Transformer SAMformer 0.33</td></tr><tr><td/><td/><td/><td>Transformer</td><td>SAMformer</td></tr></table>"}, "TABREF11": {"num": null, "html": null, "text": "Evolution of the test MSE on all datasets for a prediction horizon H \u2208 {96, 192, 336, 720}. We display the average test MSE with a 95% confidence interval. We see that SAMformer consistently performs well with a low variance. Despite its lightweight (Table8), SAMformer surpasses TSMixer (trained with SAM) on 7 out of 8 datasets as shown in Table1 and Table 7.", "type_str": "table", "content": "<table><tr><td/><td/><td/><td/><td/><td>ETTh1</td><td/><td/><td>ETTh2</td><td/><td/><td colspan=\"2\">ETTm1</td><td/><td/><td>ETTm2</td></tr><tr><td/><td/><td/><td/><td>0.44</td><td/><td/><td>0.4</td><td/><td/><td>0.44</td><td/><td/><td>0.39</td><td/><td/></tr><tr><td/><td/><td/><td>Test MSE</td><td>0.41</td><td/><td/><td>0.35</td><td/><td/><td>0.38</td><td/><td/><td>0.28</td><td/><td/></tr><tr><td/><td/><td/><td/><td>0.38</td><td/><td/><td>0.3</td><td/><td/><td>0.33</td><td/><td/><td>0.18</td><td/><td/></tr><tr><td/><td/><td/><td/><td/><td colspan=\"2\">192 336 720</td><td colspan=\"3\">96 192 336 720</td><td/><td colspan=\"3\">96 192 336 720</td><td colspan=\"3\">96 192 336 720</td></tr><tr><td/><td/><td/><td/><td/><td>Electricity</td><td/><td/><td colspan=\"2\">Exchange</td><td/><td colspan=\"2\">Traffic</td><td/><td/><td>Weather</td></tr><tr><td/><td/><td/><td/><td>0.23</td><td/><td/><td>1.21</td><td/><td/><td>0.51</td><td/><td/><td>0.33</td><td/><td/></tr><tr><td/><td/><td/><td>Test MSE</td><td>0.19</td><td/><td/><td>0.7</td><td/><td/><td>0.45</td><td/><td/><td>0.26</td><td/><td/></tr><tr><td/><td/><td/><td/><td>0.16</td><td/><td/><td>0.18</td><td/><td/><td>0.4</td><td/><td/><td>0.19</td><td/><td/></tr><tr><td/><td/><td/><td/><td colspan=\"3\">96 192 336 720 Prediction Horizon H</td><td colspan=\"3\">96 192 336 720 Prediction Horizon H</td><td/><td colspan=\"3\">96 192 336 720 Prediction Horizon H</td><td colspan=\"3\">96 192 336 720 Prediction Horizon H</td></tr><tr><td/><td/><td/><td/><td/><td/><td/><td/><td colspan=\"2\">TSMixer</td><td/><td>SAMformer</td><td/><td/><td/><td/></tr><tr><td colspan=\"3\">0.45 0.53 Figure 13: 0.38 H=96 Test MSE</td><td>ETTh1</td><td>0.29 0.35 0.41</td><td>ETTh2</td><td>0.32 0.36 0.4</td><td>ETTm1</td><td>0.17 0.2 0.23</td><td>ETTm2</td><td>0.15 0.18 0.21</td><td>Electricity</td><td>0.16 0.43 0.69</td><td>Exchange</td><td>0.3 0.64 0.98</td><td>Traffic</td><td>0.17 0.22 0.28</td><td>Weather</td></tr><tr><td/><td/><td>0.57</td><td/><td>0.42</td><td/><td>0.43</td><td/><td>0.28</td><td/><td>0.26</td><td/><td>0.54</td><td/><td>1.01</td><td/><td>0.31</td></tr><tr><td>H=192</td><td>Test MSE</td><td>0.49</td><td/><td>0.38</td><td/><td>0.39</td><td/><td>0.26</td><td/><td>0.21</td><td/><td>0.4</td><td/><td>0.64</td><td/><td>0.26</td></tr><tr><td/><td/><td>0.41</td><td/><td>0.34</td><td/><td>0.35</td><td/><td>0.23</td><td/><td>0.16</td><td/><td>0.25</td><td/><td>0.27</td><td/><td>0.22</td></tr><tr><td/><td/><td>0.58</td><td/><td>0.41</td><td/><td>0.47</td><td/><td>0.33</td><td/><td>0.33</td><td/><td>0.56</td><td/><td>1.05</td><td/><td>0.31</td></tr><tr><td>H=336</td><td>Test MSE</td><td>0.5</td><td/><td>0.38</td><td/><td>0.43</td><td/><td>0.31</td><td/><td>0.25</td><td/><td>0.46</td><td/><td>0.71</td><td/><td>0.29</td></tr><tr><td/><td/><td>0.43</td><td/><td>0.35</td><td/><td>0.38</td><td/><td>0.28</td><td/><td>0.18</td><td/><td>0.36</td><td/><td>0.37</td><td/><td>0.26</td></tr><tr><td/><td/><td>0.63</td><td/><td>0.43</td><td/><td>0.5</td><td/><td>0.45</td><td/><td>0.3</td><td/><td>1.48</td><td/><td>1.46</td><td/><td>0.37</td></tr><tr><td>H=720</td><td>Test MSE</td><td>0.53</td><td/><td>0.41</td><td/><td>0.46</td><td/><td>0.41</td><td/><td>0.26</td><td/><td>1.21</td><td/><td>0.87</td><td/><td>0.35</td></tr><tr><td/><td/><td>0.43</td><td/><td>0.39</td><td/><td>0.41</td><td/><td>0.38</td><td/><td>0.22</td><td/><td>0.94</td><td/><td>0.27</td><td/><td>0.32</td></tr><tr><td/><td/><td colspan=\"3\">0 Neighbourhood Size 0.5 1</td><td>0 Neighbourhood Size 0.5 1</td><td colspan=\"2\">0 Neighbourhood Size 0.5 1</td><td colspan=\"2\">0 Neighbourhood Size 0.5 1</td><td/><td>0 Neighbourhood Size 0.5 1</td><td/><td colspan=\"2\">0 Neighbourhood Size 0.5 1</td><td>0 Neighbourhood Size 0.5 1</td><td>0 Neighbourhood Size 0.5 1</td></tr><tr><td/><td/><td/><td/><td/><td/><td/><td/><td/><td>TSMixer</td><td colspan=\"2\">SAMformer</td><td/><td/><td/><td/></tr></table>"}, "TABREF12": {"num": null, "html": null, "text": "The Temporal Attention model is benchmarked against our Transformer model, which employs feature-based attention rather than time-step-based attention. We report in the last column the Overall improvement in MSE and MAE of Transformer over the Temporal Attention. This comparison reveals that channel-wise attention, i.e., focusing on features pairwise correlations, significantly boosts the performance, with a 12.97% improvement in MSE and 18.09% in MAE across all considered datasets. \u00b10.009 0.401 \u00b10.011 0.542 \u00b10.063 0.330 \u00b10.034 0.291 \u00b10.025 0.684 \u00b10.218 0.933 \u00b10.188 0.225 \u00b10.005 12.97% 192 0.510 \u00b10.014 0.414 \u00b10.020 0.615 \u00b10.056 0.394 \u00b10.033 0.294 \u00b10.024 0.434 \u00b10.063 0.647 \u00b10.131 0.254 \u00b10.001 336 0.549 \u00b10.017 0.396 \u00b10.014 0.620 \u00b10.046 0.436 \u00b10.081 0.290 \u00b10.016 0.473 \u00b10.014 0.656 \u00b10.113 0.292 \u00b10.000 720 0.604 \u00b10.017 0.396 \u00b10.010 0.694 \u00b10.055 0.469 \u00b10.005 0.307 \u00b10.014 1.097 \u00b10.084 \u00b10.010 0.443 \u00b10.015 0.566 \u00b10.032 0.421 \u00b10.019 0.385 \u00b10.014 0.498 \u00b10.033 0.467 \u00b10.072 0.294 \u00b10.001 336 0.517 \u00b10.012 0.440 \u00b10.012 0.550 \u00b10.024 0.443 \u00b10.039 0.383 \u00b10.009 0.517 \u00b10.008 0.469 \u00b10.070 0.320 \u00b10.000 720 0.556 \u00b10.009 0.442 \u00b10.006 0.584 \u00b10.027 0.459 \u00b10.004 0.396 \u00b10.012 0.782 \u00b10.041", "type_str": "table", "content": "<table><tr><td colspan=\"3\">Model Metrics H</td><td>ETTh1</td><td>ETTh2</td><td>ETTm1</td><td>ETTm2</td><td>Electricity</td><td>Exchange</td><td>Traffic</td><td>Weather</td><td>Overall Improvement</td></tr><tr><td>Temporal Attention</td><td>MSE MAE</td><td colspan=\"9\">96 0.496 -96 0.488 \u00b10.007 0.434 \u00b10.006 0.525 \u00b10.040 0.393 \u00b10.020 0.386 \u00b10.014 0.589 \u00b10.096 0.598 \u00b10.072 0.277 \u00b10.004 0.346 \u00b10.000 192 0.492 -0.356 \u00b10.000</td><td>18.09%</td></tr><tr><td colspan=\"5\">D. Additional Background</td><td/><td/><td/><td/><td/></tr></table>"}, "TABREF13": {"num": null, "html": null, "text": "Identity Attention represents our SAMformer with the attention weight matrix constrained to an identity matrix. We report in the last column the Overall improvement in MSE and MAE of SAMformer over the Identity Attention. This setup demonstrates that naively fixing the attention matrix to the identity does not enable to match the performance of SAM, despite the near-identity attention matrices SAM showcases (see Appendix B.5 for more details). In particular, we observe an overall improvement of 11.93% in MSE and 4.18% in MAE across all the datasets. \u00b10.074 0.374 \u00b10.031 0.384 \u00b10.042 0.248 \u00b10.016 0.189 \u00b10.022 0.320 \u00b10.070 0.437 \u00b10.041 0.236 \u00b10.002 336 0.512 \u00b10.070 0.372 \u00b10.024 0.408 \u00b10.032 0.303 \u00b10.022 0.211 \u00b10.019 0.443 \u00b10.071 0.500 \u00b10.155 0.277 \u00b10.003 720 0.505 \u00b10.107 0.405 \u00b10.012 0.466 \u00b10.043 0.397 \u00b10.029 0.233 \u00b10.019 1.123 \u00b10.076 0.468 \u00b10.021 0.338 \u00b10.009 MAE 96 0.473 \u00b10.041 0.395 \u00b10.033 0.376 \u00b10.019 0.294 \u00b10.027 0.283 \u00b10.023 0.320 \u00b10.023 0.301 \u00b10.039 0.259 \u00b10.021 4.18% 192 0.463 \u00b10.055 0.413 \u00b10.022 0.399 \u00b10.030 0.321 \u00b10.012 0.291 \u00b10.029 0.418 \u00b10.043 0.314 \u00b10.042 0.278 \u00b10.002 336 0.490 \u00b10.049 0.413 \u00b10.015 0.411 \u00b10.019 0.354 \u00b10.018 0.309 \u00b10.021 0.498 \u00b10.041 0.350 \u00b10.106 0.305 \u00b10.003 720 0.496 \u00b10.066 0.438 \u00b10.008 0.444 \u00b10.030 0.406 \u00b10.017 0.322 \u00b10.021 0.788 \u00b10.021 0.325 \u00b10.023 0.347 \u00b10.009", "type_str": "table", "content": "<table><tr><td colspan=\"3\">Model Metrics H</td><td>ETTh1</td><td>ETTh2</td><td>ETTm1</td><td>ETTm2</td><td>Electricity</td><td>Exchange</td><td>Traffic</td><td>Weather</td><td>Overall Improvement</td></tr><tr><td>Identity Attention</td><td>MSE</td><td colspan=\"9\">96 0.477 \u00b10.059 0.346 \u00b10.055 0.345 \u00b10.027 0.201 \u00b10.035 0.175 \u00b10.015 0.179 \u00b10.031 0.416 \u00b10.037 0.206 \u00b10.019 192 0.467</td><td>11.93%</td></tr></table>"}}}}