{"paper_id": "SMM", "title": "Sample-specific Masks for Visual Reprogramming-based Prompting", "abstract": "Visual reprogramming (VR) is a prompting technique that aims to re-purpose a pre-trained model (e.g., a classifier on ImageNet) to target tasks (e.g., medical data prediction) by learning a small-scale pattern added into input images instead of tuning considerable parameters within the model. The location of the pattern within input samples is usually determined by a pre-defined mask shared across all samples. In this paper, we show that the shared mask potentially limits VR's generalization and increases its approximation error due to the lack of sample-level adaptation. Motivated by this finding, we design a new framework for VR called sample-specific multi-channel masks (SMM). Specifically, SMM employs a lightweight ConvNet and patch-wise interpolation to generate sample-specific three-channel masks instead of a shared and pre-defined mask. Since we generate different masks for individual samples, SMM is theoretically shown to reduce approximation error for the target tasks compared with existing state-of-the-art VR methods. We also empirically demonstrate its performance gain on both ResNet and ViT. The success of SMM further highlights the broader applicability of VR in leveraging the latent knowledge of pre-trained models for various target tasks. Our code is available at https: //github.com/tmlr-group/SMM.", "pdf_parse": {"paper_id": "SMM", "abstract": [{"text": "Visual reprogramming (VR) is a prompting technique that aims to re-purpose a pre-trained model (e.g., a classifier on ImageNet) to target tasks (e.g., medical data prediction) by learning a small-scale pattern added into input images instead of tuning considerable parameters within the model. The location of the pattern within input samples is usually determined by a pre-defined mask shared across all samples. In this paper, we show that the shared mask potentially limits VR's generalization and increases its approximation error due to the lack of sample-level adaptation. Motivated by this finding, we design a new framework for VR called sample-specific multi-channel masks (SMM). Specifically, SMM employs a lightweight ConvNet and patch-wise interpolation to generate sample-specific three-channel masks instead of a shared and pre-defined mask. Since we generate different masks for individual samples, SMM is theoretically shown to reduce approximation error for the target tasks compared with existing state-of-the-art VR methods. We also empirically demonstrate its performance gain on both ResNet and ViT. The success of SMM further highlights the broader applicability of VR in leveraging the latent knowledge of pre-trained models for various target tasks. Our code is available at https: //github.com/tmlr-group/SMM.", "section": "Abstract", "sec_num": null}], "body_text": [{"text": "Recent studies have shown that, by taking advantage of and re-purposing well-trained/pre-trained models, one can address new tasks (i.e., target tasks) without training a taskspecific model from scratch (Basu et al., 2023; Kossen et al., 2023; Mondal et al., 2023) . In visual tasks, due to the expensive training costs even just to finetune pre-trained models, visual reprogramming (VR) (Neekhara et al., 2022; Wang et al., 2022; Chen et al., 2023; Tsao et al., 2024) , or adversarial reprogramming (Elsayed et al., 2018; Tsai et al., 2020) , has been proposed to reuse pre-trained models on target tasks. Concretely, VR is a prompting method that fixes a pre-trained model and only alters the input space by adding some learnable patterns (usually some noise) to target images. The location of the patterns to be learned is usually determined by a pre-defined binary mask that is shared across all samples (Elsayed et al., 2018; Yang et al., 2021; Tsai et al., 2020; Bahng et al., 2022) . The key benefit of VR methods is that learning the pattern whose size is around the image size requires much less computing resource than finetuning considerable parameters within the model, posing VR as a promising research area in using pre-trained models (Chen et al., 2023; Tsao et al., 2024) .", "section": "Introduction", "sec_num": "1."}, {"text": "In this paper, we show that the shared mask often leads to poor generalization capability of VR, as demonstrated in Figures 1 and 2 . In both figures, we use a representative VR method, watermarking (Bahng et al., 2022) , to re-purpose an ImageNet-pretrained classifier to classify images in the Ox-fordPets datasets (Parkhi et al., 2012) . In Figure 1 , we first find that the optimal masks vary among individual images. We apply three kinds of masks (full, medium, and narrow) in watermarking. By observing the classification confidence on three cat images: Sphynx, Abyssinian, and Bengal, we see that the medium mask is the best for Sphynx, the full mask for Abyssinian, and the narrow mask for Bengal. This suggests that different masks are needed for individual images. In Figure 2 , we then find that watermarking with a single shared mask may cause the training loss of many individual samples to rise (see the red part in Figure 2 ). This phenomenon reveals that VR methods' learning capacity is much less than finetuning all parameters of the pre-trained model (see the blue part in Figure 2 ).", "section": "Introduction", "sec_num": "1."}, {"text": "The examples above show a significant disadvantage of using a single shared mask for VR. This motivates our new VR framework called sample-specific multi-channel masks (SMM). SMM replaces the fixed binary mask applied in existing works with generative three-channel masks that can vary across different samples (shown in Figure 3 ). SMM has two modules: a mask generator module and a patch-wise interpolation module. The mask generator is a lightweight convolutional neural network (CNN) that takes resized individual target-domain images (i.e., samples) as the input and outputs different masks for each sample. The last layer of the generator is designed to generate a threechannel mask, which allows better performance for both rich-color images (i.e., CIFAR10/100 (Krizhevsky, 2009) ) and monotonous-color images (i.e., SVHN (Yuval, 2011) ). Since the generated masks should be the same size as the pattern to be learned, when the size of masks is inconsistent with that of the pattern, the patch-wise interpolation module will be utilized to re-scale the generated masks to fit the pattern, facilitating the training process of the mask generator (detailed in Section 3).", "section": "Introduction", "sec_num": "1."}, {"text": "To understand why SMM is effective, we theoretically analyze the approximation error of different hypothesis sets for VR. Three hypothesis sets are considered: shared pattern with a pre-defined binary mask, sample-specific patterns without masks, and our SMM. We show that SMM has a smaller approximation error (Proposition 4.3), which confirms the effectiveness of SMM.", "section": "Introduction", "sec_num": "1."}, {"text": "To further substantiate the efficacy of SMM, we conduct empirical evaluations spanning 11 widely used datasets, incorporating ablation studies that discern the impact of individual SMM components. This is complemented by analysis and interpretations of the generated masks, alongside a comparative visualization of feature spaces. Notably, we demonstrate the effectiveness of SMM with both pretrained ResNet (He et al., 2016) and ViT (Dosovitskiy et al., 2020) (Table 1 and 2 ), validating that SMM is compatible with commonly used classifier architectures.", "section": "Introduction", "sec_num": "1."}, {"text": "Both the theoretical analysis and promising experimental results provide solid evidence that, when powered by SMM, VR can efficiently leverage knowledge within a welltrained/pre-trained model for various target tasks, shedding new light on the explanatory analysis of VR and opening avenues for future research.", "section": "Introduction", "sec_num": "1."}, {"text": "Model reprogramming (Chen, 2022 ) offers an efficient transfer learning paradigm for adapting pre-trained models to resource-constrained target tasks. This paradigm repurposes existing knowledge by strategically transforming inputs and outputs, bypassing extensive model parameter finetuning. In what follows, we will present a formal problem setting for model reprogramming.", "section": "Problem Setting of Model Reprogramming", "sec_num": "2.1."}, {"text": "Let D T represent the data distribution of a target task defined over X T \u00d7 Y T , where X T \u2286 R dT is the data space and Y T = {1, . . . , k T } is the label space, and let {(x T i , y ", "section": "Problem Setting of Model Reprogramming", "sec_num": "2.1."}, {"text": "EQUATION", "section": "Problem Setting of Model Reprogramming", "sec_num": "2.1."}, {"text": "where f in (.|\u03b8) : X T \u2192 X P , f out (.|Y P sub , \u03c9) : Y P sub \u2192 Y T are the input transformation and output label mapping function with parameters \u03b8 \u2208 \u0398 and \u03c9 \u2208 \u2126, Y P sub \u2286 Y P can be determined by different methods (Elsayed et al., 2018; Tsai et al., 2020; Chen et al., 2023) , and \u2113 : Y T \u00d7 Y T \u2192 R + \u222a {0} is a loss function. Reprogramming techniques have been widely applied in visual (Elsayed et al., 2018; Tsai et al., 2020) , text (Neekhara et al., 2018; Hambardzumyan et al., 2021) , speech (Yang et al., 2021; 2023; Yen et al., 2023) , music (Hung et al., 2023) , and cross-modal tasks (Neekhara et al., 2022) in the past few years.", "section": "Problem Setting of Model Reprogramming", "sec_num": "2.1."}, {"text": "In the context of visual tasks, reprogramming has demonstrated potential in bio-medical measurement (Tsai et al., 2020) , machine learning fairness (Zhang et al., 2022) , as well as out-of-distribution detection through watermarking (Wang et al., 2022) . Moving beyond application prospects, we next discuss the technical details of the specific input and output mapping functions (f in and f out ).", "section": "Problem Setting of Model Reprogramming", "sec_num": "2.1."}, {"text": "General prompting methods in visual tasks, predominantly applied to the ViT architecture (Dosovitskiy et al., 2020) , introduce extra parameters to a pre-trained model for enhanced training efficiency. Prompts are flexible in their placement. For example, visual prompt tuning (Jia et al., 2022) positions prompts alongside image embedding before the encoder layers, while effective and efficient visual prompt tuning (Han et al., 2023) extends this by incorporating parameters within self-attention layers as well. Transformer with hierarchical prompting (Wang et al., 2023 ) also learns prompt tokens to represent the coarse image classes.", "section": "Prompting and Input Visual Reprogramming", "sec_num": "2.2."}, {"text": "Meanwhile, prompting goes beyond vision foundation models to vision-language frameworks such as CLIP (Radford et al., 2021) . Methods like CoOP (Zhou et al., 2022b) and CoCoOP (Zhou et al., 2022a) replace textual prompts with learnable vectors for enhanced adaptability to the target task, conditioned on input images. MaPLe (Khattak et al., 2023) further bridges vision and language by learning layerspecific mapping functions. These methods vary from each other in terms of both prompt placements and functions.", "section": "Prompting and Input Visual Reprogramming", "sec_num": "2.2."}, {"text": "In contrast, VR provides a model-agnostic prompting technique, by adding trainable noise to the input image patterns before the forward propagation, without altering their visual essence. Originally proposed by Elsayed et al. (2018) , VR has been evolving to include padding-based methods (Tsai et al., 2020; Chen et al., 2023) and watermarking that facilitate downstream target tasks (Bahng et al., 2022) . AutoVP (Tsao et al., 2024) stands out with its scalable pre-padding images. A critical limitation in existing VR research is the use of shared noise patterns across all target samples, neglecting sample-level characteristics and compromising generalization. We propose SMM to manage this gap.", "section": "Prompting and Input Visual Reprogramming", "sec_num": "2.2."}, {"text": "Learning-based output mapping, i.e., model f out , as proposed by Chen et al. (2023) , can be simplified as a one-toone mapping from a subset of Y P to Y T . Therefore, no additional parameters are required. One implementation of this mapping is random label mapping (Rlm), where f out is a randomly assigned injective function (Elsayed et al., 2018; Chen et al., 2023) , formulated as", "section": "Output Mapping of Reprogramming", "sec_num": "2.3."}, {"text": "EQUATION", "section": "Output Mapping of Reprogramming", "sec_num": "2.3."}, {"text": "where rand({0, 1, ..., k T }) means randomly selecting one element from the set {0, 1, ..., k T }, and Y P sub is of the same size with Y T (i.e., k T ), randomly chosen from Y P prior to the minimization of Eq. (1). Note that, since f Rlm out is injective, it ensures f Rlm out (y 1 |Y P sub ) \u0338 = f Rlm out (y 2 |Y P sub ) for two distinct elements y 1 \u0338 = y 2 .", "section": "Output Mapping of Reprogramming", "sec_num": "2.3."}, {"text": "Other representative output-mapping methods determine Y P sub and f out for different target tasks. For example, one is based on the frequency of label assignment in the pre-trained model and the target data (Tsai et al., 2020) , called frequent label mapping (Flm). Chen et al. (2023) propose iterative label mapping (Ilm) that updates f out in each training iteration, reflecting changes in label mapping throughout the learning of f in . Detailed procedures and the pseudo-code of f Flm out and f Ilm out are in Appendix A.4.", "section": "Output Mapping of Reprogramming", "sec_num": "2.3."}, {"text": "We focus on f in , while treating f out as a non-parametric mapping, in line with Chen et al. (2023) . We thus limit our discussion of trainable parameters to \u03b8 \u2208 \u0398 in Eq. (1). A flowchart in Appendix A.1 provides an overview of the problem structure of Input VR.", "section": "Sample-specific Multi-channel Masks", "sec_num": "3."}, {"text": "To allow both shared parameters over the whole dataset and variability among individual samples, it is intuitive to Our method, on the other hand, takes a more dynamic and tailored approach. We resize each target image and apply a different three-channel mask accordingly, driven by a lightweight f mask with an interpolation up-scaling module, allowing for more variability in individual samples.", "section": "Framework of SMM", "sec_num": "3.1."}, {"text": "consider the following VR hypothesis:", "section": "Framework of SMM", "sec_num": "3.1."}, {"text": "EQUATION", "section": "Framework of SMM", "sec_num": "3.1."}, {"text": "where r : X T \u2192 R dP is the resizing function, typically implemented as bilinear interpolation upsampling (Wikipedia contributors, 2023) that scales image dimension from d T to d P , and r(x i ) \u2208 R dP is the resized image corresponding to x i . The mask generation function f mask : R dP \u2192 R dP , parameterized by \u03d5 \u2208 \u03a6, produces a mask indicating the noise placements for each image. We denote a trainable noise pattern added to the image by \u03b4 \u2208 R dP . The rationale for applying this hypothesis is elaborated in Proposition 4.3 and validated in ablation studies (cf. Table 3 ). This casts the training objective of our SMM framework (\u03b8 = {\u03d5, \u03b4}) to find the optimal \u03d5 * and \u03b4 * such that arg min", "section": "Framework of SMM", "sec_num": "3.1."}, {"text": "EQUATION", "section": "Framework of SMM", "sec_num": "3.1."}, {"text": "Note that \u03b4 is shared by all images in the dataset following Bahng et al. (2022) and Chen et al. (2023) , while f mask uniquely generates sample-specific multi-channel masks for each individual image, enabling sample-specific adaptation.", "section": "Framework of SMM", "sec_num": "3.1."}, {"text": "Figure 3 illustrates the workflow of SMM, as well as previous padding-based and resizing-based (i.e., watermarking) VR methods. Compared with previous works, SMM features f mask (\u2022|\u03d5), integrating a mask generator module and a patch-wise interpolation module. Concretely, SMM starts by resizing target images, followed by their processing through the mask generator to create corresponding threechannel masks. For generated masks smaller than the pattern size, the patch-wise interpolation module performs upsampling, which omits the derivation step in back-propagation and facilitates training. Afterward, the learnable pattern \u03b4 is multiplied with the mask on a pixel-wise basis and added to the image. The resulting image is fed into the fixed pretrained classifier. We discuss further details on the mask generator (Section 3.2), the patch-wise interpolation module (Section 3.3), and the overall learning strategy presented in Eq. (4) (Section 3.4).", "section": "Framework of SMM", "sec_num": "3.1."}, {"text": "The mask generator f mask is supposed to output a mask that has the same size as the input image while prioritizing different locations for \u03b4 to allow more variability. We employ a CNN as the mask generator. This choice stems from the proficiency of CNNs in mirroring localized visual perception (He et al., 2016) with fewer parameters than most deep learning structures, e.g., multilayer perceptrons.", "section": "Lightweight Mask Generator Module", "sec_num": "3.2."}, {"text": "The input of CNN is a resized image r(x i ). Applying our bespoke CNN architecture shown in Appendix A.2, the output will be a three-channel mask with dimensions H 2 l \u00d7 W 2 l , where H and W denote image height and width, respectively, and l denotes the number of pooling layers. The analysis of input/output sizes and parameter quantity statistics are in Appendix A.2.", "section": "Lightweight Mask Generator Module", "sec_num": "3.2."}, {"text": "The patch-wise interpolation module upscales CNNgenerated masks from H 2 l \u00d7 W 2 l back to the original size H \u00d7 W per channel (it is omitted when l = 0). Considering the inherent consistency in adjacent image areas and the benefits of concise operations for gradient calculations, we employ a grid of H 2 l \u00d7 W 2 l patches in the upsampling process, each sized 2 l \u00d7 2 l , ensuring the same values within each patch, with non-divisible cases mirroring the closest patches. Therefore, after obtaining the output of CNN, we Algorithm 1 Visual Reprogramming with SMM 1: Input: Pre-trained model f P , loss \u2113, label-mapping function f", "section": "Patch-wise Interpolation Module", "sec_num": "3.3."}, {"text": "(j) out for iteration j, target domain training data {(x i , y i )} n i=1 , maximum number of iterations E, learning rate \u03b1 1 for \u03b4 and \u03b1 2 for \u03d5 2: Output: Optimal \u03b4 * , \u03d5 * 3: Initialize \u03d5 randomly; set \u03b4 \u2190 {0} dP 4: for j = 1 to E do 5: # Step1: Compute individual marks using the mask generator # Step2: Resize masks using the patch-wise interpolation module", "section": "Patch-wise Interpolation Module", "sec_num": "3.3."}, {"text": "f in (x i ; \u03b4, \u03d5) \u2190 r(x i ) + \u03b4 \u2299 f mask (r(x i )|\u03d5), \u2200i = 1, 2, ..., n 6: # Compute the classification loss L(\u03b4, \u03d5) \u2190 1 n n i=1 \u2113(f (j) out (f P (f in (x i ; \u03b4, \u03d5))), y i ) 7: \u03b4 \u2190 \u03b4 -\u03b1 1 \u2207 \u03b4 L(\u03b4, \u03d5) 8: \u03d5 \u2190 \u03d5 -\u03b1 2 \u2207 \u03d5 L(\u03b4, \u03d5) 9:", "section": "Patch-wise Interpolation Module", "sec_num": "3.3."}, {"text": "end for enlarge each pixel to 2 l \u00d7 2 l pixels by padding the same value of a pixel to its surrounding areas within the patch.", "section": "Patch-wise Interpolation Module", "sec_num": "3.3."}, {"text": "Unlike traditional interpolation methods which may introduce complicated derivation computations, our module simplifies the training by directly assigning values. The advantage of patch-wise interpolation over traditional interpolation methods will be discussed in Appendix A.3. The effect of patch size 2 l will be discussed in Section 5.", "section": "Patch-wise Interpolation Module", "sec_num": "3.3."}, {"text": "The learning process for the shared noise pattern \u03b4 and the mask generator f mask is shown in Algorithm 1. The parameters \u03b4 and \u03d5 are iteratively updated in each epoch. To mitigate the impact of initialization, \u03b4 is set to be a zero matrix before training, noted as {0} dP .", "section": "Learning Strategy", "sec_num": "3.4."}, {"text": "Reprogramming for Classification", "section": "Understanding Masks in Visual", "sec_num": "4."}, {"text": "In this section, we will demonstrate that SMM enables stronger model learning capacity than previous representative VR methods, via showing reduced approximation error in the probably approximately correct (PAC) learning framework (Kearns & Vazirani, 1994) . We first present the definition of the approximation error in PAC learning.", "section": "Understanding Masks in Visual", "sec_num": "4."}, {"text": "Definition 4.1 (Approximation Error). Consider an input space X , a discrete label space Y, a random variable (X, Y ) whose distribution D is defined on X \u00d7 Y with a joint probability density function p(x, y), and a hypothesis space", "section": "Understanding Masks in Visual", "sec_num": "4."}, {"text": "EQUATION", "section": "Understanding Masks in Visual", "sec_num": "4."}, {"text": "where \u2113 : Y \u00d7 Y \u2192 R + \u222a {0} is a loss function, and R * D is the Bayes risk (Snapp & Xu, 1995) on D defined by", "section": "Understanding Masks in Visual", "sec_num": "4."}, {"text": "EQUATION", "section": "Understanding Masks in Visual", "sec_num": "4."}, {"text": "Here, Pr(y|x) is the posterior probability of class y conditioned on observing x, and p X (x) = y\u2208Y p(x, y) is the marginal distribution of X.", "section": "Understanding Masks in Visual", "sec_num": "4."}, {"text": "The approximation error of a hypothesis space F measures the closeness of the minimum achievable error by F to the theoretical minimum error on distribution D. In general, increasing the complexity of F tends to reduce the approximation error. In the following theorem, we show a connection between two approximation errors when hypothesis spaces exhibit a subset relation. Theorem 4.2. Given an input space X , a discrete label space Y, and a distribution D over X \u00d7 Y, if there are two hypothesis spaces", "section": "Understanding Masks in Visual", "sec_num": "4."}, {"text": "F 1 \u2286 {f : X \u2192 Y} and F 2 \u2286 {f : X \u2192 Y} satisfying that F 1 \u2286 F 2 , then we have Err apx D (F 1 ) \u2265 Err apx D (F 2 ).", "section": "Understanding Masks in Visual", "sec_num": "4."}, {"text": "Theorem 4.2 (proof in Appendix B.1) shows that understanding the subset relation between two hypothesis spaces is key to deriving their connections in their approximation errors. Next, we will define two hypothesis spaces: one induced by a shared mask and the other induced by SMM.", "section": "Understanding Masks in Visual", "sec_num": "4."}, {"text": "Hypothesis Space Induced by A Shared Mask. VR methods with a shared mask (Chen, 2022; Bahng et al., 2022) assume that, for each sample x i , the mask is a constant matrix M \u2208 {0, 1} dP . Thus, given a fixed pre-trained model f P and a fixed output mapping function f out (for simplicity, we use f \u2032 P to represent f out \u2022 f P in this section), the hypothesis space induced by a shared mask is", "section": "Understanding Masks in Visual", "sec_num": "4."}, {"text": "F shr (f \u2032 P ) = {f |f (x) = f \u2032 P (r(x) + M \u2299 \u03b4), \u2200x \u2208 X },", "section": "Understanding Masks in Visual", "sec_num": "4."}, {"text": "where \u03b4 \u2208 R dP . In padding-based reprogramming methods, M is a fixed mask determined by the location of the target image (Chen, 2022 ). The locations where x i is placedusually the center of r(x i ) -are denoted as {i : M i = 0}, which are excluded from further training. The rest of the locations, denoted by {i : M i = 1}, indicate trainable parameters \u03b4. In watermarking-based methods (Bahng et al., 2022) , x i is up-sampled to r(x i ), and {i : M i = 1} denotes effective locations of \u03b4 added to r(x i ).", "section": "Understanding Masks in Visual", "sec_num": "4."}, {"text": "Hypothesis Space Induced by SMM. Based on Eq. ( 4), we can obtain the hypothesis space used in SMM: ", "section": "Understanding Masks in Visual", "sec_num": "4."}, {"text": "F smm (f \u2032 P ) = {f |f (x) = f \u2032 P (r(x) + f mask (r(x)) \u2299 \u03b4), \u2200x \u2208 X }.", "section": "Understanding Masks in Visual", "sec_num": "4."}, {"text": "EQUATION", "section": "Understanding Masks in Visual", "sec_num": "4."}, {"text": "where", "section": "Understanding Masks in Visual", "sec_num": "4."}, {"text": "f \u2032 P = f out \u2022 f P , f mask used in F smm (f \u2032 P", "section": "Understanding Masks in Visual", "sec_num": "4."}, {"text": ") is a CNN demonstrated in Section 3.2, and D T denotes the distribution of the target task.", "section": "Understanding Masks in Visual", "sec_num": "4."}, {"text": "Proposition 4.3 (see its proof in Appendix B.2) shows that SMM achieves a lower approximation error than previous shared-mask VR methods.", "section": "Understanding Masks in Visual", "sec_num": "4."}, {"text": "Estimation Error Analysis of SMM. While a lower approximation error does not suffice to guarantee a lower excess risk, the model complexity added to F smm (f \u2032 P ) is manageable in this VR setting, since f mask introduces less than 0.2% extra parameters 1 relative to f \u2032 P . Such dominance of f \u2032 P suggests that the estimation error of F smm (f \u2032 P ) does not significantly exceed that of F shr (f \u2032 P ) and is unlikely to offset its advantage in approximation error. We also provide an empirical justification from the standpoint of over-fitting to show that the additional estimation error of F smm (f \u2032 P ) is negligible in Appendix D.3. By comparing the disparities in training and testing performance, we demonstrate that SMM does not increase the risk of model over-fitting, implying negligible estimation error.", "section": "Understanding Masks in Visual", "sec_num": "4."}, {"text": "1 See Table 4 for statistics on network sizes.", "section": "Understanding Masks in Visual", "sec_num": "4."}, {"text": "Excess Risk Analysis of SMM. According to excess risk decomposition2 , SMM is also expected to have a lower excess risk and, consequently, superior generalization capability compared to shared-mask VR methods.", "section": "Understanding Masks in Visual", "sec_num": "4."}, {"text": "Analysis Based on Sample-specific Patterns. Having built the concept of \"sample-specific\", we also investigate an alternative to the proposed SMM: directly learning a samplespecific pattern for each image without involving \u03b4. The hypothesis space in this context can be expressed by", "section": "Understanding Masks in Visual", "sec_num": "4."}, {"text": "F sp (f \u2032 P ) = {f |f (x) = f \u2032 P (r(x) + f mask (r(x))), \u2200x \u2208 X }.", "section": "Understanding Masks in Visual", "sec_num": "4."}, {"text": "It is easy to check that F sp (f \u2032 P ) \u2286 F smm (f \u2032 P ), implying that Err apx DT (F sp (f \u2032 P )) \u2265 Err apx DT (F smm (f \u2032 P )) (proof in Appendix B.3). Namely, SMM has a lower approximation error compared to directly learning a sample-specific pattern.", "section": "Understanding Masks in Visual", "sec_num": "4."}, {"text": "Pre-trained Models and Target Tasks. Following Chen et al. ( 2023), we use ResNet-18, and ResNet-50 (He et al., 2016) as the pre-trained model. Performance on pre-trained ViT-B32 (Dosovitskiy et al., 2020 ) is also tested. All these models are pre-trained on ImageNet-1K (Deng et al., 2009) , and target tasks include CIFAR10, CIFAR100 (Krizhevsky, 2009) , SVHN (Yuval, 2011) , GTSRB (Houben et al., 2013) , Flowers102 (Nilsback & Zisserman, 2008) , DTD (Cimpoi et al., 2014) , UCF101 (Soomro et al., 2012) , Food101 (Bossard et al., 2014) , EuroSAT (Helber et al., 2019) , Ox-fordPets (Parkhi et al., 2012) , SUN397 (Xiao et al., 2010) . Moreover, StanfordCars (Krause et al., 2013) , which is revealed to be unsuitable for VR, is also discussed in Appendix D.4. We follow Chen et al. (2023) to split the datasets. Detailed dataset information is included in Appendix C.", "section": "Experiments", "sec_num": "5."}, {"text": "Baselines. We compare our method with both paddingbased (Chen et al., 2023) and resizing-based methods (Bahng et al., 2022) , including: (1) Pad: centering the original image and adding the noise pattern around the images, (2) Narrow: adding a narrow padding binary mask with a width of 28 ( 18 of the input image size) to the noise pattern that covers the whole image (watermark), (3) Medium: adding a mask being a quarter of the size (the width is 56) of watermarks and (4) Full: full watermarks that cover the whole images following Wang et al. (2022) . To ensure that all the methods are fairly compared, in training the shared noise pattern, we apply the same learning rate and milestones following Chen et al. ( 2023), with 0.01 being the initial learning rate and 0.1 being the learning rate decay. Two hundred epochs are run in total, and the 100th and the 145th epochs are the milestones. The training details of the mask generator are included in Appendix C. Experiments are run with three seeds on a single A100 GPU and the averaged test accuracy is reported. Due to page limits, we report here only the results obtained with the output mapping f Ilm out . See Appendix D.1 for the results using f Rlm out and f Flm out . Results on ResNets. Table 1 reports the accuracy of ResNet-18 and ResNet-50 using VR methods with the baseline shared marks and our proposed SMM method. It can be observed that our SMM yields higher accuracy for both models on all datasets tested except for ResNet-18 on DTD. The advantage is more pronounced on the datasets where the target domains are more different from the original domain, such as SVHN, Flowers102, and EuroSAT. On SVHN, 6.1% and 3.1% improvements have been witnessed for ResNet-18 and ResNet-50, respectively, while over 10% improvement is observed on the Flowers102. On DTD, the padding-based method has better results for ResNet-18. This is likely to be due to the noisy watermarks adversely impacting the texture that needs to be classified, leading to the disadvantages of resizing-based methods. Even in this challenging setting, our SMM method leads to higher accuracy when applied on the larger pre-trained model ResNet-50.", "section": "Experiments", "sec_num": "5."}, {"text": "Results on ViT. Recall that input reprogramming can be applied to diverse pre-trained classifiers, we next turn our focus on ViT. Detailed in Table 2 , our comparative study with baselines reveals substantial performance gains in datasets like Flowers102 (21.8%), Food101 (15.4%), and SUN397 (7.3%). These results suggest that SMM may yield even higher performance gains for larger pre-trained models. Exceptions do exist, like on EuroSAT, where all resizingbased methods show marginal under-performance, possibly a result of over-fitting on relatively simpler datasets. On UCF101, our SMM initially lags behind other strategies like narrow or medium masking but, after choosing appropriate learning rate parameters (See Appendix C), could achieve a leading 49.9% accuracy. Overall, the experiments above show the applicability of SMM over different pre-trained Impact of Masking. We first investigate the impact of different masking strategies. We take three variants against the proposed SMM into comparison: (i) Shared-pattern VR f in (x i ) = r(x i ) + \u03b4, with M being an all-one matrix equal to the image dimension for maximal flexibility in \u03b4. It defaults to the \"full watermarks\" baseline without using f mask . (ii) Sample-specific pattern without masking", "section": "Experiments", "sec_num": "5."}, {"text": "f in (x i ) = r(x i ) + f mask (r(x i )). (iii) Single-channel ver- sion of SMM f in (x i ) = r(x i )+\u03b4\u2299f s mask (r(x i ))", "section": "Experiments", "sec_num": "5."}, {"text": ", averaging the penultimate-layer output of the mask generator. These variants refer to the first three columns of Table 3 , respectively. They help evaluate the impact of sample specificity, masking, and multiple channels introduced by SMM in the context of input VR.", "section": "Experiments", "sec_num": "5."}, {"text": "As shown in Table 3 , SMM consistently stands out as the best performer on all datasets. A key observation is that only keeping shared pattern \u03b4 reduces VR effectiveness in featurerich datasets (e.g., CIFAR10, Flowers102, and UCF101). Besides, using only f mask without \u03b4, leads to suboptimal performance on datasets with enough training data per class, including CIFAR10, SVHN, GTSRB, and SUN397. Moreover, the single-channel method is less effective, especially on datasets where images have fewer varying color palettes (e.g., GTSRB and Flowers102). Overall, we find that the shared noise in SMM boosts model performance if sufficient training data is provided, whereas the sample-specific f mask enables specificity for classification tasks demanding detailed feature discrimination. Lastly, the multi-channel allows for adjusting to channel-specific priorities.", "section": "Experiments", "sec_num": "5."}, {"text": "Impact of Patch Size. As an important hyperparameter in SMM, number of Max-Pooling layers, l, can vary, which means different patch sizes 2 l . Since the 5-layer mask generator neural network has at most 4 Max-Pooling layers, we examine the impact of patch sizes in {2 0 , 2 1 , 2 2 , 2 3 , 2 4 }. Results are shown in Figure 4 . As the patch size increases, the accuracy of the SMM increases first, followed by a plateau or decline. This suggests that overly small patches may cause over-fitting, while overly large patch sizes could result in a loss of details in SMM. We thus have set the patch size to be 8 across all datasets.", "section": "Experiments", "sec_num": "5."}, {"text": "Visualization of SMM, shared patterns and output reprogrammed images. Visualization results on Flowers102 dataset is shown in Figure 5 . It can be observed that when classifying passion flowers, where pedals are important for classification accuracy, the masks tend to mask out the noise pattern over the pedals, which protects useful information from being shadowed by noise. Other features such as flower pistils in passion flowers are also widely present in various similar classes such as 'oxeye', 'daisy' and 'orange dahlia', making the centers of flowers potential sources of interference in classification. Thus, for passion flowers, noise in the center of the flowers is not masked out. When classifying 'water lily', SMM will enhance the noise on interfering objects in the image. Similarly, when classifying 'cyclamen', similar stems are also commonly found in other classes such as 'gaura' and 'rose', which hinders accurate classification. Therefore, it is reasonable for SMM to introduce more noise to these interfering components. These results show that SMM is able to retain the important parts of the image and remove the interference.", "section": "Experiments", "sec_num": "5."}, {"text": "Feature Space Visualization Results. Figure 6 shows the tSNE (Van der Maaten & Hinton, 2008) visualization results of the output layer feature before the label mapping layer. Before applying VR methods, the target domain's output feature space shows limited class separation. With the baseline methods, we observe enhanced but incomplete separations, where certain class pairs (such as '3, 5' and '6, 8' in SVHN, 'River' and 'highway or road' in EuroSAT) remain indistinguishable in the feature space. By applying f mask , our method successfully resolves incorrectly clustered classes, underscoring the effectiveness of SMM.", "section": "Experiments", "sec_num": "5."}, {"text": "Comparison with Finetuning-based Methods. In Appendix E, we compare our SMM with two prevalent finetuning approaches: finetuning fully connected layers and low-rank adaptation (Zhu et al., 2023) . This comparison highlights two key benefits of input VR: (1) its efficacy in target tasks with lower-resolution images and (2) its orthogonal relationship to, yet compatibility with, finetuning methods. Additionally, Appendix E provides a comprehensive discussion on the strengths and weaknesses of Input VR in comparison to finetuning techniques.", "section": "Experiments", "sec_num": "5."}, {"text": "More Experiments. The training curves are plotted and analyzed in Appendix D.2. The effectiveness of SMM when learning with different f out is discussed in Appendix D.1.", "section": "Experiments", "sec_num": "5."}, {"text": "In this paper, we identified significant shortcomings in the use of a shared mask across all samples in previous VR practices, notably its failure to accommodate sample diversity, leading to increased training loss of particular samples. In response, we proposed a new SMM learning framework, integrating a lightweight neural net-based mask generator to generate three-channel masks per sample, and a patch-wise interpolation module that resizes and aligns masks to model input. Both theoretical justification and experimental results validated the effectiveness of our proposed method. and W +2p-k s + 1. As shown in Figure 10 , when s = 1, p = 1, k = 3, the size of a single channel remains unchanged; when s = 2, p = 0, k = 2, the size of a channel is reduced by half in each dimension. In other words, by only using 3 \u00d7 3 convolution layers, f mask (.|\u03d5) can retain the original size of a single channel. However, if we introduce Max-Pooling layers to remove redundant information, the output size will be shrunk and another patch-wise interpolation module should be included in f mask (.|\u03d5) for resizing. Assuming that l Max-Pooling layers are used, the output size of a single channel becomes H 2 l \u00d7 W 2 l . Parameter Statistics. The parameter statistics of the mask generator, f mask , are summarized in Table 4 . This includes a detailed breakdown of f mask across different pre-trained backbone models, a relative size comparison with the watermarking reprogramming method, and the number of trainable parameters added to frozen pre-trained models by f mask . From the size point of view, our mask generator is indeed lightweight and efficient: the CNN architectures contribute only 17.6% and 23.13% of the additional trainable parameters required by watermarking reprogramming. Moreover, relative to the total parameters in pre-trained models, the additional contribution of mask generators is trivial, ranging from 0.1% to 0.23% of parameters, which highlights its minimal footprint. To assess the efficiency of patch-wise interpolation, we compare it with bilinear and bicubic methods, employing the following numerical metrics for evaluation: (1) Number of Pixel Accesses: The count of times pixel values are retrieved per image during an interpolation algorithm. The fewer, the better. (2) Time Per Batch: The time cost for processing a batch of 256-sized images. The fewer, the better.", "section": "Conclusion", "sec_num": "6."}, {"text": "As shown in Table 5 , the patch-wise interpolation module excels across all metrics. This module exclusively involves copying operations, thus avoiding floating-point calculations and avoiding backpropagation gradient computations during training. Consequently, it is more efficient.", "section": "Conclusion", "sec_num": "6."}, {"text": "A.4. Detailed Explanation of Ouptput Mapping Methods f Flm out and f Ilm out", "section": "Conclusion", "sec_num": "6."}, {"text": "The inverse function of f out regarding Flm is an injective function:", "section": "Conclusion", "sec_num": "6."}, {"text": "EQUATION", "section": "Conclusion", "sec_num": "6."}, {"text": "where y P Flm is the optimal y P given the target label y T , f P (f in (x i |\u03b8)) is the predicted label given the input image x i . For all images with the label y T , the predicted y P with the highest probability will be y P Flm for a given y T . Flm remains unchanged throughout iterations. For a specific y T , Flm determines the correspondence between y T and the most frequently assigned class y P in Y P , utilizing the well-trained network for all target training samples of the class y T , thus obtaining f Flm out , shown in Algorithm 3.", "section": "Conclusion", "sec_num": "6."}, {"text": "As the label mapping may change from time to time when learning f in , Chen et al. (2023) proposed an iterative label mapping (Ilm) method that updates f out (\u2022) after each training iteration. Let y P,(j) Ilm be the optimal y P in the jth training epoch. We have:", "section": "Conclusion", "sec_num": "6."}, {"text": "EQUATION", "section": "Conclusion", "sec_num": "6."}, {"text": "in (\u2022|\u03b8 (j) ) is the parameters of the jth epoch. The output mapping function is updated after each iteration until convergence.", "section": "Conclusion", "sec_num": "6."}, {"text": "Algorithm 2 Computing Frequency Distribution of [f P (f in (x i |\u03b8)), y T ] 1: Input: Target training set {(x T i , y T i )} n i=1 , given input VR f in (\u2022|\u03b8) and pre-trained model f P (\u2022) 2: Output: Frequency distribution matrix d \u2208 Z |Y P |\u00d7|Y T | 3: Initialize d \u2190 {0} |Y P |\u00d7|Y T | 4: # Compute frequency distribution d 5: for i = 1...n do 6: \u0177P i \u2190 f P (f in (x T i |\u03b8))", "section": "Conclusion", "sec_num": "6."}, {"text": "7: The approximation error of F 1 and F 2 can be formulated as:", "section": "Conclusion", "sec_num": "6."}, {"text": "d \u0177P i ,y T i \u2190 d \u0177P i ,y T i + 1 8: end for Algorithm 3 Frequent Label Mapping (f Flm out ) 1: Input: Label space of the pre-trained task Y P , label space of the target task Y T , target training set {(x T i , y T i )} n i=1 , given pre-trained model f P (\u2022) 2: Output: Flm f Flm out : Y P sub \u2192 Y T 3: Initialize f Flm out (\u2022) \u2190 0, subset Y P sub \u2190 \u2205 to", "section": "Conclusion", "sec_num": "6."}, {"text": "Err apx D (F 1 ) = inf f \u2208F1 E (X,Y )\u223cD \u2113(f (X), Y ) -R * D , Err apx D (F 2 ) = inf f \u2208F2 E (X,Y )\u223cD \u2113(f (X), Y ) -R * D ,", "section": "Conclusion", "sec_num": "6."}, {"text": "Straightforwardly,", "section": "Conclusion", "sec_num": "6."}, {"text": "F 1 \u2287 F 2 \u21d4 \u2200f \u2208 F 2 , f \u2208 F 1", "section": "Conclusion", "sec_num": "6."}, {"text": "Algorithm 4 Iterative Label Mapping (f Ilm out ) 1: Input: Label space of the pre-trained task Y P , label space of the target task Y T , target training set {(x T i , y T i )} n i=1 , given pre-trained model f P (\u2022), total iteration number E, learning rate \u03b1 2: Output: Ilm f Ilm,(j) out : Y P sub \u2192 Y T for iteration j 3: Initialize f Ilm,(j) out (\u2022) \u2190 0, subset Y P sub \u2190 \u2205 to store matched labels, initialize f in (\u2022|\u03b8) to be an identity function (\u03b8 \u2190 0) 4: for j = 1...E do end while", "section": "Conclusion", "sec_num": "6."}, {"text": "15: # Train f in (\u2022|\u03b8) for iteration j 16: \u03b8 \u2190 \u03b8 -\u03b1 \u2022 \u2207 \u03b8 1 n n i=1 \u2113(f Ilm,(j) out (f P (f in (x T i |\u03b8))), y T i ) 17: end for Given F 1 \u2286 F 2 , we have: \u2200f \u2208 F 1 , f \u2208 F 2 , \u21d2 inf f \u2208F1 E (X,Y )\u223cD \u2113(f (X), Y ) \u2265 inf f \u2208F2 E (X,Y )\u223cD \u2113(f (X), Y ) \u21d2Err apx D (F 1 ) \u2265 Err apx D (F 2 ) B.2. Proof of Proposition 4.3", "section": "Conclusion", "sec_num": "6."}, {"text": "We prove Proposition 4.3 as follows.", "section": "Conclusion", "sec_num": "6."}, {"text": "Proof. With specially designed kernel and padding sizes, the output of CNN can be reshaped to match the size of the input image. Assuming", "section": "Conclusion", "sec_num": "6."}, {"text": "d P = H \u00d7 W \u00d7 C, we define M \u2032 \u2208 {0, 1} H * W * C\u00d71 and f \u2032 mask (\u2022) \u2208 R H * W * C\u00d71", "section": "Conclusion", "sec_num": "6."}, {"text": "as transposed flattened M and f mask (\u2022), respectively. As the last layer of f \u2032 mask (\u2022) is CNN, if the input of CNN is the resized image r(x), with x \u2208 X T (and r(x) \u2208 R dP ), we have f \u2032 mask (r(x)) = W last f \u2032\u2032 mask (r(x)) + b last , with b last being the bias of the last layer, and W last being the mapping from the flattened input of the last CNN layer (i.e., f \u2032\u2032 mask (r(x))) to the flattened output without adding the bias, which can be derived using the parameters of the last CNN layer. With the set of any possible W last being represented by {W last }, and all-zero matrix being O, we have:", "section": "Conclusion", "sec_num": "6."}, {"text": "b last \u2208 R H * W * C\u00d71 , M \u2032 \u2208 {0, 1} H * W * C\u00d71 \u21d2 \u2200M \u2032 , M \u2032 \u2208 {b last |b last \u2208 R H * W * C\u00d71 } (10) O \u2208 {W last }(When all weights in the last CNN layer is 0, W last is a zero matrix) \u21d2 f (x) = O H * W * C\u00d71 \u2208 {f |f (x) = W last f \u2032\u2032 mask (r(x)), \u2200x \u2208 X T } (11) \u21d2 {f |f (x) = M \u2032 , \u2200x \u2208 X T } \u2286 {f |f (x) = f \u2032 mask (r(x))", "section": "Conclusion", "sec_num": "6."}, {"text": ", \u2200x \u2208 X T }(Given Eq. ( 10) and Eq. ( 11))", "section": "Conclusion", "sec_num": "6."}, {"text": "\u21d2 {f |f (x) = M, \u2200x \u2208 X T } \u2286 {f |f (x) = f mask (r(x)), \u2200x \u2208 X T } \u21d2 {f |f (x) = M \u2299 \u03b4, \u2200x \u2208 X T } \u2286 {f |f (x) = f mask (r(x)) \u2299 \u03b4, \u2200x \u2208 X T } \u21d2 F shr (f \u2032 P ) \u2286 F smm (f \u2032 P )(since f \u2032 P is fixed) \u21d2 Err apx DT (F smm (f \u2032 P )) \u2264 Err apx DT (F shr (f \u2032 P ))", "section": "Conclusion", "sec_num": "6."}, {"text": "We will then prove Proposition B.1. for any fixed f \u2032 P , it holds that F sp (f \u2032 P ) \u2286 F smm (f \u2032 P ), and consequently, Err apx DT (F smm (f \u2032 P )) \u2264 Err apx DT (F sp (f \u2032 P )).", "section": "B.3. SMM and Sample-specific Patterns", "sec_num": null}, {"text": "Proof. Let \u2206 be the set of possible \u03b4, with all-one matrix being denoted as J, we have:", "section": "B.3. SMM and Sample-specific Patterns", "sec_num": null}, {"text": "\u21d2 J dP \u2208 \u2206 \u21d2 {f |f (x) = f mask (r(x)) \u2299 J dP , \u2200x \u2208 X T } \u2286 {f |f (x) = f mask (r(x)) \u2299 \u03b4, \u2200x \u2208 X T } \u21d2 {f |f (x) = f mask (r(x)), \u2200x \u2208 X T } \u2286 {f |f (x) = f mask (r(x)) \u2299 \u03b4, \u2200x \u2208 X T } \u21d2 F sp (f \u2032 P ) \u2286 F smm (f \u2032 P )(Since f \u2032 P is fixed) \u21d2 Err apx DT (F smm (f \u2032 P )) \u2264 Err apx DT (F sp (f \u2032 P ))", "section": "B.3. SMM and Sample-specific Patterns", "sec_num": null}, {"text": "C. Additional Experimental Setup The 11 datasets used for the experiments are summarized in Table 6 , while the corresponding training parameters are listed in Table 9 . When learning the ResNet tasks, we follow the same learning strategies as Chen et al. (2023) . When learning ViT-B32, we choose the initial learning rate \u03b1 and the learning rate decay \u03b3 with a training parameter searching experiment, with results presented in Table 7 . Sharing the same \u03b1 and \u03b3 may not be optimal for all datasets. As shown in Table 8 , on UCF101, using \u03b1 = 0.001 and \u03b3 = 1 derived from Table 7 leads to sub-optimal model performance. Nevertheless, for uniformity and fairness in this paper, we still use a single set of unified training parameters for all datasets. 12 , employing a more sophisticated pre-trained network such as ViT with a mask generator f mask shown in Figure 9 across some tasks like CIFAR10, SVHN, and GTSRB, the training accuracy tends towards 100% for both shared patterns F shr (f \u2032 P ) (i.e., 'Watermarking' in Figure 12 ) and SMM patterns F smm (f \u2032 P ) (i.e., 'Ours' in Figure 12 ). Despite this, F smm (f \u2032 P ) maintains a test accuracy that is not inferior to that of shared patterns. It suggests that our method SMM does not suffer from more significant over-fitting than shared masking, resulting in negligible potential estimation error.", "section": "B.3. SMM and Sample-specific Patterns", "sec_num": null}, {"text": "More Discussion of SMM Abnormal Cases. In Section 5, we have briefly analyzed abnormal performance in Table 1 and Table 2 . In this section, we will provide a more comprehensive discussion. Here, we outline detailed discussions regarding abnormal performance:", "section": "D.4. Further Analysis of the Performance of SMM", "sec_num": null}, {"text": "\u2022 ResNet-18, DTD: As shown in Figure 18 , the DTD dataset contains a significant amount of texture features. Therefore, for relatively simple well-trained models, introducing reprogramming noise in the form of watermarking may affect the original features of the images. It can be observed that when the watermarking area is small (Narrow), the effect is better compared to when it is large (Full), and our method is also affected by this factor. However, the padding-based method preserves the original pixels of the image and only introduces reprogramming noise around them, thereby achieving relatively good results.", "section": "D.4. Further Analysis of the Performance of SMM", "sec_num": null}, {"text": "\u2022 ViT-B32, EuroSAT: This is because EuroSAT is one of the target tasks with the least task complexity. When using a large-scale network like ViT, the resizing-based method leads to over-fitting. As evident in the third column of the second row in Figure 12 , the training accuracy is already close to 1. Therefore, in this scenario, the padding-based method yields slightly better test results compared to our method (which also belongs to resizing-based methods). In this section, we will compare the results of our SMM with finetuning-based methods to show the advantages of input VR in dealing with distorted input images. Low-rank adaptation (LoRA) (Hu et al., 2021) is an efficient finetuning-based transfer method proposed based on large language models for natural language processing, which has been adapted to ViT (Zhu et al., 2023) . Here, we compare SMM for ViT with LoRA for ViT, which are representative methods that belong to input VR and finetuning, respectively.", "section": "D.4. Further Analysis of the Performance of SMM", "sec_num": null}, {"text": "Since LoRA for ViT already includes finetuning the fully connected layers, we also incorporate it in SMM. All training settings are kept the same. We set the rank of LoRA to be six, resulting in an additional parameter number being 0.60M (without counting the fully connected layers), which will be comparable to that of input VR and SMM (being 0.54M) for fairness. ViT-Large with the input size being 384\u00d7384 is applied, and the learning rate is 0.01, running 10 epochs in total.", "section": "D.4. Further Analysis of the Performance of SMM", "sec_num": null}, {"text": "Therefore, for both methods, the target training samples will be resized before input. VR mainly trains parameters in the input space before well-trained models, whereas LoRA injects parameters into layers of ViT. Results are listed in Table 13 .", "section": "D.4. Further Analysis of the Performance of SMM", "sec_num": null}, {"text": "The results of target tasks with the input size being 128\u00d7128 are similar. However, it is observed that for those target tasks with lower resolution (e.g., CIFAR10/100, SVHN, GTSRB), our SMM appears to perform better. This is likely because when a 32\u00d732 image is resized to 384\u00d7384, it may become distorted, thus affecting the performance of target tasks. This distortion is especially noticeable on tasks with simple features, such as SVHN and GTSRB. Since VR modifies the input space, it effectively addresses this issue of significant differences in the input image sizes of pre-trained and target tasks.", "section": "D.4. Further Analysis of the Performance of SMM", "sec_num": null}, {"text": "E.2. Advantages of VR in Being Orthogonal to Finetuning-based Methods Since finetuning and reprogramming are orthogonal because finetuning modifies the model while reprogramming modifies the input and output spaces. Input VR can also be combined with finetuning-based methods. In this section, we will add the input VR module (i.e, using SMM as an example) to finetuning-based methods and analyze the performance gain. A widely-used method -finetuning the fully connected layer (named 'Finetuning-FC') -is employed as the baseline method.", "section": "D.4. Further Analysis of the Performance of SMM", "sec_num": null}, {"text": "Using ResNet-50 as the well-trained model, we add our SMM input VR module to 'Finetuning-FC' to demonstrate the effectiveness of our module.", "section": "D.4. Further Analysis of the Performance of SMM", "sec_num": null}, {"text": "Results are shown in Tabel 14. Utilizing our module achieves an average accuracy of about 4% higher than solely finetuning the fully connected layers. Conclusively, input VR can be attached to finetuning-based methods to improve performance.", "section": "D.4. Further Analysis of the Performance of SMM", "sec_num": null}, {"text": "This part includes a conclusion of the strengths and weaknesses of Input VR, compared with finetuning-based methods.", "section": "E.3. Strengths and Weaknesses of Input Reprogramming in Visual Tasks", "sec_num": null}, {"text": "\u2022 The parameter numbers of VR tend to be negligible considering the size of well-trained models. Besides, the parameter numbers in VR are solely determined by the size of a single input image, independent of well-trained models, and remain fixed as the well-trained model size grows.", "section": "E.3.1. STRENGTHS", "sec_num": null}, {"text": "\u2022 VR is suitable for all well-trained models, regardless of the architecture, whereas finetuning-based methods are usually designed for a specific architecture (e.g., LoRA is specifically designed for ViT).", "section": "E.3.1. STRENGTHS", "sec_num": null}, {"text": "\u2022 VR improves the performance of the target task by altering the input and output space, and analyzing these changes may help understand why the model can also perform well in the target domain.", "section": "E.3.1. STRENGTHS", "sec_num": null}, {"text": "\u2022 By changing the input and output spaces while fixing the well-trained model, VR avoids practical issues such as catastrophic forgetting (i.e., the well-trained model may lose previously learned representations when being finetuned for new tasks).", "section": "E.3.1. STRENGTHS", "sec_num": null}, {"text": "\u2022 VR can be attached to most mainstream finetuning methods to further improve performance.", "section": "E.3.1. STRENGTHS", "sec_num": null}, {"text": "\u2022 In future research, VR could also utilize the well-trained model as a black box. This approach might prove useful for re-purposing models that only offer an application programming interface.", "section": "E.3.1. STRENGTHS", "sec_num": null}, {"text": "Our Method -ResNet50 \u2022 When target tasks are more challenging than the tasks well-trained models have been trained on, merely adjusting the input space may not be sufficient for satisfied performance. This poses a challenge for VR.", "section": "Original Image Our Method -ResNet18", "sec_num": null}, {"text": "\u2022 For better performance approaching re-training or fully finetuning, integrating VR with other finetuning methods appears necessary (e.g., VR may be combined with finetuning the fully connected layer). How to train the combined model more effectively remains a task for future research.", "section": "Original Image Our Method -ResNet18", "sec_num": null}, {"text": "Figure 13 -23 show sample images of the VR results of SMM on 11 datasets. These figures show that (1) our VR method does not alter the input space heavily; it only adds noise within a limited range, which ensures that the original images remain intact;", "section": "F. Additional Visualization Results", "sec_num": null}, {"text": "(2) the more different the target domain is (e.g., GTSRB and SVHN), the more pronounced the noise pattern will be;", "section": "F. Additional Visualization Results", "sec_num": null}, {"text": "(3) on datasets that prefer VR to be a narrow padding-sized watermark, SMM will convergence to a similar situation, that is, the noise at the outer frame of the images is much greater than that inside the images (e.g., UCF101, Food101, OxfordPets and SUN397).", "section": "F. Additional Visualization Results", "sec_num": null}, {"text": "Our Method -ResNet50 ", "section": "Original Image Our Method -ResNet18", "sec_num": null}, {"text": "School of Computing and Information Systems, The University of", "section": "", "sec_num": null}, {"text": "Melbourne 2 Information Systems Technology and Design Pillar, Singapore University of Technology and Design. Corre-", "section": "", "sec_num": null}, {"text": "The excess risk is equal to the sum of approximation error and estimation error(Lauer, 2014).", "section": "", "sec_num": null}], "back_matter": [{"text": "CYC and FL are supported by the Australian Research Council (ARC) with grant number DE240101089, and FL is also supported by the ARC with grant number DP230101540 and the NSF&CSIRO Responsible AI program with grant number 2303037. JZQ is supported by ARC with grant number DP240101006. This research is also supported by The University of Melbourne's Research Computing Services and the Petascale Campus Initiative. We sincerely appreciate the time and dedication of the reviewers in carefully reviewing our manuscript.", "section": "Acknowledgements", "sec_num": null}, {"text": "Training and Testing Accuracy -CIFAR10, ViT-B32 Training and Testing Accuracy -CIFAR100, ViT-B32 Training and Testing Accuracy -SVHN, ViT-B32 Training and Testing Accuracy -GTSRB, ViT-B32 Training and Testing Accuracy -Food101, ViT-B32 Training and Testing Accuracy -Flowers102, ViT-B32 Training and Testing Accuracy -EuroSAT, ViT-B32 Accuracy (%) Accuracy (%) Accuracy (%) Accuracy (%) Accuracy (%) Accuracy (%) Accuracy (%)", "section": "funding", "sec_num": null}, {"text": "This paper presents work whose goal is to advance the field of Machine Learning. There are many potential societal consequences of our work, none of which we feel must be specifically highlighted here. The task of VR is to reuse the fixed, well-trained model toward a target task. As shown in Figure 7 , the VR module is added before the pre-trained model into the input space. To gap the difference between the source label and target label, an output mapping function without parameters is also used, taking a source label as the input and outputting a target label. Therefore, regardless of the architecture, a well-trained model on the source dataset can be transferred to the target task without editing. [0, 100, 145] 0.01 0.1 0.001 1  FLOWERS102 256 [0, 100, 145] 0.01 0.1 0 ", "section": "Impact Statement", "sec_num": null}, {"text": "As mentioned before, and as shown in Appendix A.1, input VR is agnostic of the output label mapping method. Thus, our SMM can be applied to different output label methods other than Ilm. Experimental results are presented in Table 10 .Our method improves the performance of all output mapping methods. In most cases, the worse the output mapping method is, the more pronounced the improvement of SMM will be. When there is sufficient training data (e.g., GTSRB, SVHN, CIFAR10 and Food101), adding SMM can compensate for the worse-performing label mapping methods. With SMM, these methods also produce competitive results.", "section": "D.1. Applying SMM with Different f out", "sec_num": null}, {"text": "Figure 11 shows the training accuracy and loss throughout learning iterations using ResNet-18 as the pre-trained backbone. We see that our SMM yields a higher training accuracy and lower loss for most cases.When using a more sophisticated pre-trained network, e.g., ViT, as is shown in Figure 12 , the training accuracy without SMM may meet with or even exceed that of using SMM. However, this appears to be a case of over-fitting, where training accuracy is approaching 1 and test accuracy is still low without using SMM.In general, for smaller classifiers such as ResNet-18, adding our model helps better reduce training loss and improve accuracy, while for more sophisticated classifiers such as ViT-B32 where the training accuracy is already high, adding our However, when f mask is enlarged with increased number of parameters, the additional estimation error of F smm (f \u2032 P ) may no longer be negligible and will impact the excess risk. The relationship between the number of parameters in f mask and the estimation error is influenced by various factors, including the specific target tasks, the volume of training data, the size of well-trained models, and the design of our generation model, etc. Through experiments, we will be able to estimate when the number of parameters begins to impact estimation error, potentially leading to over-fitting. For instance, in Table 11 , we employ our generation model f mask on the EuroSAT dataset, with ResNet-18 being the well-trained model. By progressively doubling the number of intermediate channels while maintaining the architecture of f mask , we investigate how the model size affects performance.Through the results of Table 11 , we come to the following conclusions: (1) As the number of parameters continues to increase, although the training accuracy slowly increases, the test accuracy may even decrease, implying that the estimation error becomes more and more noticeable. (2) Under this situation (i.e., EuroSAT, ResNet-18), when the size of f mask is close to the same order of magnitude as the well-trained model, the estimation error should not be overlooked. (3) A larger model with the best test accuracy may not be optimal because of too many parameters. Our work strikes a balance between the number of parameters and test accuracy.", "section": "D.2. Analysis of Learning Curves", "sec_num": null}], "ref_entries": {"FIGREF0": {"text": "Figure 1. Drawback of shared masks over individual images. We demonstrate the use of watermarking (Wang et al., 2022), a representative VR method, to re-purpose an ImageNet-pretrained classifier for the OxfordPets dataset, with different shared masks (full, medium, and narrow) in VR. An evaluation of classification confidence across three cat images -Sphynx, Abyssinian, and Bengal -indicates a sample-specific mask preference: Sphynx with medium, Abyssinian with full, and Bengal with narrow. It shows that different masks are needed for individual images.", "uris": null, "num": null, "fig_num": "1", "type_str": "figure"}, "FIGREF1": {"text": "Figure 2. Drawback of shared masks in the statistical view. Optimal learning methods like finetuning usually result in loss decreases for all samples (see the blue part). But when applying the same mask in reprogramming, part of the loss changes are observed to be positive (see the red part) according to the distribution of [final loss -initial loss], which means the training loss for some samples even rises.", "uris": null, "num": null, "fig_num": "2", "type_str": "figure"}, "FIGREF2": {"text": "Figure 3. Comparison between (a) existing methods and (b) our method. Previous padding-based reprogramming adds zeros around the target image, while resizing-based reprogramming adjusts image dimensions to fit the required input size. Both methods use a pre-determined shared mask to indicate the valid location of pattern \u03b4.Our method, on the other hand, takes a more dynamic and tailored approach. We resize each target image and apply a different three-channel mask accordingly, driven by a lightweight f mask with an interpolation up-scaling module, allowing for more variability in individual samples.", "uris": null, "num": null, "fig_num": "3", "type_str": "figure"}, "FIGREF3": {"text": "Figure 4. Comparative results of different patch sizes (2 l ). ResNet-18 is used as the pre-trained model as an example.", "uris": null, "num": null, "fig_num": "45", "type_str": "figure"}, "FIGREF4": {"text": "Figure 6. TSNE visualization results of the feature space on (a) SVHN and (b) EuroSAT datasets. ResNet-18 is used as the pretrained model as an example.", "uris": null, "num": null, "fig_num": "6", "type_str": "figure"}, "FIGREF5": {"text": "Figure 9. Architecture of the 6-layer mask generator designed for ViT", "uris": null, "num": null, "fig_num": "910", "type_str": "figure"}, "FIGREF6": {"text": "store matched labels, initialize f in (\u2022|\u03b8) to be an identity function (\u03b8 \u2190 0) 4: # Compute frequency distribution d 5: Use Algorithm 2 to obtain d 6: # Compute output mapping f Flm out 7: while size of Y P sub is not |Y T | do 8: Find the maximum d y P ,y T in d Flm out (y P ) \u2190 y T # Update the label mapping function 11: d y P ,t \u2190 0 for t = 1, 2, ..., |Y T | # Avoiding illegal assignment to the injective function 12: d s,y T \u2190 0 for s = 1, 2, ..., |Y P | 13: end while Ilm evolves with iterations, being an improved version of Flm. As is shown in Algorithm 4, before training the reprogramming pattern \u03b8 in each epoch, Ilm updates the one-to-one mapping from Y P to Y T with the training samples incorporating the current pattern, iteratively until convergence. B. Additional Theoretical Proof B.1. Proof of Theorem 4.2", "uris": null, "num": null, "fig_num": null, "type_str": "figure"}, "FIGREF7": {"text": ") \u2190 y T # Update the label mapping function for iteration j 12: d y P ,t \u2190 0 for t = 1, 2, ..., |Y T | # Avoiding illegal assignment to the injective function 13: d s,y T \u2190 0 for s = 1, 2, ..., |Y P | 14:", "uris": null, "num": null, "fig_num": null, "type_str": "figure"}, "FIGREF8": {"text": "Figure 13. Original Images and Visual Reprogramming Results on CIFAR10Original ImageOur Method -ResNet18 Our Method -ResNet50", "uris": null, "num": null, "fig_num": "13", "type_str": "figure"}, "FIGREF9": {"text": "Figure 15. Original Images and Visual Reprogramming Results on SVHN", "uris": null, "num": null, "fig_num": "151821", "type_str": "figure"}, "TABREF0": {"text": "T i )} n i=1be the observations of D T (i.e., the training set in the target task). Meanwhile, we have a pre-trained model f P : X P \u2192 Y P , where X P \u2286 R dP and Y P (s.t. |Y T | \u2264 |Y P |, with the label space of the pre-trained task being larger than that of the target task) represent the data and label spaces used for training f P . Then, in model reprogramming, the training objective can be formulated as", "content": "<table><tr><td>min \u03b8\u2208\u0398,\u03c9\u2208\u2126</td></tr></table>", "html": null, "num": null, "type_str": "table"}, "TABREF1": {"text": "Performance Comparison of Different Input Reprogramming Methods on Pre-trained ResNet (Mean % \u00b1 Std %, the average results across all datasets are highlighted in grey)", "content": "<table><tr><td>PRE-TRAINED</td><td/><td colspan=\"3\">RESNET-18 (IMAGENET-1K)</td><td/><td/><td colspan=\"3\">RESNET-50 (IMAGENET-1K)</td><td/></tr><tr><td>METHODS</td><td>PAD</td><td colspan=\"2\">NARROW MEDIUM</td><td>FULL</td><td>OURS</td><td>PAD</td><td colspan=\"2\">NARROW MEDIUM</td><td>FULL</td><td>OURS</td></tr><tr><td>CIFAR10</td><td colspan=\"2\">65.5 \u00b10.1 68.6 \u00b12.8</td><td colspan=\"4\">68.8 \u00b11.1 68.9 \u00b10.4 72.8 \u00b10.7 76.6\u00b10.3</td><td>77.4\u00b10.5</td><td>77.8+0.2</td><td colspan=\"2\">79.3\u00b10.3 81.4\u00b10.6</td></tr><tr><td>CIFAR100</td><td>24.8\u00b10.1</td><td>36.9\u00b10.6</td><td>34.9\u00b10.2</td><td>33.8\u00b10.2</td><td>39.4\u00b10.6</td><td>38.9\u00b10.3</td><td>42.5\u00b10.2</td><td>43.8\u00b10.2</td><td colspan=\"2\">47.2\u00b10.1 49.0\u00b10.2</td></tr><tr><td>SVHN</td><td>75.2\u00b10.2</td><td>58.5\u00b11.1</td><td>71.1\u00b11.0</td><td>78.3\u00b10.3</td><td>84.4\u00b12.0</td><td>75.8\u00b10.4</td><td>59.1\u00b11.3</td><td>71.5\u00b10.8</td><td colspan=\"2\">79.5\u00b10.5 82.6\u00b12.0</td></tr><tr><td>GTSRB</td><td>52.0\u00b11.2</td><td>46.1\u00b11.5</td><td>56.4\u00b11.0</td><td>76.8\u00b10.9</td><td>80.4\u00b11.2</td><td>52.5\u00b11.4</td><td>38.9\u00b11.3</td><td>52.6\u00b11.3</td><td colspan=\"2\">76.5\u00b11.3 78.2\u00b11.1</td></tr><tr><td>FLOWERS102</td><td>27.9\u00b10.7</td><td>22.1\u00b10.1</td><td>22.6\u00b10.5</td><td>23.2\u00b10.5</td><td>38.7\u00b10.7</td><td>24.6\u00b10.6</td><td>19.9\u00b10.6</td><td>20.9\u00b10.6</td><td colspan=\"2\">22.6\u00b10.1 35.9\u00b10.5</td></tr><tr><td>DTD</td><td>35.3\u00b10.9</td><td>33.1\u00b11.3</td><td>31.7\u00b10.5</td><td>29.0\u00b10.7</td><td>33.6\u00b10.4</td><td>40.5\u00b10.5</td><td>37.8\u00b10.7</td><td>38.4\u00b10.2</td><td colspan=\"2\">34.7\u00b11.3 41.1\u00b11.1</td></tr><tr><td>UCF101</td><td>23.9\u00b10.5</td><td>27.2\u00b10.9</td><td>26.1\u00b10.3</td><td>24.4\u00b10.9</td><td>28.7\u00b10.8</td><td>34.6\u00b10.2</td><td>38.4\u00b10.2</td><td>37.2\u00b10.2</td><td colspan=\"2\">35.2\u00b10.2 38.9\u00b10.5</td></tr><tr><td>FOOD101</td><td>14.8\u00b10.2</td><td>14.0\u00b10.1</td><td>14.4\u00b10.3</td><td>13.2\u00b10.1</td><td>17.5\u00b10.1</td><td>17.0\u00b10.3</td><td>18.3\u00b10.2</td><td>18.3\u00b10.2</td><td colspan=\"2\">16.7\u00b10.2 19.8\u00b10.0</td></tr><tr><td>SUN397</td><td>13.0\u00b10.2</td><td>15.3\u00b10.1</td><td>14.2\u00b10.1</td><td>13.4\u00b10.2</td><td>16.0\u00b10.3</td><td>20.3\u00b10.2</td><td>22.0\u00b10.1</td><td>21.5\u00b10.1</td><td colspan=\"2\">21.1\u00b10.1 22.9\u00b10.0</td></tr><tr><td>EUROSAT</td><td>85.2\u00b10.6</td><td>82.8\u00b10.4</td><td>83.8\u00b10.5</td><td>84.3\u00b10.5</td><td>92.2\u00b10.2</td><td>83.6\u00b10.7</td><td>83.7\u00b10.4</td><td>85.8\u00b10.1</td><td colspan=\"2\">86.9\u00b10.3 92.0\u00b10.6</td></tr><tr><td>OXFORDPETS</td><td>65.4\u00b10.7</td><td>73.7\u00b10.2</td><td>71.4\u00b10.2</td><td>70.0\u00b10.6</td><td>74.1\u00b10.4</td><td>76.2\u00b10.6</td><td>76.4\u00b10.3</td><td>75.6\u00b10.3</td><td colspan=\"2\">73.4\u00b10.3 78.1\u00b10.2</td></tr><tr><td>AVERAGE</td><td>43.91</td><td>43.48</td><td>45.04</td><td>46.85</td><td>52.53</td><td>49.15</td><td>46.76</td><td>49.39</td><td>52.10</td><td>56.35</td></tr></table>", "html": null, "num": null, "type_str": "table"}, "TABREF2": {"text": "Performance Comparison of Different Input Reprogramming Methods on Pre-trained ViT (Mean %, the average results are highlighted in grey)", "content": "<table><tr><td>PRE-TRAINED</td><td/><td colspan=\"3\">VIT-B32 (IMAGENET-1K)</td><td/></tr><tr><td>METHOD</td><td>PAD</td><td colspan=\"3\">NARROW MEDIUM FULL</td><td>OURS</td></tr><tr><td>CIFAR10</td><td>62.4</td><td>96.6</td><td>96.5</td><td>95.8</td><td>97.4</td></tr><tr><td>CIFAR100</td><td>31.6</td><td>74.4</td><td>75.3</td><td>75.0</td><td>82.6</td></tr><tr><td>SVHN</td><td>80.2</td><td>85.0</td><td>87.4</td><td>87.8</td><td>89.7</td></tr><tr><td>GTSRB</td><td>62.3</td><td>57.8</td><td>68.6</td><td>75.5</td><td>80.5</td></tr><tr><td>FLOWERS102</td><td>57.3</td><td>55.3</td><td>56.6</td><td>55.9</td><td>79.1</td></tr><tr><td>DTD</td><td>43.7</td><td>37.3</td><td>38.5</td><td>37.7</td><td>45.6</td></tr><tr><td>UCF101</td><td>33.6</td><td>44.5</td><td>44.8</td><td>40.9</td><td>42.6</td></tr><tr><td>FOOD101</td><td>37.4</td><td>47.3</td><td>48.6</td><td>49.4</td><td>64.8</td></tr><tr><td>SUN397</td><td>21.8</td><td>29.0</td><td>29.4</td><td>28.8</td><td>36.7</td></tr><tr><td>EUROSAT</td><td>95.9</td><td>90.9</td><td>90.9</td><td>89.1</td><td>93.5</td></tr><tr><td colspan=\"2\">OXFORDPETS 57.6</td><td>82.5</td><td>81.0</td><td>75.3</td><td>83.8</td></tr><tr><td>AVERAGE</td><td>53.1</td><td>63.7</td><td>65.2</td><td>64.7</td><td>72.4</td></tr></table>", "html": null, "num": null, "type_str": "table"}, "TABREF3": {"text": "Ablation Studies (Mean % \u00b1 Std %, with ResNet-18 as an example, and the average results are highlighted in grey)", "content": "<table><tr><td/><td>ONLY \u03b4</td><td>ONLY fmask</td><td>SINGLE-mask f s CHANNEL</td><td>OURS</td></tr><tr><td>CIFAR10</td><td colspan=\"2\">68.9\u00b10.4 59.0\u00b11.6</td><td>72.6\u00b12.6</td><td>72.8\u00b10.7</td></tr><tr><td>CIFAR100</td><td colspan=\"2\">33.8\u00b10.2 32.1\u00b10.3</td><td>38.0\u00b10.6</td><td>39.4\u00b10.6</td></tr><tr><td>SVHN</td><td colspan=\"2\">78.3\u00b10.3 51.1\u00b13.1</td><td>78.4\u00b10.2</td><td>84.4\u00b12.0</td></tr><tr><td>GTSRB</td><td colspan=\"2\">76.8\u00b10.9 55.7\u00b11.2</td><td>70.7\u00b10.8</td><td>80.4\u00b11.2</td></tr><tr><td colspan=\"3\">FLOWERS102 23.2\u00b10.5 32.2\u00b10.4</td><td>30.2\u00b10.4</td><td>38.7\u00b10.7</td></tr><tr><td>DTD</td><td colspan=\"2\">29.0\u00b10.7 27.2\u00b10.5</td><td>32.7\u00b10.5</td><td>33.6\u00b10.4</td></tr><tr><td>UCF101</td><td colspan=\"2\">24.4\u00b10.9 25.7\u00b10.3</td><td>28.0\u00b10.3</td><td>28.7\u00b10.8</td></tr><tr><td>FOOD101</td><td colspan=\"2\">13.2\u00b10.1 13.3\u00b10.1</td><td>15.8\u00b10.1</td><td>17.5\u00b10.1</td></tr><tr><td>SUN397</td><td colspan=\"2\">13.4\u00b10.2 10.5\u00b10.1</td><td>15.9\u00b10.1</td><td>16.0\u00b10.3</td></tr><tr><td>EUROSAT</td><td colspan=\"2\">84.3\u00b10.5 89.2\u00b10.9</td><td>90.6\u00b10.5</td><td>92.2\u00b10.2</td></tr><tr><td colspan=\"3\">OXFORDPETS 70.0\u00b10.6 72.5\u00b10.3</td><td>73.8\u00b10.6</td><td>74.1\u00b10.4</td></tr><tr><td>AVERAGE</td><td>46.85</td><td>42.59</td><td>49.70</td><td>52.53</td></tr></table>", "html": null, "num": null, "type_str": "table"}, "TABREF4": {"text": "Statistics of Mask Generator Parameter Size", "content": "<table><tr><td>PRE-TRAINED</td><td>INPUT IMAGE SIZE</td><td>f mask CNN LAYERS</td><td>EXTRA PARAMETERS OF OUR f mask</td><td>OUR EXTRA PARAMETERS \u00f7 REPROGRAMMING PARAMETERS</td><td>OUR EXTRA PARAMETERS \u00f7 PRE-TRAINED MODEL PARAMETERS</td></tr><tr><td>RESNET-18</td><td>224\u00d7224\u00d72</td><td>5</td><td>26,499</td><td>17.60%</td><td>0.23%</td></tr><tr><td>RESNET-50</td><td>224\u00d7224\u00d73</td><td>5</td><td>26,499</td><td>17.60%</td><td>0.10%</td></tr><tr><td>VIT-B32</td><td>384\u00d7384\u00d73</td><td>6</td><td>102,339</td><td>23.13%</td><td>0.12%</td></tr><tr><td colspan=\"3\">A.3. Advantage of Patch-wise Interpolation</td><td/><td/><td/></tr></table>", "html": null, "num": null, "type_str": "table"}, "TABREF5": {"text": "Comparison of Patch-wise Interpolation and Other Interpolation Methods", "content": "<table><tr><td/><td/><td>BILINEAR INTERPOLATION</td><td>BICUBIC INTERPOLATION</td><td>OURS</td></tr><tr><td/><td>NUMBER OF</td><td/><td/></tr><tr><td/><td>PIXEL</td><td>0.602</td><td>2.408</td><td>0.151</td></tr><tr><td>RESNET -18/50</td><td>ACCESSES (1E6)</td><td/><td/></tr><tr><td/><td>TIME PER BATCH (S)</td><td>0.062\u00b10.001</td><td>0.195\u00b10.013</td><td>0.026\u00b10.004</td></tr><tr><td/><td>REQUIRE BACKPROPAGATION</td><td>YES</td><td>YES</td><td>NO</td></tr><tr><td/><td>NUMBER OF</td><td/><td/></tr><tr><td/><td>PIXEL</td><td>1.769</td><td>7.078</td><td>0.442</td></tr><tr><td>VIT -B32</td><td>ACCESSES (1E6)</td><td/><td/></tr><tr><td/><td>TIME PER BATCH (S)</td><td>0.165\u00b10.009</td><td>0.486\u00b10.026</td><td>0.069\u00b10.004</td></tr><tr><td/><td>REQUIRE BACKPROPAGATION</td><td>YES</td><td>YES</td><td>NO</td></tr></table>", "html": null, "num": null, "type_str": "table"}, "TABREF6": {"text": "Detailed", "content": "<table><tr><td>Dataset Information</td></tr></table>", "html": null, "num": null, "type_str": "table"}, "TABREF7": {"text": "Tuning Initial Learning Rate and Learning Rate Decay Using CIFAR10 and ViT-B32 (Accucracy %)", "content": "<table><tr><td>\u03b3|\u03b1</td><td>0.1</td><td>0.01</td><td>0.001</td><td>0.0001</td></tr><tr><td>1</td><td colspan=\"4\">0.9542 0.9577 0.9745 0.9734</td></tr><tr><td colspan=\"5\">0.1 0.9516 0.9572 0.9738 0.9727</td></tr></table>", "html": null, "num": null, "type_str": "table"}, "TABREF8": {"text": "Results", "content": "<table><tr><td colspan=\"4\">on UCF101 with Different Training Parameters (using ViT-B32)</td></tr><tr><td/><td>\u03b1</td><td>\u03b3</td><td>SMM ACCURACY (%)</td></tr><tr><td>UNIFIED LEARNING PARAMETERS</td><td>0.001</td><td>1</td><td>42.6</td></tr><tr><td>SPECIFIC LEARNING PARAMETERS</td><td>0.01</td><td>0.1</td><td>49.9</td></tr></table>", "html": null, "num": null, "type_str": "table"}, "TABREF9": {"text": "Training and Testing Accuracy with Enlarged f mask (using EuroSAT,", "content": "<table><tr><td>f mask</td><td colspan=\"2\">SMALL MEDIUM (OURS)</td><td>LARGE</td><td>X-LARGE</td><td>XX-LARGE</td><td>XXX-LARGE</td></tr><tr><td>PARAMETERS</td><td>7203</td><td>26499</td><td>101379</td><td>396291</td><td>1566723</td><td>6230019</td></tr><tr><td>TRAINING ACCURACY (%)</td><td>94.9</td><td>96.2</td><td>96.4</td><td>97.3</td><td>97.7</td><td>98.1</td></tr><tr><td>TESTING ACCURACY (%)</td><td>91.7</td><td>92.2</td><td>92.2</td><td>93.1</td><td>93.5</td><td>93.2</td></tr><tr><td colspan=\"3\">D.3. More Discussion about the Estimation Error</td><td/><td/><td/><td/></tr><tr><td colspan=\"7\">A higher estimation error generally implies an increased risk of model over-fitting to the training data. This observation can</td></tr><tr><td colspan=\"7\">be corroborated by comparing the disparities in training and testing performance. For instance, as depicted in Figure</td></tr></table>", "html": null, "num": null, "type_str": "table"}, "TABREF10": {"text": "An Ineffective Case of Input Reprogramming -StanfordCars (Mean % \u00b1 Std %)SMM on An Ineffective Case of Input Reprogramming. All input visual reprogramming methods seem ineffective on fine-grained recognition tasks where subtle appearance differences should be detected. As shown in Table12, in the classification of StanfordCars, where 196 types of cars are to be classified, the accuracy of all input VR methods is below 10 %, indicating the failure of VR methods in this fine-grained recognition tasks. Adding our SMM module will not improve performance when VR methods fail.", "content": "<table><tr><td>METHOD</td><td>PAD</td><td colspan=\"2\">NARROW MEDIUM</td><td>FULL</td><td>OURS</td></tr><tr><td colspan=\"2\">RESNET-18 4.5\u00b10.1</td><td>3.6\u00b10.1</td><td>3.6\u00b10.1</td><td colspan=\"2\">3.4\u00b10.1 2.9\u00b10.2</td></tr><tr><td colspan=\"2\">RESNET-50 4.7\u00b10.2</td><td>4.7\u00b10.1</td><td>4.7\u00b10.2</td><td colspan=\"2\">4.6\u00b10.1 3.0\u00b10.6</td></tr><tr><td>VIT-B32</td><td>4.7\u00b10.6</td><td>7.7\u00b10.2</td><td>8.3\u00b10.3</td><td colspan=\"2\">5.0\u00b10.0 4.8\u00b10.9</td></tr></table>", "html": null, "num": null, "type_str": "table"}, "TABREF11": {"text": "Performance of Finetuning (LoRA)  and SMM Facing Target Tasks with Different Input Image Sizes (Accyracy %, using ViT-L with a 384\u00d7384 input as the well-trained model, average results are calculated on all four tasks with 32\u00d732 inputs and all seven tasks with 128\u00d7128 inputs)", "content": "<table><tr><td/><td>EXTRA PARAMETERS</td><td colspan=\"4\">CIFAR10 CIFAR100 SVHN GTSRB</td><td>AVERAGE (32\u00d732)</td><td>AVERAGE (128\u00d7128)</td></tr><tr><td>FINETUNING-LORA</td><td>0.60M</td><td>95.9</td><td>83.6</td><td>65.3</td><td>66.6</td><td>77.9</td><td>83.4</td></tr><tr><td>OUR SMM</td><td>0.54M</td><td>97.4</td><td>87.3</td><td>91.0</td><td>84.2</td><td>90.0</td><td>83.5</td></tr></table>", "html": null, "num": null, "type_str": "table"}, "TABREF12": {"text": "Performance of Finetuning the Fully-Connected Layers (Finetuning-FC) without or with our SMM Module (Accuracy %, using", "content": "<table><tr><td>ResNet-50 as the well-trained model)</td><td/><td/><td/><td/><td/><td/></tr><tr><td/><td colspan=\"2\">CIFAR10 CIFAR100</td><td>SVHN</td><td>GTSRB</td><td>FLOWERS102</td><td>DTD</td></tr><tr><td>FINETUNING-FC</td><td>90.1</td><td>70.7</td><td>63.5</td><td>77.8</td><td>90.9</td><td>67.6</td></tr><tr><td>FINETUNING-FC + OUR SMM</td><td>91.2</td><td>72.4</td><td>86.9</td><td>85.2</td><td>90.9</td><td>68.2</td></tr><tr><td/><td>UCF101</td><td>FOOD101</td><td colspan=\"4\">SUN397 EUROSAT OXFORDPETS AVERAGE</td></tr><tr><td>FINETUNING-FC</td><td>70.8</td><td>57.6</td><td>53.5</td><td>95.7</td><td>90.4</td><td>75.3</td></tr><tr><td>FINETUNING-FC + OUR SMM</td><td>72.0</td><td>59.6</td><td>57.9</td><td>95.8</td><td>90.6</td><td>79.2</td></tr></table>", "html": null, "num": null, "type_str": "table"}}}}