{"paper_id": "GGS", "title": "IMPROVING PROTEIN OPTIMIZATION WITH SMOOTHED FITNESS LANDSCAPES", "abstract": "The ability to engineer novel proteins with higher fitness for a desired property would be revolutionary for biotechnology and medicine. Modeling the combinatorially large space of sequences is infeasible; prior methods often constrain optimization to a small mutational radius, but this drastically limits the design space. Instead of heuristics, we propose smoothing the fitness landscape to facilitate protein optimization. First, we formulate protein fitness as a graph signal then use Tikunov regularization to smooth the fitness landscape. We find optimizing in this smoothed landscape leads to improved performance across multiple methods in the GFP and AAV benchmarks. Second, we achieve state-of-the-art results utilizing discrete energy-based models and MCMC in the smoothed landscape. Our method, called Gibbs sampling with Graph-based Smoothing (GGS), demonstrates a unique ability to achieve 2.5 fold fitness improvement (with in-silico evaluation) over its training set. GGS demonstrates potential to optimize proteins in the limited data regime. Code: https://github.com/kirjner/GGS", "pdf_parse": {"paper_id": "GGS", "abstract": [{"text": "The ability to engineer novel proteins with higher fitness for a desired property would be revolutionary for biotechnology and medicine. Modeling the combinatorially large space of sequences is infeasible; prior methods often constrain optimization to a small mutational radius, but this drastically limits the design space. Instead of heuristics, we propose smoothing the fitness landscape to facilitate protein optimization. First, we formulate protein fitness as a graph signal then use Tikunov regularization to smooth the fitness landscape. We find optimizing in this smoothed landscape leads to improved performance across multiple methods in the GFP and AAV benchmarks. Second, we achieve state-of-the-art results utilizing discrete energy-based models and MCMC in the smoothed landscape. Our method, called Gibbs sampling with Graph-based Smoothing (GGS), demonstrates a unique ability to achieve 2.5 fold fitness improvement (with in-silico evaluation) over its training set. GGS demonstrates potential to optimize proteins in the limited data regime. Code: https://github.com/kirjner/GGS", "section": "Abstract", "sec_num": null}], "body_text": [{"text": "In protein engineering, fitness can be defined as performance on a desired property or function. Examples of fitness include catalytic activity for enzymes (Anderson et al., 2021) and fluorescence for biomarkers (Remington, 2011) . Protein optimization seeks to improve protein fitness by altering the underlying sequences of amino acids. However, the number of possible proteins increases exponentially with sequence length, rendering it infeasible to perform brute-force search to engineer novel functions, which often require multiple mutations from the starting sequence (i.e. at least 3 (Ghafari & Weissman, 2019) ). Directed evolution (Arnold, 1998) has been successful in improving protein fitness, but it requires substantial labor and time. We aim to computationally generate high-fitness proteins by optimizing a learned model of the fitness landscape, but face several challenges. Proteins can be notorious for highly non-smooth fitness landscapes1 : fitness can change dramatically with single mutations, fitness measurements contain experimental noise, and most protein sequences have zero fitness (Brookes et al., 2022) . Furthermore, protein fitness datasets are scarce and difficult to generate due to their high costs (Dallago et al., 2021) . As a result, machine learning (ML) methods are susceptible to predicting false positives and getting stuck in local optima (Brookes et al., 2019) . The 3D protein structure, if available, can provide information in navigating the noisy fitness landscape such as identifying hot spot residues (Zerbe et al., 2012) , but high quality structures are not available in many cases.", "section": "INTRODUCTION", "sec_num": "1"}, {"text": "One way to deal with noisy and limited data is to regularize the fitness landscape model2 . Our work considers a smoothing regularizer in which similar sequences (based on a distance measure) are predicted to have similar predicted fitness. While actual fitness lanscapes are not smooth, smoothing can be an important tool in the context of optimization, allowing gradient-based methods to reach higher peaks by avoiding local optima, especially in discrete optimization (Zanella, 2020) . A few works have studied properties of protein fitness landscapes (Section 2), but none have directly applied smoothing with a graph framework during optimization.", "section": "INTRODUCTION", "sec_num": "1"}, {"text": "We propose a novel method for applying smoothing to protein sequence and fitness data together with an optimization technique that takes advantage of the smoothing. First, we formulate sequences as a graph with fitness values as node attributes and apply Tikunov regularization to smooth the topological signal measured by the graph Laplacian. The smoothed data is then fitted with a neural network to be used as a model for discrete optimization (Figure 1 top). Second, we sample over the energy function for high fitness sequences by using the model's gradients in a Gibbs With Gradients (GWG) procedure (Grathwohl et al., 2021) . In GWG, a discrete distribution is constructed based on the model's gradients where mutations with improved fitness will correlate with higher probability. The process of taking gradients and sampling mutations is performed in an iterative fashion where subsequent mutations will guide towards higher fitness (Figure 1 ", "section": "INTRODUCTION", "sec_num": "1"}, {"text": "Figure 1 shows an overview of the method. We refer to the procedure of smoothing then sampling as Gibbs sampling with Graph-based Smoothing (GGS). To evaluate our method, we introduce a set of tasks using the well studied Green Fluorescent Proteins (GFP) (Sarkisyan et al., 2016) and Adeno-Associated Virus (AAV) (Bryant et al., 2021) proteins. We chose GFP and AAV because of their real-world importance and availability of large mutational data. We design a set of tasks that emulate starting with noisy and limited data and evaluate with a trained model (as done in most prior works). We evaluate GGS and prior works on our proposed benchmarks to show that GGS is state-of-the-art in GFP and AAV fitness optimization. Our contributions are summarized as follows:", "section": "bottom).", "sec_num": null}, {"text": "\u2022 We develop a novel sequence-based protein optimization algorithm, GGS, which uses graph-based smoothing to train a smoothed fitness model. The model is used as a discrete energy function to progressively sample mutations towards higher-fitness sequences with GWG (Section 3). \u2022 We develop a set of tasks that measure a method's ability to extrapolate towards higher fitness.", "section": "bottom).", "sec_num": null}, {"text": "We use publicly available GFP and AAV datasets to emulate difficult optimization scenarios of starting with limited and noisy data (Section 4.1). \u2022 Our benchmark shows prior methods fail to extrapolate towards higher fitness. However, we show graph-based smoothing can drastically improve their performance; in one baseline, the fitness jumps from 18% to 39% in GFP and 4% to 44% in AAV after smoothing (Section 4.2). \u2022 Our method GGS directly exploits smoothness to achieve state-of-the-art results with 5 times higher fitness in GFP and 2 times higher in AAV compared to the next best method (Section 4.2).", "section": "bottom).", "sec_num": null}, {"text": "Protein fitness regularization. The NK model was an early attempt to model smoothness of protein fitness through a statistical model of epistasis (Kauffman & Weinberger, 1989) . Brookes et al. (2022) proposed a framework to approximate the sparsity of protein fitness using a generalized NK model (Buzas & Dinitz, 2013) . Concurrently, dWJS (Frey et al., 2023) is most related to our work by utilizing Gaussian noise to regularize the discrete energy function during Langevin MCMC. dWJS trains by denoising to smooth a energy-based model whereas we apply discrete regularization using graph-based smoothing techniques.", "section": "RELATED WORK", "sec_num": "2"}, {"text": "Finally, we distinguish our smoothing method from traditional regularizers applied during training such as dropout (Srivastava et al., 2014) . Our goal is to smooth the fitness landscape in a way that is amenable for iterative optimization. We enforce similar sequences to have similar fitness which is not guaranteed with dropout or similar regularizers applied in minibatch training. Evaluating multiple smoothing strategies is not the focus of our work, but rather to demonstrate their importance.", "section": "RELATED WORK", "sec_num": "2"}, {"text": "The following describes our method. Section 3.1 details the problem formulation. Next section 3.2 describes the procedure for training a smoothed model. Lastly, section 3.3 provides background on Gibbs With Gradients (GWG) which is adapted for protein optimization. The full algorithm, Gibbs sampling with Graph-based Smoothing (GGS), is presented in Algorithm 1.", "section": "METHOD", "sec_num": "3"}, {"text": "We denote the starting set of N proteins as D = (X, Y ) where X = {x 1 , . . . , x N } \u2282 V M are the sequences and Y = {y 1 , . . . , y N } are corresponding real-valued scalar fitness measurements. Each sequence x i \u2208 V M is composed of M residues from a vocabulary V of 20 amino acids. Subscripts refer to different sequences. Note our method can be extended to other modalities, e.g. nucleic acids.", "section": "PROBLEM FORMULATION", "sec_num": "3.1"}, {"text": "For in-silico evaluation, we denote the set of all known sequences and fitness measurements as D * = (X * , Y * ). We assume there exists a unknown black-box function g : V M \u2192 R such that g(x * ) = y * . In practice, g needs to be approximated by a evaluator model, g \u03d5 , trained with weights \u03d5 to minimize prediction error on D * . g \u03d5 poses a limitation to evaluation since the true fitness needs to be verified with biological experiments. Nevertheless, an in-silico approximation provides a accessible way for evaluation and is done in all prior works. The starting dataset is a strict subset of the known dataset D \u2282 D * to simulate fitness optimization scenarios. Given D, our task is to generate a set of sequences with higher fitness than the starting set.", "section": "PROBLEM FORMULATION", "sec_num": "3.1"}, {"text": "Our goal is to develop a model of the sequence-to-fitness mapping that can be utilized when sampling higher fitness sequences. Unfortunately, the high-dimensional sequence space coupled with few data points and noisy labels can result in a noisy model that is prone to sampling false positives or getting stuck in local optima. To address this, we use smoothing techniques from graph signal processing.", "section": "GRAPH-BASED SMOOTHING ON PROTEINS", "sec_num": "3.2"}, {"text": "The smoothing process is depicted in Figure 2 . First, we train a noisy fitness model f \u03b8 : V M \u2192 R with weights \u03b8 on the initial dataset D using Mean-Squared Error (MSE). D is usually very small in real-world scenarios. We augment the dataset by using f \u03b8 to infer the fitness of neighboring sequences which we do not have labels for -known as transductive inference. Neighboring sequences are generated by randomly applying point mutations to each sequence in X. The augmented and original sequences become nodes, V , in our graph while their fitness labels are node attributes. Edges, E, are constructed with a k-nearest neighbor (kNN) graph around each node based on the Levenshtein distance3 . The graph construction algorithm can be found in Algorithm 4.", "section": "GRAPH-BASED SMOOTHING ON PROTEINS", "sec_num": "3.2"}, {"text": "The following borrows techniques from Isufi et al. (2022) . The smoothness of the fitness variability in our protein graph is defined as the sum over the square of all local variability,", "section": "GRAPH-BASED SMOOTHING ON PROTEINS", "sec_num": "3.2"}, {"text": "TV 2 (Y ) = 1 2 i\u2208V (\u2206y i ) 2 , \u2206y i = (i,j)\u2208E (y i -y j ) 2 .", "section": "GRAPH-BASED SMOOTHING ON PROTEINS", "sec_num": "3.2"}, {"text": "TV refers to Total Variation and \u2206y i is the local variability of node i that measures local changes in fitness. Using TV 2 as a regularizer, we solve the following optimization problem, known as Tikhunov regularization (Zhou & Sch\u00f6lkopf, 2004) , for a new set of smoothed fitness labels, arg min", "section": "GRAPH-BASED SMOOTHING ON PROTEINS", "sec_num": "3.2"}, {"text": "EQUATION", "section": "GRAPH-BASED SMOOTHING ON PROTEINS", "sec_num": "3.2"}, {"text": "With abuse of notation, we represent Y as a vector with each node's fitness. \u03b3 is a hyperparameter set to control the smoothness; too high can lead to underfitting. We experiment with different \u03b3's in Section 4. Since eq. ( 1) is a quadratic convex problem, it has a closed form solution, \u0176 = (I+\u03b3L) -1 Y where L is the graph Laplacian and I is the identity matrix. The final step is to retrain the model on the sequences in the graph and their smoothed fitness labels. The result will be a model f \u03b8 with lower TV 2 than before and thus improved smoothness. The smoothing algorithm is in Algorithm 2.", "section": "GRAPH-BASED SMOOTHING ON PROTEINS", "sec_num": "3.2"}, {"text": "Equipped with model f \u03b8 from section 3.2, we apply it in a procedure to sample mutations that improve the starting sequences' fitness. f \u03b8 can also be viewed as an energy-based model (EBM) that defines a Boltzmann distribution log p(x) = f \u03b8 (x) -log Z where Z is the normalization constant. Higher fitness sequences will be more likely under this distribution, while sampling will induce diversity and novelty. To sample from p(x), we use Gibbs With Gradients (GWG) Grathwohl et al. (2021) which has attracted significant interest due to its simplicity and state-of-the-art performance in discrete optimization. In this section, we describe the GWG procedure for protein sequences. GWG uses Gibbs sampling with approximations of locally informed proposals (Zanella, 2020):", "section": "SAMPLING IMPROVED FITNESS WITH GIBBS", "sec_num": "3.3"}, {"text": "q(x \u2032 |x) \u221d exp 1 2 i (x \u2032 i ) \u22a4 d \u03b8 (x) i 1(x \u2032 \u2208 H(x)), d \u03b8 (x) i = [\u2207 x f \u03b8 (x)] i -x i \u2299 [\u2207f \u03b8 (x)] i .", "section": "SAMPLING IMPROVED FITNESS WITH GIBBS", "sec_num": "3.3"}, {"text": "(2) With slight abuse of notation, we use the one-hot sequence representation x \u2208 {0, 1} M \u00d7|V| where x i \u2208 {0, 1} |V| represents the ith index of the sequence with 1 at its amino acid index and 0 elsewhere. \u2299 is the element wise product. H(x) = {y \u2208 V M : d Hamming (x, y) \u2264 1} is the 1-ball around x using Hamming distance. The core idea of GWG is to use d \u03b8 (x) i as the first order approximation of a continuous gradient of the change in likelihood from mutating the ith index of x to a different amino acid. The quality of the proposals in eq. ( 2) rely on the smoothness of the energy f \u03b8 (Theorem 1 in Grathwohl et al. (2021) ). If the gradients, \u2207f \u03b8 , are noisy, then the proposal distributions are ineffective in sampling better sequences. Hence, smoothing f \u03b8 is desirable (see section 4).", "section": "SAMPLING IMPROVED FITNESS WITH GIBBS", "sec_num": "3.3"}, {"text": "The choice of H(\u2022) as the 1-Hamming ball limits x \u2032 to point mutations from x and only requires O (M \u00d7 |V|) compute to construct. Let the point mutation where x and x \u2032 differ be defined by the residue location, i loc \u2208 {1, . . . , M }, and amino acid substitution, j sub \u2208 {1, . . . , |V|}. By limiting x \u2032 to point mutants (i loc , j sub ), sampling q(x \u2032 |x) is equivalent to sampling the following,", "section": "SAMPLING IMPROVED FITNESS WITH GIBBS", "sec_num": "3.3"}, {"text": "EQUATION", "section": "SAMPLING IMPROVED FITNESS WITH GIBBS", "sec_num": "3.3"}, {"text": "where \u03c4 is the sampling temperature and d \u03b8 (x) i,j is the logits of mutating to (i, j). The proposal sequence x \u2032 is constructed by setting its i loc residue to j sub and equal to x elsewhere. Each proposed sequence is accepted or rejected using Metropolis-Hasting (MH),", "section": "SAMPLING IMPROVED FITNESS WITH GIBBS", "sec_num": "3.3"}, {"text": "EQUATION", "section": "SAMPLING IMPROVED FITNESS WITH GIBBS", "sec_num": "3.3"}, {"text": "We provide the GWG algorithm in Algorithm 3.", "section": "SAMPLING IMPROVED FITNESS WITH GIBBS", "sec_num": "3.3"}, {"text": "Clustered sampling. GWG requires a starting sequence to start mutating. A reasonable starting set are the sequences X used to train the model. On each round r, we use eq. ( 3) to propose N prop mutations for each sequence. If accepted via eq. ( 4), then the mutated sequence will be added to the next round. However, this procedure can lead to an intractable number of sequences to consider.", "section": "SAMPLING IMPROVED FITNESS WITH GIBBS", "sec_num": "3.3"}, {"text": "To control compute bandwidth, we perform hierarchical clustering (M\u00fcllner, 2011 ) on all the sequences in a round and take the sequence of each cluster with the highest predicted fitness using f \u03b8 .", "section": "SAMPLING IMPROVED FITNESS WITH GIBBS", "sec_num": "3.3"}, {"text": "Let C be the number of clusters which we set based on amount of available compute. This procedure, known as Reduce, is,", "section": "SAMPLING IMPROVED FITNESS WITH GIBBS", "sec_num": "3.3"}, {"text": "EQUATION", "section": "SAMPLING IMPROVED FITNESS WITH GIBBS", "sec_num": "3.3"}, {"text": "Each round r reduces the sequences from the previous round and performs GWG sampling. Xr = Reduce(X r ; \u03b8), X r+1 = GWG( Xr ; \u03b8)", "section": "SAMPLING IMPROVED FITNESS WITH GIBBS", "sec_num": "3.3"}, {"text": "To summarize, we adapted GWG for protein optimization by developing a smoothed model to satisfy GWG's smoothness assumptions and use clustering during sampling to reduce redundancy and compute. An illustration of clustered sampling is provided in Figure 5 .", "section": "SAMPLING IMPROVED FITNESS WITH GIBBS", "sec_num": "3.3"}, {"text": "The full algorithm for smoothing and clustered sampling is provided in Algorithm 1.", "section": "SAMPLING IMPROVED FITNESS WITH GIBBS", "sec_num": "3.3"}, {"text": "Algorithm 1 GGS: Gibbs sampling with Graph-based Smoothing", "section": "SAMPLING IMPROVED FITNESS WITH GIBBS", "sec_num": "3.3"}, {"text": "Require:", "section": "SAMPLING IMPROVED FITNESS WITH GIBBS", "sec_num": "3.3"}, {"text": "Starting dataset: D = (X, Y ) 1: \u03b8 \u2190 arg max \u03b8 E (x,y)\u223cD (y -f \u03b8 (x)) 2 \u25b7 Initial training 2: \u03b8 \u2190 Smooth(D; \u03b8)", "section": "SAMPLING IMPROVED FITNESS WITH GIBBS", "sec_num": "3.3"}, {"text": "\u25b7 GS algorithm 2 3: for r = 0, . . . , R -1 do 4:", "section": "SAMPLING IMPROVED FITNESS WITH GIBBS", "sec_num": "3.3"}, {"text": "Xr \u2190 Reduce(X r ; \u03b8) 5:", "section": "SAMPLING IMPROVED FITNESS WITH GIBBS", "sec_num": "3.3"}, {"text": "X r+1 \u2190 GWG( Xr ; \u03b8)", "section": "SAMPLING IMPROVED FITNESS WITH GIBBS", "sec_num": "3.3"}, {"text": "\u25b7 GWG algorithm 3 6: end for 7: Return TopK(X R )", "section": "SAMPLING IMPROVED FITNESS WITH GIBBS", "sec_num": "3.3"}, {"text": "\u25b7 Return Top-K best sequences based on predicted fitness f \u03b8", "section": "SAMPLING IMPROVED FITNESS WITH GIBBS", "sec_num": "3.3"}, {"text": "Our experiments demonstrate the benefits of smoothing in protein optimization. Section 4.1 presents a set of challenging tasks based on the GFP and AAV proteins that emulate starting with experimental noise and a sparsely sampled fitness landscape. Section 4.2 evaluates the performance of baselines and our method, GGS, on our benchmark. In addition, we find applying smoothing improves performance for two baselines. Section 4.3 provides sweeps over hyperparameters and analysis of GGS.", "section": "EXPERIMENTS", "sec_num": "4"}, {"text": "Baselines. We choose a representative set of prior works that evaluated on GFP and AAV: GFlowNets (GFN-AL) (Jain et al., 2022) , model-based adaptive sampling (CbAS) (Brookes et al., 2019) , greedy search (AdaLead) (Sinai et al., 2020) , bayesian optimization (BO-qei) (Wilson et al., 2017) , conservative model-based optimization (CoMs) (Trabucco et al., 2021) , and proximal exploration (PEX) (Ren et al., 2022) . NOS (Gruver et al., 2023) performs protein optimization with diffusion models. However, their framework is tailored to antibody optimization and requires non-trivial modifications for general proteins. We were unable to evaluate Song & Li (2023) due to unrunnable public code.", "section": "EXPERIMENTS", "sec_num": "4"}, {"text": "GGS implementation. We use a 1D CNN (see Appendix B.1 for architecture and training) for model f \u03b8 . To ensure a fair comparison, we use the same model architecture in baselines when possible. In graph-based smoothing (GS), we augment the graph until it has N nodes = 250, 000 nodes. We found larger graphs to not give improvements. Similarly, we use \u03c4 = 0.1, R = 15 rounds and N prop = 100 proposals per round during GWG at which sequences would converge and more sampling did not give improvements. We choose the smoothing weight \u03b3 = 1.0 through grid search. We study sensitivity to hyperparameters, especially \u03b3, in Section 4.3.", "section": "EXPERIMENTS", "sec_num": "4"}, {"text": "We develop a set of tasks based on two well-studied protein systems: Green Fluoresent Protein (GFP) and Adeno-Associated Virus (AAV) (Sarkisyan et al., 2016; Bryant et al., 2021) . These were chosen due to their relatively large amount of measurements, 56,806 and 44,156 respectively, with sequence variability of up to 15 mutations from the wild-type. Other datasets are either too small or do not have enough sequence variability. GFP's fitness is its fluorescence properties as a biomarker while for AAV's is the ability to package a DNA payload, i.e. for gene delivery. We found GFP and AAV to suffice in demonstrating how prior methods fail to extrapolate.", "section": "BENCHMARK", "sec_num": "4.1"}, {"text": "One measure of difficulty is the number of mutations required to achieve the highest known fitness; this assesses a method's exploration capability. We designate the set of optimal proteins, X 99th , as any sequence in the 99th fitness percentile in the entire dataset4 . Quantitatively, we compute the minimum number of mutations required from the training set to achieve the optimal fitness: Gap(X 0 ; X 99th ) = min({dist(x, x) :", "section": "BENCHMARK", "sec_num": "4.1"}, {"text": "EQUATION", "section": "BENCHMARK", "sec_num": "4.1"}, {"text": "A high mutational gap would require the method discovering many mutations in a high dimensional space. A second measure of difficulty is the fitness range of the starting set of sequences. Starting with a low range of fitness requires the method to learn from barely functional proteins and exploit limited knowledge to find mutations that confer higher fitness. Appendix A shows Gap and starting rate are necessary as we found the previous GFP benchmark (Trabucco et al., 2022) as too \"easy\" by only requiring one mutation to achieve the optimal fitness.", "section": "BENCHMARK", "sec_num": "4.1"}, {"text": "Recall the protein optimization task is to use the starting set D to propose a set of sequences with higher fitness. We design two difficulties, medium and hard, for GFP and AAV based on the properties of D. We restricted the range and the mutational gap to modulate task difficulty. We found Gap= 7 and Range < 30% to suffice in finding where our baseline methods fail to discover better proteins.", "section": "BENCHMARK", "sec_num": "4.1"}, {"text": "We use this setting as the hard difficulty and sought to develop GGS to solve it. In-silico evaluation. We follow prior works in using a trained evaluator model as a proxy for realworld experimental validation. A popular model choice is the TAPE transformer (Rao et al., 2019) . However, we noticed a poor performance of the transformer compared to a simpler CNN that matches the findings of Dallago et al. (2021) . We use CNN architecture for the evaluator due to its superior performance. Following Jain et al. (2022) , each method generates 128 samples X = {x i } 128 i=1 whose approximated fitness is predicted with the evaluator. We additionally report Diversity and Novelty that are also used in Jain et al. (2022) . Descriptions of these metrics can be found in Appendix B.2 We emphasize that higher diversity and novelty are not equivalent to better performance, but provide insight into the exploration and exploitation trade-offs of different methods. For instance, a random algorithm would achieve maximum diversity and novelty.", "section": "BENCHMARK", "sec_num": "4.1"}, {"text": "We run 5 seeds and report the average metric across all seeds including the standard deviation in parentheses. We evaluate GGS and previously described baselines. To ensure a fair comparison, we use the same CNN architecture as the model across all methods -all our baselines (and GGS) perform model-based optimization. Since graph-based smoothing (GS) is a general technique, we sought to evaluate its effectiveness in each of our baselines. To incorporate GS, we used the smoothed predictor as a replacement in each baseline which will be denoted with \"+ GS\". Table 3 summarizes GFP results while table 4 summarizes AAV.", "section": "RESULTS", "sec_num": "4.2"}, {"text": "GGS substantially outperforms all unsmoothed baselines, consistently achieving a improvement in fitness from the starting range of fitness in each difficulty. However, the smoothed baselines (lines with + GS) demonstrated a up to three fold improvement for CbAS, AdaLead. We find larger improvements in GFP where the sequence space is far larger than AAV -suggesting the GFP fitness landscape is harder to optimize over.", "section": "RESULTS", "sec_num": "4.2"}, {"text": "The most difficult task is clearly hard difficulty on GFP where all the baselines without smoothing cannot achieve fitness higher than the training set. With smoothing, GGS achieves the best fitness since the sampling procedure uses gradient-based proposals that benefit from a smooth model. Appendix C.2.1 presents results on additional difficulties to analyze GGS beyond hard.. We observe GGS is able to achieve the highest fitness while exhibiting respectable diversity and novelty. Notably, GGS's novelty falls within the range of the mutational gap in each difficulty, suggesting it is extrapolating an appropriate amount for each task. Our sampling procedure, GWG, fails to perform without smoothing which agrees with its theoretical requirements of requiring a smooth model for good performance. We conclude smoothing is a beneficial technique not only for GGS but also for some baselines. GGS is able to achieve state-of-the-art results in our benchmark. (0.1) 16.3 (1.6) 213 (2.7) 0.16 (0.2) 22.2 (0.8) 215 (4.6)  CbAS 0.14 (0.0) 9.7 (1.1) 7.2 (0.4) 0.18 (0.0) 9.6 (1.3) 7.8 (0.4) CbAS + GS 0.66 (0.1) 3.8 (0.4) 5.0 (0.0) 0.57 (0.0) 4.2 (0.17) 6.3 (0.6) AdaLead 0.56 (0.0) 3.5 (0.1) 2.0 (0.0) 0.18 (0.0) 5.6 (0.5) 2.8 (0.4) AdaLead + GS 0.59 (0.0) 5.5 (0. 25) 128 ( 84) 0.0 (0.1) 114 ( 36) 187 (5.7) PEX 0.47 (0.0) 3.0 (0.0) 1.4 (0.2) 0.0 (0.0) 3.0 (0.0 1.3 (0.3) PEX + GS 0.45 (0.0) 2.9 (0.0) 1.2 (0.3) 0.0 (0.0) 2.9 (0.0) 1.2 (0.3) GWG 0.1 (0.0) 33.0 (0.8) 12.8 (0.4) 0.0 (0.0) 4.2 (7.0) 7.6 (1.1) GGS (ours) 0.76 (0.0) 3.7 (0.2) 5.0 (0.0) 0.74 (0.0) 3.6 (0.1) 8.0 (0.0) 9.0 (1.1) 20.6 (0.5) 0.1 (0.1) 9.5 (2.5) 19.4 (1.1) CbAS 0.43 (0.0) 12.7 (0.7) 7.2 (0.4) 0.36 (0.0) 14.4 (0.7) 8.6 (0.5) CbAS + GS 0.47 (0.1) 8.8 (0.9) 5.3 (0.6) 0.4 (0.0) 12.5 (0.4) 7.0 (0.0) AdaLead 0.46 (0.0) 8.5 (0.8) 2.8 (0.4) 0.4 (0.0) 8.53 (0.1) 3.4 (0.5) AdaLead + GS 0.43 (0.0) 3.77 (0.2) 2.0 (0.0) 0.44 (0.0) 2.9 (0.1) 2.0 (0.0) BOqei 0.38 (0.0) 15.22 (0.8) 0.0 (0.0) 0.32 (0.0) 17.9 (0.3) 0.0 (0.0) BOqei + GS 0.34 (0.0) 12.2 (0.3) 0.0 (0.0) 0.32 (0.0) 17.2 (0.7) 0.0 (0.0) CoMS 0.37 (0.1) 10.1 (5.9) 8.2 (3.5) 0.26 (0.0) 10.7 (3.5) 10.0 (2.8) CoMS + GS 0.37 (0.1) 9.0 (3.6) 8.6 (3.7) 0.22 (0.1) 13.2 (1.9) 12.6 (2.4) PEX 0.4 (0.0) 2.8 (0.0)", "section": "RESULTS", "sec_num": "4.2"}, {"text": "1.4 (0.2) 0.3 (0.0) 2.8 (0.0) 1.3 (0.3) PEX + GS 0.4 (0.0) 2.8 (0.0) 1.4 (0.2) 0.3 (0.0) 2.8 (0.0) 1.1 (0.", "section": "RESULTS", "sec_num": "4.2"}, {"text": "2) GWG 0.43 (0.1) 6.6 (6.3) 7.7 (0.8) 0.33 (0.0) 12.0 (0.4) 12.2 (0.4) GGS (ours) 0.51 (0.0) 4.0 (0.2) 5.4 (0.5) 0.60 (0.0) 4.5 (0.5) 7.0 (0.0)", "section": "RESULTS", "sec_num": "4.2"}, {"text": "We analyze the effect of varying the following hyperparameters: number of nodes N nodes in the protein graph, smoothness weight \u03b3 in eq. ( 1), and number of sampling rounds R during GWG sampling. For space, we leave the analysis of the sampling temperature \u03c4 in appendix C.1. Figure 3 presents the results of running GGS with different hyperparameters on the hard difficulty of GFP and AAV. Along the X-axis, we plot the median performance of the sequences during each round of GWG where r = 0 is initialization and r = 15 are the sequences and the end of GWG. The Y-axis shows the predicted fitness of the smoothed model in blue while the fitness scored with our is shown in red. Interestingly, we find in the majority of cases the smoothed model's predictions are highly correlated with the evaluator along the sampling trajectory. This is despite the model being trained on 4% of the data with the hard filtering. Appendix C.2.2 shows the prediction error where we find smoothing greatly improves in predicting the fitness of unseen sequences despite having higher train error.", "section": "ANALYSIS", "sec_num": "4.3"}, {"text": "Graph size. We find N nodes = 250, 000 nodes to have the best performance over a smaller graph with 100,000 nodes. Larger graphs allow for better approximation of the fitness landscape. However, larger graphs require more compute. A future direction could be to determine optimal graph size with different node augmentations strategies than random mutations.", "section": "ANALYSIS", "sec_num": "4.3"}, {"text": "Smoothing. Too much smoothing \u03b3 = 10.0 can lead to worse performance in AAV while GFP is not sensitive. This suggests the optimal \u03b3 is dependent on the particular fitness landscape. Since real proteins landscapes are unknown, the biggest limitation of our method is determining the optimal \u03b3. An important extension of GGS is to theoretically characterize landscapes (Buzas & Dinitz, 2013) and provide guidelines of selecting \u03b3.", "section": "ANALYSIS", "sec_num": "4.3"}, {"text": "Sampling convergence. We find a set number of rounds are required for GWG sampling to converge when the landscape is smooth enough (middle and right column). We find additional rounds are unnecessary; in practice, more rounds can be ran to ensure convergence. Results on sweeping the temperature are in Appendix C.1 where we see 0.1 clearly performs the best for GFP and AAV.", "section": "ANALYSIS", "sec_num": "4.3"}, {"text": "Figure 3 : GGS hyperparameter analysis on GFP and AAV hard difficulty. See Section 4.3.", "section": "ANALYSIS", "sec_num": "4.3"}, {"text": "We present Gibbs sampling with Graph-based Smoothing (GGS) for protein optimization with a smoothed fitness landscape. Our main contribution and insight is a novel application of graph signal processing to protein optimization. We show smoothing is not only beneficial to our method but also to our baselines. To evaluate, we designed a suite of tasks around two measure of difficulty: number of edits to achieve the 99th percentile (mutational gap) and starting range of fitness. All baselines struggled to achieve good performance on our tasks. However, some baselines showed a three fold improvement with smoothing. GGS performed the best by combining Gibbs with gradients with a smoothed model -demonstrating the synergy of gradient-based sampling with a smooth discrete energy-based model. Our results highlight the benefits of optimizing over a smooth landscape that may not be reflective of the true fitness landscape. We believe it's important to investigate how regularization can be used to transform protein fitness data to be compatible with modern optimization algorithms. Our goal is to not learn the excess biological noise, but find the signal in the data to discover the best protein. We conclude with limitations.", "section": "DISCUSSION", "sec_num": "5"}, {"text": "Evaluation limitations. The results demonstrate strong evidence of using smoothing given its improvement in multiple methods. Despite this, our evaluations follow prior works by utilizing an trained model for evaluation. This can be unreliable compared to testing out sequences with wet-lab validation. Unfortunately, wet-lab validation can be cost and time intensive. The ultimate test would be to use GGS in an active learning or experimental pipeline with wet-lab validation in the loop.", "section": "DISCUSSION", "sec_num": "5"}, {"text": "Method limitations. Our method utilizes several hyperparameters such as the graph size and smoothing parameter \u03b3. We demonstrated the effects of each hyperparameter in Section 4.3. Given the success of smoothing, it is desirable to find systematic ways to determine optimal hyperparameters based on an approximation of the underlying fitness landscape. We demonstrated our hyperparameter choices are not specific to either AAV or GFP, but this does not guarantee optimality for new landscapes. We believe the connections between spectral graph theory and protein optimization has more to give in advancing the important problem of protein optimization.", "section": "DISCUSSION", "sec_num": "5"}, {"text": "A ADDITIONAL GFP ANALYSIS Design-bench difficulty. Prior works have used the GFP task introduced by design-bench (DB), a suite of model-based reinforcement learning tasks (Trabucco et al., 2022) , which samples a starting set of 5,000 sequences from the 50-60th percentile fitness range. However, we found this task to be too easy in the sense only one mutation was required from sequences in the training set to achieve the 99th percentile. We quantify this difficulty using the mutational gap described in eq. ( 6). Our proposed medium and hard difficulties (Section 4.1) require many more mutations to reach the top fitness percentile, see Figure 4 . Similar issues may be present in other benchmarks. B ADDITIONAL METHODS", "section": "DISCUSSION", "sec_num": "5"}, {"text": "We utilize a 1D convolutional neural network (CNN) architecture in our model and oracle. The CNN takes in a one-hot encoded sequence as input then applies a 1D convolution with kernel width 5 followed by max-pooling and a dense layer to a single node that outputs a scalar value. It uses 256 channels throughout for a total of 157,000 parameters. Despite its simplicity, we find the CNN to outperform Transformers. Indeed, this corroborates the results in Dallago et al. (2021) that a simple CNN can be effective in low data regimes.", "section": "B.1 CNN ARCHITECTURE", "sec_num": null}, {"text": "Training is performed with batch size 1024, ADAM optimizer (Kingma & Ba, 2014) (with \u03b2 1 = 0.9, \u03b2 2 = 0.999), learning rate 0.0001, and 50 epochs, using a single A6000 Nvidia GPU.", "section": "B.1 CNN ARCHITECTURE", "sec_num": null}, {"text": "We provide mathematical definitions of each metric. Note g \u03d5 is the evaluator trained to predict the approximate fitness as a proxy for experimental validation.", "section": "B.2 METRICS", "sec_num": null}, {"text": "\u2022 x \u2032 \u2190 x 5:", "section": "B.2 METRICS", "sec_num": null}, {"text": "(i loc , j sub ) \u223c q(\u2022|x) \u25b7 Sample index and token eq. (3) 6:", "section": "B.2 METRICS", "sec_num": null}, {"text": "x \u2032 i loc \u2190 V j sub \u25b7 Apply mutation 7:", "section": "B.2 METRICS", "sec_num": null}, {"text": "if accept using eq. ( 4) then 8:", "section": "B.2 METRICS", "sec_num": null}, {"text": "X \u2032 \u2190 X \u2032 \u222a {x \u2032 } 9:", "section": "B.2 METRICS", "sec_num": null}, {"text": "end if 10:", "section": "B.2 METRICS", "sec_num": null}, {"text": "end for 11: end for 12: Return X \u2032 \u25b7 Return accepted sequences.", "section": "B.2 METRICS", "sec_num": null}, {"text": "Require: Sequences: X 1: V \u2190 X \u25b7 Construct nodes. 2: while |V | \u2264 N nodes do 3:", "section": "Algorithm 4 CreateGraph", "sec_num": null}, {"text": "x \u223c U(V ) 4:", "section": "Algorithm 4 CreateGraph", "sec_num": null}, {"text": "x \u2032 \u2190 PointMutation(x)", "section": "Algorithm 4 CreateGraph", "sec_num": null}, {"text": "\u25b7 Sample a point mutation uniformly at random. 5: end while 6: E \u2190 x\u2208V kNN(x; V ) \u25b7 Construct edges (Algorithm 5). ) is ran to generate many sample sequences, V r+1 . To control computation, we hierarchically cluster all sampled sequences based on Levenshtein distance and take the top fitness sequence in each cluster, using our trained fitness prediction model f \u03b8 to score each sequence -we refer to this subroutine as Reduce (eq. ( 5)). The top sequences, \u1e7cr+1 are used for the next round.", "section": "Algorithm 4 CreateGraph", "sec_num": null}, {"text": "We determine the effect of different tmperatures \u03b3 when running GGS on the hard difficulty for GFP and AAV. All other hyperparameters follow those used in the main results, see Section 4.2. Table 5 shows the results where clearly \u03b3 = 0.1 performs the best for both AAV and GFP.", "section": "C.1 SAMPLING TEMPERATURE SWEEP", "sec_num": null}, {"text": "Finally, we note that in every case except two, smoothing dramatically increases acceptance rate of the GWG sampling procedure, which aligns with the inversely proportional relationship between smoothness of the energy function and sampling efficiency. In the case of the hardest GFP task, even the the smoothed model had overfit to the training set. As for the GFP medium task, we suspect that this particular section of the experimental dataset allowed the unsmoothed model to learn a smooth landscape initially.", "section": "C.1 SAMPLING TEMPERATURE SWEEP", "sec_num": null}, {"text": "Landscape refers to the sequence to fitness mapping.", "section": "", "sec_num": null}, {"text": "In the sequel, we will use \"model\" when referring to the fitness landscape model.", "section": "", "sec_num": null}, {"text": "Defined as the minimum number of mutations between two sequences.", "section": "", "sec_num": null}, {"text": "This may differ from the true optimal protein found in nature. Unfortunately, we must work with existing datasets since every possible protein cannot be experimentally measured.", "section": "", "sec_num": null}], "back_matter": [{"text": "The authors thank Hannes St\u00e4rk, Rachel Wu, Nathaniel Bennett, Sean Murphy, Jaedong Hwang, Josef \u0160ivic, and Tom\u00e1\u0161 Pluskal for helpful discussion and feedback. JY was supported in part by an NSF-GRFP. JY, RB, and TJ acknowledge support from NSF Expeditions grant (award 1918839: Collaborative Research: Understanding the World Through Code), Machine Learning for Pharmaceutical Discovery and Synthesis (MLPDS) consortium, the Abdul Latif Jameel Clinic for Machine Learning in Health, the DTRA Discovery of Medical Countermeasures Against New and Emerging (DOMANE) threats program, the DARPA Accelerated Molecular Discovery program and the Sanofi Computational Antibody Design grant. IF is supported by the Office of Naval Research, the Howard Hughes Medical Institute (HHMI), and NIH (NIMH-MH129046). RS was partly supported by the European Regional Development Fund under the project IMPACT (reg. no. CZ.02.1.01/0.0/0.0/15 003/0000468), the Ministry of Education, Youth and Sports of the Czech Republic through the e-INFRA CZ (ID:90254), and the MISTI Global Seed Funds under the MIT-Czech Republic Seed Fund.", "section": "ACKNOWLEDGMENTS", "sec_num": null}, {"text": ".4 (0.5) 0.45 (0.0) 15.2 (1.1) 9.0 (0.0) 0.1 0.74 (0.0) 3.6 (0.1) 8.0 (0.0) 0.6 (0.0) 4.5 (0.2) 7.0 (0.0) 1.0 0.0 (0.1) 28.2 (0.8) 11.4 (0.5) 0.45 (0.0) 11.9 (0.5) 8.0 (0.0) 2.0 0.0 (0.1) 36.1 (1.0) 13.0 (0.0) 0.33 (0.0) 16.7 (0.9) 8.5 (0.5)", "section": "annex", "sec_num": null}, {"text": "In this section, we provide further analyses into the effect of smoothing on performance of GGS, extrapolation to unseen data, and acceptance rate of the GWG sampling procedure. Throughout, we use the same parameters \u03c4 = 0.1, \u03b3 = 1, r = 15, N nodes = 250, 000 as in the main text.", "section": "C.2 SMOOTHING ANALYSIS", "sec_num": null}, {"text": "We first define additional benchmarks, one easier, and three harder, for each protein dataset. We note that the \"easy\" GFP task is equivalent to the design-bench baseline that is sometimes used as a benchmark in protein engineering tasks. Due to experimental noise, protein variants are assayed multiple times, and can be assigned multiple fitness values, which means the fitness values of one sequence may occupy a large percentile range. In the case of this task, multiple measurements of the wildtype GFP fitness are found in the 50th-60th percentile range. Because WT GFP is also a \"top sequence,\" this task necessarily has a mutational gap of 0. Due to this leakage, we develop our own benchmarks in the main text, and extend those to AAV.", "section": "C.2.1 ADDITIONAL BENCHMARKS", "sec_num": null}, {"text": "The following two tables show how a smoothed model outperforms its unsmoothed counterpart according to our evaluator across all GFP/AAV benchmarks except AAV Harder2 (see ( * )), and GFP Harder3, where the smoothing was not sufficient to induce successful GWG sampling (see Table 10 ). For the GFP task, our model fails (achieves 0 median fitness) when we restrict the data to the 10th percentile and mutation gap 8 for GFP where |D| = 397. For AAV, we find the model is able to still find signal and achieve 0.384 evaluated fitness despite the data being limited to the 10th percentile and mutation gap of 13 where |D| = 476. It is notable, though, that the performance improvements gained from smoothing are smaller than in the case of GFP. Presumably, this is due to the vastly reduced dimension of the AAV sequence space in comparison to that of GFP, which may result in a neural network to learn a smoother landscape without any regularization.", "section": "C.2.2 HOW SMOOTHING AFFECTS PERFORMANCE", "sec_num": null}, {"text": "The following tables show the benefits of smoothing on extrapolation to held out ground truth experimental data, up to a certain difficulty benchmark, as well as how smoothing vastly improves the acceptance rate for the GWG sampling procedure. For each benchmark category, we evaluated the impact of smoothing on extrapolation abilities by analyzing the Mean Absolute Error (MAE) of the models on that benchmark's training and holdout datasets from the experimental ground truth. The effectiveness of smoothing was indicated by reduced MAE values on the holdout set. We also find that the MAE on the training set is lower for the unsmoothed models, as expected. In line with the results of the previous section, the effect of smoothing is reduced for AAV. As task difficulty increases, for both proteins, the effectiveness of smoothing on extrapolation decreases, which we expect as any signal leading from the training set to the fitter sequences gets obscured as training set size decreases.", "section": "C.2.3 HOW SMOOTHING AFFECTS EXTRAPOLATION + SAMPLING", "sec_num": null}], "ref_entries": {"FIGREF0": {"uris": null, "fig_num": "1", "text": "Figure 1: Overview. (A) Protein optimization is challenging due to a noisy fitness landscape where the starting dataset (unblurred) is a fraction of the landscape with the highest fitness sequences hidden (blurred). (B) We develop Graph-based Smoothing (GS) to estimate a smoothed fitness landscape from the starting data. (C) A model is trained on the smoothed fitness landscape to infer the rest of the landscape. (D) Gradients from the model are used in Gibbs With Gradients (GWG) where on each step a new mutation is proposed. (E) The goal of sampling is for each trajectory to gradually head towards higher fitness.", "num": null, "type_str": "figure"}, "FIGREF1": {"uris": null, "fig_num": "2", "text": "Figure 2: Steps in graph-based smoothing on proteins illustrated with a fictitious data of length 2 sequences with vocabulary {A, B}. Above each node are corresponding fitness values. Solid nodes are those in our training set while dashed nodes are augmented via point mutations to increase the smoothing effectiveness. See section 3.2 for description of each step.", "num": null, "type_str": "figure"}, "FIGREF3": {"uris": null, "fig_num": "4", "text": "Figure 4: Easy is taken from design-bench where sequences between the 50-60th percentile are used in training regardless of edit distance to sequences in the 99th percentile. Data leakage is present due to multiple measurements that allows the wild-type and other top sequences to be included during training. Medium filters the training dataset to have sequences in the 20-40th percentile and be 6 or more mutations away from anything in the top 99th percentile. Hard similarly filters for sequences in at most the 30th percentile and 7 or more mutations away.", "num": null, "type_str": "figure"}, "FIGREF4": {"uris": null, "fig_num": null, "text": "Normalized) Fitness = median({\u03be(x i ; Y * )} Nsamples i=1 ) where \u03be(x; Y * ) = g \u03d5 (xi)-min(Y * ) max(Y * )-min(Y * ) is the min-max normalized fitness based on the lowest and highest known fitness in Y * .\u2022 Diversity = median({dist(x, x) : x, x \u2208 X, x \u0338 = x}) is the average sample similarity.\u2022 Novelty = median({\u03b7(x i ; X)} Nsamples i=1 ) where \u03b7(x; X) = min({dist(x, x) : x \u2208 X * , x \u0338 = x})is the minimum distance of sample x to any of the starting sequences X.Algorithm 2 Smooth: Graph-based Smoothing Require: Sequences: X Require: Noisy model weights:\u03b8 1: V, E \u2190 CreateGraph(X) \u25b7 Construct graph (Algorithm 4). 2: L \u2190 GraphLaplacian(V, E) \u25b7 Compute graph Laplacian. 3: Y \u2190 [f \u03b8 (x 1 ), . . . , f \u03b8 (x Nnodes )] \u22a4 4: \u0176 \u2190 (I + \u03b3L) -1 Y \u25b7 Compute smoothed fitness labels. 5: \u03b8 \u2190 arg max \u03b8 E (x,\u0177)\u223c(V, \u0176 ) (\u0177 -f \u03b8 (x)) 2\u25b7 Train on smoothed dataset. 6: Return \u03b8 Algorithm 3 GWG: Gibbs With Gradients Require: Parent sequences: X Require: Model weights: \u03b8 1: X \u2032 \u2190 \u2205 2: for x \u2208 X do 3:for i = 1, . . . , N prop do \u25b7 Number of proposals per sequence.4:", "num": null, "type_str": "figure"}, "FIGREF5": {"uris": null, "fig_num": "5", "text": "Figure5: Illustration of clustered sampling. \u1e7cr is the starting set of sequences for sampling in round r. GWG (Algorithm 3) is ran to generate many sample sequences, V r+1 . To control computation, we hierarchically cluster all sampled sequences based on Levenshtein distance and take the top fitness sequence in each cluster, using our trained fitness prediction model f \u03b8 to score each sequence -we refer to this subroutine as Reduce (eq. (5)). The top sequences, \u1e7cr+1 are used for the next round.", "num": null, "type_str": "figure"}, "TABREF0": {"content": "<table><tr><td/><td colspan=\"2\">: GFP tasks</td><td/><td/><td colspan=\"2\">Table 2: AAV tasks</td><td/></tr><tr><td colspan=\"3\">Difficulty Range (%) Gap</td><td>|D|</td><td colspan=\"3\">Difficulty Range (%) Gap</td><td>|D|</td></tr><tr><td>Medium</td><td>20th-40th</td><td>6</td><td>2828</td><td>Medium</td><td>20th-40th</td><td>6</td><td>2139</td></tr><tr><td>Hard</td><td>&lt; 30th</td><td>7</td><td>2426</td><td>Hard</td><td>&lt; 30th</td><td>7</td><td>3448</td></tr></table>", "text": "", "num": null, "html": null, "type_str": "table"}, "TABREF1": {"content": "<table><tr><td/><td/><td colspan=\"2\">Medium difficulty</td><td/><td>Hard difficulty</td><td/></tr><tr><td>Method</td><td>Fitness</td><td>Diversity</td><td>Novelty</td><td>Fitness</td><td>Diversity</td><td>Novelty</td></tr><tr><td>GFN-AL</td><td colspan=\"3\">0.09 (0.1) 25.1 (0.5) 213 (2.2)</td><td colspan=\"3\">0.1 (0.2) 23.6 (1.0) 214 (4.2)</td></tr><tr><td colspan=\"2\">GFN-AL + GS 0.15</td><td/><td/><td/><td/><td/></tr></table>", "text": "GFP optimization results. Bold indicates improvement with smoothing.", "num": null, "html": null, "type_str": "table"}, "TABREF2": {"content": "<table><tr><td/><td colspan=\"3\">Medium difficulty</td><td/><td>Hard difficulty</td><td/></tr><tr><td>Method</td><td>Fitness</td><td>Diversity</td><td>Novelty</td><td>Fitness</td><td>Diversity</td><td>Novelty</td></tr><tr><td>GFN-AL</td><td>0.2 (0.1)</td><td>9.6 (1.2)</td><td colspan=\"4\">19.4 (1.1) 0.1 (0.1) 11.6 (1.4) 19.6 (1.1)</td></tr><tr><td colspan=\"2\">GFN-AL + GS 0.18 (0.1)</td><td/><td/><td/><td/><td/></tr></table>", "text": "AAV optimization results. Bold indicates improvement with smoothing.", "num": null, "html": null, "type_str": "table"}}}}