{"paper_id": "PASTA", "title": "TELL YOUR MODEL WHERE TO ATTEND: POST-HOC ATTENTION STEERING FOR LLMS", "abstract": "In human-written articles, we often leverage the subtleties of text style, such as bold and italics, to guide the attention of readers. These textual emphases are vital for the readers to grasp the conveyed information. When interacting with large language models (LLMs), we have a similar need -steering the model to pay closer attention to user-specified information, e.g., an instruction. Existing methods, however, are constrained to process plain text and do not support such a mechanism. This motivates us to introduce PASTA -Post-hoc Attention STeering Approach, a method that allows LLMs to read text with user-specified emphasis marks. To this end, PASTA identifies a small subset of attention heads and applies precise attention reweighting on them, directing the model attention to user-specified parts. Like prompting, PASTA is applied at inference time and does not require changing any model parameters. Experiments demonstrate that PASTA can substantially enhance an LLM's ability to follow user instructions or integrate new knowledge from user inputs, leading to a significant performance improvement on a variety of tasks, e.g., an average accuracy improvement of 22% for LLAMA-7B. Our code is publicly available at https://github.com/QingruZhang/PASTA. * Work is done during Qingru Zhang's internship at Microsoft Research. 1 We use prompts to refer to all LLM text inputs, including user instructions, and the other background information (which we refer to as context).", "pdf_parse": {"paper_id": "PASTA", "abstract": [{"text": "In human-written articles, we often leverage the subtleties of text style, such as bold and italics, to guide the attention of readers. These textual emphases are vital for the readers to grasp the conveyed information. When interacting with large language models (LLMs), we have a similar need -steering the model to pay closer attention to user-specified information, e.g., an instruction. Existing methods, however, are constrained to process plain text and do not support such a mechanism. This motivates us to introduce PASTA -Post-hoc Attention STeering Approach, a method that allows LLMs to read text with user-specified emphasis marks. To this end, PASTA identifies a small subset of attention heads and applies precise attention reweighting on them, directing the model attention to user-specified parts. Like prompting, PASTA is applied at inference time and does not require changing any model parameters. Experiments demonstrate that PASTA can substantially enhance an LLM's ability to follow user instructions or integrate new knowledge from user inputs, leading to a significant performance improvement on a variety of tasks, e.g., an average accuracy improvement of 22% for LLAMA-7B. Our code is publicly available at https://github.com/QingruZhang/PASTA. * Work is done during Qingru Zhang's internship at Microsoft Research. 1 We use prompts to refer to all LLM text inputs, including user instructions, and the other background information (which we refer to as context).", "section": "Abstract", "sec_num": null}], "body_text": [{"text": "The advent of large language models (LLMs) has marked a significant milestone in natural language processing (NLP) and artificial intelligence (AI), showcasing exceptional performance across a wide range of tasks (Vaswani et al., 2017; Brown et al., 2020a; OpenAI, 2023) . Efforts to further refine these models have been relentless, aiming to enable them to process and respond to natural and programming languages with human-like expertise (Stiennon et al., 2020; Yao et al., 2023) .", "section": "INTRODUCTION", "sec_num": "1"}, {"text": "Despite their remarkable achievements, LLMs often encounter challenges in understanding their contextual inputs during interactions with users (Shen et al., 2023; Lu et al., 2021) . This difficulty becomes particular evident when they are presented prompts 1 containing extensive background contexts or complex user instructions. Lengthy contexts can overwhelm LLMs, as their attention modules, learned from data, are unable to fully capture crucial details (Liu et al., 2023) . Complex instructions can further inhibit the model from focusing on the user's intentions, resulting in undesired outputs (Wei et al., 2022) . Additionally, for time-sensitive data, such as news articles, there can exist factual knowledge within contexts, which contradicts with model prior beliefs induced from outdated pre-training. As a result, a model may generate outputs conditioned on its pre-existing belief instead of attending to new facts within the contexts (Meng et al., 2022a; b; Mitchell et al., 2022; Hernandez et al., 2023) . All of these challenges contribute to LLMs struggling to comprehend user intentions.", "section": "INTRODUCTION", "sec_num": "1"}, {"text": "Compared to LLMs, human readers rarely struggle to understand the emphases of articles and intentions of writers. Writers often leverage a variety of text styles, such as bold and italics, to emphasize specific contents. This mechanism enables writers to direct and maintain the attention of human readers, ensuring that the intended information is accurately captured. In interactions between users and LLMs, it is users also need to highlight specific information for the model. Consequently, model generation can be effectively biased in accordance with user guidance, thus addressing the challenges mentioned earlier. This feature is particularly essential when designing user-AI interfaces, and can be frequently applied in extensive conversations between users and models. Existing methods, however, do not support such a mechanism. LLMs are inherently limited to processing plain texts, devoid of any stylistic cues or emphasis markers (Brown et al., 2020b; Liu et al., 2021; Wei et al., 2022) . Even when emphasis markers are added to prompts, state-of-the-art LLMs often struggle to discern weak signals from a couple of marker tokens (See evidence in Section 5.1).", "section": "INTRODUCTION", "sec_num": "1"}, {"text": "Motivated by the need to convey user emphasis, we introduce PASTA (Post-hoc Attention STeering Approach), a post-hoc method2 that enables users to highlight specific information, e.g., an instruction as in Figure 1 , and steer models to interpret emphasized texts like human readers. Specifically, PASTA selects a small subset of attention heads and applies precise attention reweighting on them. As illustrated in Figure 1 , PASTA upweights the attention scores of the user-specified tokens while downweighting the other tokens at specific attention heads. Our method is inspired by the observation that attention modules exhibit various token-attending patterns across different heads (Michel et al., 2019; Voita et al., 2019; Clark et al., 2019) . These attention patterns can be interpreted as encoding diverse semantic or syntactic information, and altering them can substantially influence model behaviors (Shi et al., 2023a; Hu et al., 2021b) . Through steering attention modules, PASTA directs the model to pay close attention to the user-specified parts and hence generate the desired output aligning with the highlighted contents. Notably, PASTA is applied after training and does not require changing any model parameters; PASTA only requires access to the attention scores of specific heads of an LLM.", "section": "INTRODUCTION", "sec_num": "1"}, {"text": "Since attention heads can serve different functions (Tenney et al., 2019; Deb et al., 2023) , we introduce an efficient model profiling algorithm to identify which heads are effective for steering. Specifically, we subsample small training sets from multiple tasks and evaluate the performance of attention steering for each individual head across these tasks. PASTA selects the attention heads that, when steered, generally improve the multi-task performance. We empirically observe that steering these heads not only benefits the existing tasks but also enhances the performance on unseen tasks. Notably, the model profiling is performed only once for an LLM. The selected attention heads can be regarded as a model-level profile, effective for steering the LLM on unseen tasks.", "section": "INTRODUCTION", "sec_num": "1"}, {"text": "We conduct experiments on diverse tasks to demonstrate the effectiveness of PASTA. Specifically, we evaluate PASTA using GPT-J-6B (Wang & Komatsuzaki, 2021) and LLAMA-7B (Touvron et al., 2023) on tasks that span complex instructions, lengthy contexts, and knowledge conflicts within contexts. The results demonstrate that PASTA consistently provides a significant performance improvement over baseline prompting strategies. For example, PASTA achieve an average accuracy improvement of 22% over few-shot prompting for LLAMA-7B across 4 challenging tasks.", "section": "INTRODUCTION", "sec_num": "1"}, {"text": "Problem description In standard LLM prompting, we are given a pre-trained LLM and a text prompt x. In our setting, we additionally require (i) access to attention scores produced by attention modules in the LLM3 and (ii) we are provided a user-specified subset of the prompt x g \u2282 x to be emphasized.", "section": "BACKGROUND", "sec_num": "2"}, {"text": "As in the example in Figure 1 , x can be a string that ends in an instruction, such as Mary is a doctor but used to be a nurse...Return her occupation in json format. If a user emphasizes the instruction, x g can simply be the final instruction Return her occupation in json format. In evaluation datasets, we assume that the user-specified part of each example is already provided by enclosing at its both ends in some emphasis markers, like ' * ' marker in Markdown. Generating these well-structured data often incurs little overhead. For example, in the dataset tailored for evaluting model ability to follow user instruction, we can simply mark the final instruction for every example, which are fixed and shared across examples. When it comes to user-LLM interface, users can specify x g by enclosing it with the same emphasis markers. x g can be specified flexibly. Namely, it need not be a continuous span, and can be used to emphasize diverse information.", "section": "BACKGROUND", "sec_num": "2"}, {"text": "Multi-Head Attention. A typical transformer model consists of L stacked layers, where each layer contains two submodules: a multi-head attention (MHA) and a fully connected feed-forward network (FFN). Given the input X \u2208 R n\u00d7d , MHA of the layer l performs the attention function in parallel H heads: MHA (l) (X) = Concat(H (l,1) , ..., H (l,H) )W o where", "section": "BACKGROUND", "sec_num": "2"}, {"text": "EQUATION", "section": "BACKGROUND", "sec_num": "2"}, {"text": "where", "section": "BACKGROUND", "sec_num": "2"}, {"text": "Q = XW q h , K = XW k h , V = XW v h and W q h , W k h , W v h \u2208 R d\u00d7d h are learnable", "section": "BACKGROUND", "sec_num": "2"}, {"text": "projection matrices of head h. d h is typically set to d/H. Specifically, denote the attention scores at the head h of the l-th layer as A (l,h) .", "section": "BACKGROUND", "sec_num": "2"}, {"text": "PASTA (Algorithm 1) consists of two components: (i) post-hoc attention steering, which emphasizes the user-specified parts of the input during inference, see Section 3.1 and (ii) multi-task model profiling, which selects the effective attention heads for steering, see Section 3.2.", "section": "METHOD", "sec_num": "3"}, {"text": "Multi-task model profiling (Section 3.2) 1: Input: small training sets {D (i) } m i=1 , the hyperparameters \u03b1, k; 2: for 1 \u2264 i \u2264 m do 3:", "section": "Algorithm 1 PASTA: Post-hoc Attention Steering Approach", "sec_num": null}, {"text": "for 1 \u2264 l \u2264 L, 1 \u2264 h \u2264 H do 4:", "section": "Algorithm 1 PASTA: Post-hoc Attention Steering Approach", "sec_num": null}, {"text": "Evaluate the model performance on D (i) when steering the head (l, h) by (2); 5:", "section": "Algorithm 1 PASTA: Post-hoc Attention Steering Approach", "sec_num": null}, {"text": "Return the evaluation result of steering (l, h) on D (i) ; 6: end for 7:", "section": "Algorithm 1 PASTA: Post-hoc Attention Steering Approach", "sec_num": null}, {"text": "Collect the steering results of all heads and return the task profiling R (i) ; 8: end for 9: Output: The attention head set", "section": "Algorithm 1 PASTA: Post-hoc Attention Steering Approach", "sec_num": null}, {"text": "H = \u2229 m i=1 R (i)", "section": "Algorithm 1 PASTA: Post-hoc Attention Steering Approach", "sec_num": null}, {"text": "1:k . Inference-time steering (Section 3.1) 1: Input: text inputs x, user-underlined segments G, coefficient \u03b1; 2: Output: the model generations while steering every head (l, h) in H by (2).", "section": "Algorithm 1 PASTA: Post-hoc Attention Steering Approach", "sec_num": null}, {"text": "PASTA emphasizes the user-specified input subset by downweighting the attention scores of tokens that are not specified by the user. Specifically, given the index set of highlighted input spans as G, PASTA emphasizes these user-specified tokens by an attention projection T :", "section": "POST-HOC ATTENTION STEERING", "sec_num": "3.1"}, {"text": "EQUATION", "section": "POST-HOC ATTENTION STEERING", "sec_num": "3.1"}, {"text": ")", "section": "POST-HOC ATTENTION STEERING", "sec_num": "3.1"}, {"text": "where 0 \u2264 \u03b1 < 1 is a scaling coefficient and G -= [n] -G is the index set of tokens that are not in G. The term C i = j\u2208G A ij + j\u2208G -\u03b1A ij normalizes the scores so that they sum to one. The attention steering (2) is conducted during the inference time and does not require any training.", "section": "POST-HOC ATTENTION STEERING", "sec_num": "3.1"}, {"text": "(2) steers the model attention by scaling down the scores of tokens that are not highlighted by the user.", "section": "POST-HOC ATTENTION STEERING", "sec_num": "3.1"}, {"text": "When the coefficient \u03b1 is set very small, user-specified segments are highlighted given their increased attention scores after renormalization. Consequently, we can direct the model to concentrate more on the user-specified tokens, biasing the generation to align with the specified contents.", "section": "POST-HOC ATTENTION STEERING", "sec_num": "3.1"}, {"text": "PASTA scales down the attention scores of non-specified tokens by \u03b1. As renormalization is followed, it is equivalent to scaling up the attention scores of user-specified tokens by 1/\u03b1. The reason of selecting ( 2) is that it can be more numerically stable compared to scaling up scores. Alternatively, one can also scale the attention scores by adding a positive constant to the underlined tokens G.", "section": "POST-HOC ATTENTION STEERING", "sec_num": "3.1"}, {"text": "The reason of we select multiplication in (2) instead of addition is that it preserves the difference on attention magnitude among the highlighted tokens. As such, the steering operation only adjusts overall attention scales of two groups of tokens. In contrast, addition by a large constant to the highlighted tokens results in their attention scores almost uniformly distributed, leading to unnecessary information loss and performance degeneration.", "section": "POST-HOC ATTENTION STEERING", "sec_num": "3.1"}, {"text": "Empirically, we find that applying attention steering in (2) to all attention heads performs worse than applying it only to specific heads (see Section 5.3). It is important to specify the correct attention heads, given that different heads serve distinctive roles in encoding semantic/syntactic information.", "section": "MULTI-TASK MODEL PROFILING", "sec_num": "3.2"}, {"text": "To this end, we propose a multi-task model profiling algorithm to identify the effective attention heads for steering. Specifically, given m tasks involving user emphases, we subsample a small training set D (i) (e.g., |D (i) | = 1000) from each task i. Then, we evaluate the performance of steering every individual attention head (l, h)", "section": "MULTI-TASK MODEL PROFILING", "sec_num": "3.2"}, {"text": "(1 \u2264 l \u2264 L, 1 \u2264 h \u2264 H) on each small subset D (i) (1 \u2264 i \u2264 m).", "section": "MULTI-TASK MODEL PROFILING", "sec_num": "3.2"}, {"text": "For every task i, we rank all of heads according to their steering performance on D (i) and regard the ranking R (i) = [(l 1 , h 1 ), (l 2 , h 2 ), . . . ] as the profiling of task i. We then set the attention head set H for steering as the intersection of top-k performing heads, H = \u2229 m i=1 R (i)", "section": "MULTI-TASK MODEL PROFILING", "sec_num": "3.2"}, {"text": "1:k (see Section 5.3 for alternative choices). Intuitively, we expect performance to improve as the number of tasks m increases.", "section": "MULTI-TASK MODEL PROFILING", "sec_num": "3.2"}, {"text": "Like attention steering, model profiling requires only access to attention scores, in addition to its inputs and outputs (model weights and gradients are not required). Importantly, this process needs to be performed only once for a LLM, similar to finetuning. However, unlike finetuning, model steering does not modify model weights and, more importantly, generalizes to new tasks. The resulting head set H can be regarded as a model-level profile. Once it is determined, we can apply the attention steering on H to both existing tasks and unseen tasks to enhance model contextual understanding and benefit downstream performance.", "section": "MULTI-TASK MODEL PROFILING", "sec_num": "3.2"}, {"text": "Evaluation tasks and metrics.", "section": "EXPERIMENTAL SETUP", "sec_num": "4"}, {"text": "We implement PASTA for two pre-trained models: GPT-J (6 billion parameters, (Wang & Komatsuzaki, 2021) ) and LLaMA-7B (7 billion parameters, (Touvron et al., 2023) ). We evaluate the effectiveness of PASTA at (i) handling complex user instructions, (ii) interpreting lengthy contexts, and (iii) resolving in-context knowledge conflicts. For (i), we introduce two new tasks: JSON formatting and Pronouns changing. For (ii) and (iii), we study Bias in Bios (De-Arteaga et al., 2019) and CounterFact (Meng et al., 2022a) . For each task, we provide a description, describing which part of the input we emphasize, and what metrics we use for evaluation (see Appendix A for full dataset details).", "section": "EXPERIMENTAL SETUP", "sec_num": "4"}, {"text": "\u2022 JSON Formatting is a new task that evaluates an LLM's ability to produce outputs in a userdesired format (JSON). This is an important usecase for LLMs when their output is being used in a downstream process. This task utilizes the biographical data from BiasBios (described below) but appends a different instruction to the end of contexts: answer the occupation of {person} and generate the answer as JSON format. The instruction prompts models to generate outputs in JSON format.", "section": "EXPERIMENTAL SETUP", "sec_num": "4"}, {"text": "We emphasize the final instruction Metrics: (a) Format accuracy (F. Acc.) measures the accuracy at generating valid JSON. (b) Prediction accuracy (P. Acc.) measures the accuracy at generating the correct target in JSON values after loading the JSON-formatted generations.", "section": "EXPERIMENTAL SETUP", "sec_num": "4"}, {"text": "\u2022 Pronouns changing is a new task that evaluates an LLM's ability to follow a difficult user instruction. It again uses the biographical contexts from BiasBios but instead instructs models to: substitute 'she' and 'he' with 'they' and generate the occupation of {person} after changing pronouns.", "section": "EXPERIMENTAL SETUP", "sec_num": "4"}, {"text": "We emphasize the final instruction.", "section": "EXPERIMENTAL SETUP", "sec_num": "4"}, {"text": "Metrics: (a) Accuracy evaluates the ratio that 'she/he' are successfully changed to 'they' in model generations. (b) All-changed accuracy (A. Acc.) is the ratio that models replace all corresponding pronouns, i.e., changing she/he/her/him/hers/his to they/them/their/theirs.", "section": "EXPERIMENTAL SETUP", "sec_num": "4"}, {"text": "\u2022 CounterFact measures an LLM's ability to generate text consistent with a new fact. Each example consists of (subject, relation, old target, new target), e.g., (Kevin Garnett, is a professional, basketball player, baseball player). We present the model both old and new facts following the prompt: Previously, {old fact}, but currently, {new fact}. {question}. This change in facts over time often confuses LLMs, resulting in random guesses on two of them when answering the {question}.", "section": "EXPERIMENTAL SETUP", "sec_num": "4"}, {"text": "We emphasize the input span containing the new fact.", "section": "EXPERIMENTAL SETUP", "sec_num": "4"}, {"text": "Metrics: we evaluate metrics following (Meng et al., 2022a ): (a) Efficacy score (ES) is the portion of cases for which the model has P LLM (new target) > P LLM (old target); (b) Paraphrase score (PS) is the same as ES but changes the {question} with a set of rephrased questions to assess the generalization", "section": "EXPERIMENTAL SETUP", "sec_num": "4"}, {"text": "\u2022 BiasBios consists of professional biographies of non-famous people, originally introduced to investigate gender bias in occupations. Each example includes biographical context and a label of target occupation. The first sentence mentions the person's occupation, and subsequent sentences describe the individual's career history but may not be directly related to the prediction, potentially distracting the model attention. At the end of the context, we append the question: {person} has the occupation of . We emphasize the first sentence, as it carries the most information about the occupation.", "section": "EXPERIMENTAL SETUP", "sec_num": "4"}, {"text": "Metrics: following (Hernandez et al., 2023) , we compute Accuracy by checking whether the probability assigned to the target occupation is the highest among the 28 candidate occupations.", "section": "EXPERIMENTAL SETUP", "sec_num": "4"}, {"text": "For Pronouns changing, CounterFact, and BiasBios, we additionally measure Fluency as the average bi-gram and tri-gram entropy of generations, designed to be low for degenerated or repetitive texts (Meng et al., 2022a) . We filter out any results receiving a fluency below 3.0 (see full results including fluency in Appendix B.1).", "section": "EXPERIMENTAL SETUP", "sec_num": "4"}, {"text": "Baselines. We compare PASTA to the following baselines:", "section": "EXPERIMENTAL SETUP", "sec_num": "4"}, {"text": "\u2022 Zero-shot prompting is the most common approach to interact with LLMs, in which a user feeds models a prompt containing background context and a user instruction or question.", "section": "EXPERIMENTAL SETUP", "sec_num": "4"}, {"text": "\u2022 Marked prompting alters the prompts used in zero-shot prompting by surrounding user-specified input spans with emphasis markers, e.g. asterisks, as is done in markdown files for emphasis, or quotes, as is done in natural languages.", "section": "EXPERIMENTAL SETUP", "sec_num": "4"}, {"text": "\u2022 Few-shot prompting includes demonstrations (example inputs and target outputs) at the beginning of the prompt fed to the LLM. Few-shot prompting often improves performance in new tasks, but increases the computational cost of inference due to the increased prompt length, particularly when demonstrations are lengthy (Dong et al., 2023 ); here we use 3 demonstrations in context.", "section": "EXPERIMENTAL SETUP", "sec_num": "4"}, {"text": "We study PASTA in 2 settings: multi-task and task-agnostic. In the multi-task setting, the evaluation task j is included for profiling, whereas in the task-agnostic setting, the evaluation task is excluded (instead, we profile on the 3 datasets besides j). The multi-task setting improves performance but requires labeled training samples for the task which is evaluated, which can be difficult to obtain in practice.", "section": "PASTA settings", "sec_num": null}, {"text": "Empirically, we find that PASTA is not sensitive to the scaling coefficient \u03b1 (see Section 5.3) and fix it to 0.01 in our experiments. We select 1000 training samples from each of the 4 tasks above for model profiling. After model profiling, we select k from {300, 400, 500} for LLAMA-7B ", "section": "PASTA settings", "sec_num": null}, {"text": "Tables 1 and 2 present the main results for PASTA applied to LLAMA-7B and GPT-J respectively. Few-shot prompting is the strongest baseline, and task-agnostic PASTA outperforms it on the main metric for each task for all settings except JSON Formatting with GPT-J. Multi-task PASTA outperforms all baselines across all settings.", "section": "MAIN RESULT: PASTA IMPROVES MODEL GENERATION", "sec_num": "5.1"}, {"text": "PASTA can improve LLM instruction following. The results from JSON Formatting and Pronouns Changing tasks indicate that, by highlighting the user instruction at the end of inputs, PASTA effectively steers models to focus on user intentions, thereby biasing their generation to fulfill specific requirements or formats. For example, while GPT-J only achieves 39.9% of its zero-shot generations complying the user requirement on the Pronouns Changing task, PASTA yields a remarkable 53% accuracy improvement by emphasizing the instruction. Moreover, PASTA achieves an impressive 96.64% format accuracy and 85.09% prediction accuracy when applied to LLAMA-7B on the JSON Formatting task. This performance exceeds that of few-shot prompting by 11%, even though few-shot prompting explicitly provides the model with correct JSON examples through additional demonstrations. Table 3 presents a few examples generated by LLAMA-7B when applying PASTA.", "section": "MAIN RESULT: PASTA IMPROVES MODEL GENERATION", "sec_num": "5.1"}, {"text": "PASTA can help models capture crucial contextual information. In the case of BiasBios and CounterFact tasks, we apply PASTA to emphasize specific context spans for LLMs. Consequently, the models are guided to pay close attention to the specific contextual information or new facts within contexts. The results from these two tasks illustrate that PASTA can direct the models to interpret the crucial information or resolve the knowledge conflicts within contexts, yielding significant improvement in prediction performance of both tasks. For example, PASTA achieves a prediction accuracy of 94.96% for GPT-J on the BiasBios task, which is 16.32% higher than the best baseline.", "section": "MAIN RESULT: PASTA IMPROVES MODEL GENERATION", "sec_num": "5.1"}, {"text": "Tables 1 and 2 also suggest that marked prompting, a baseline that highlights specific texts akin to human writers, struggles to effectively convey emphasis to LLMs. One possible reason is that these emphasis markers rarely appear in the massive pre-training data. In contrast, few-shot prompting sometimes leads to improvements in model performance. However, a drawback of few-shot prompting is its instability, i.e. its performance exhibits high variance across different samples in the demonstration (See Appendix B). It is well-known that the the performance of LLMs can be sensitive to minor changes in prompts, such as rephrasing and reformatting, even when these prompts convey the same meaning (Reynolds & McDonell, 2021; Liu et al., 2021) . We find that PASTA can alleviate the sensitivity of model performance to varying prompts. Specifically, Table 4 evaluates the performance of LLAMA-7B and GPT-J on JSON Formatting and Pronouns Changing task given different instructions in the prompt template, all of which convey the same meaning (see precise prompts in Appendix A.1). The results show that zero-shot performance is sensitive to different prompts and can significantly deteriorate with poorly crafted templates. In contrast, PASTA consistently improves model performance over zero-shot prompting for all prompts, effectively mitigating sensitivity to variations in the prompts.", "section": "MAIN RESULT: PASTA IMPROVES MODEL GENERATION", "sec_num": "5.1"}, {"text": "In this section, we investigate different hyperparameter choices and modeling decisions that affect the performance of PASTA. The performance of LLAMA-7B on the JSON Formatting task when we steer (i) all heads (green); (ii) an entire layer (yellow); and (iii) an individual head within a layer (blue violin plot). The performance varies dramatically across layers and across heads of a layer. Appendix B.3 for comparisons on the remaining tasks). Selecting heads via model profiling in PASTA (red line) significantly outperforms other approaches. Steering all heads (dashed green line) degrades performance compared to the baseline zero-shot performance (dashed black line). This is likely because steering all heads over-amplifies the user-specified information at the expense of other essential information required for effective generation and prediction. Interestingly, we find that the performance varies significantly when steering different layers (yellow) or heads (blue violin plot). As mentioned in Section 1, attention heads play distinct roles in encoding diverse semantic and syntactic information (Tenney et al., 2019) . When steering heads, which are appropriately involved in encoding of user-specified information, the model can be guided to capture and reinforce these specific signals. Conversely, modifying the attention of unrelated heads not only fails to emphasize the desired information but also interferes with their original functions, resulting in performance deterioration. Therefore, it is important to identify the effective heads through model profiling prior to applying the steering.", "section": "ANALYSIS AND ABLATIONS", "sec_num": "5.3"}, {"text": "Varying strategies for selecting heads during profiling. As described in Sec. 5.3, our model profiling selects the Intersection of the top-k performing heads to steer across multiple tasks. Alternatively, when evaluating on task j, we can select heads for steering with different strategies: (i) Task-specificsteer the top-k 2 performing heads of only the task j, i.e., R (j) 1:k2 ; or (ii) Union -the union of these heads across multiple tasks, i.e., \u222a m i=1 R", "section": "Model profiling", "sec_num": null}, {"text": "(i)", "section": "Model profiling", "sec_num": null}, {"text": "1:k2 . Table 5 compares their performance. Using task-specific heads rather than intersection-selected heads sometimes yields improved performance, but requires selecting a different set of heads for each new task. Varying the number of heads to be steered. Figures 3a and 3b illustrate the performance of PASTA when steering different number of heads on two tasks. The results suggest that as more heads are included for steering, the model follows the user even more closely, achieving higher efficacy (JSON Format Acc. and Pron. Change Acc.). However, at some point, this it results in a decrease in the metrics reflecting the generation quality (JSON Pred. Acc and Fluency). Thus, there is a trade-off between emphasizing efficacy and generation quality. Overemphasizing can lead the model to focus solely on satisfying the user requirements and ignore the other parts. Therefore, we recommend applying PASTA to a moderate number of heads (typically 50 to 150), striking a balance between the efficacy and generation quality.", "section": "Model profiling", "sec_num": null}, {"text": "Varying the scaling coefficient \u03b1. hyperparameter; in practice, we fix it as 0.01. Notice that setting \u03b1 to zero should be avoided, as this leads to the complete removal of other crucial contexts at the steered heads, resulting in performance degeneration.", "section": "Model profiling", "sec_num": null}, {"text": "The primary method for controlling LLMs has been through prompting, often yielding impressive improvements in performance (Brown et al., 2020b; Liu et al., 2021; Wei et al., 2022) and spurring a line of work aiming to make prompting easier, e.g. (Strobelt et al., 2022; Bach et al., 2022; Shin et al., 2020; Deng et al., 2022; Singh et al., 2023b) . However, LLMs remain extremely sensitive to nuances in prompts (Webson & Pavlick, 2021; Lu et al., 2021) ; PASTA complements these approaches by making it easier for a user to specify a prompt in difficult scenarios.", "section": "RELATED WORK", "sec_num": "6"}, {"text": "Another line of work aims to make LLMs more amenable to prompting by modifying them during training. Most prominent among these approaches are instruction finetuning (Wei et al., 2021; Chung et al., 2022) , Reinforcement Learning from Human Feedback (Ziegler et al., 2019; Ouyang et al., 2022) , and other related methods, e.g. (Lee et al., 2023) . There are also a few methods for directly specifying which parts on an input are important during training, e.g. (Ross et al., 2017; Rieger et al., 2019; Schramowski et al., 2020; Krishna et al., 2023) . PASTA can be used in addition to these approaches to improve some aspects of model steerability (e.g. instruction following).", "section": "RELATED WORK", "sec_num": "6"}, {"text": "PASTA is related to variety of methods for adapting to new tasks, including LoRA (Hu et al., 2021a) , AdaLoRA (Zhang et al., 2023) , QLoRA (Dettmers et al., 2023) , and TOAST (Shi et al., 2023b) . PASTA is also related to a variety of research on model editing, e.g. ROME (Meng et al., 2022a) , MEMIT (Meng et al., 2022b) , MEND (Mitchell et al., 2022) , and REMEDI (Hernandez et al., 2023) . Unlike these works, PASTA preserves an LLMs ability to transfer to new tasks using prompts and human-selected info, rather than using new labeled examples.", "section": "RELATED WORK", "sec_num": "6"}, {"text": "Finally, PASTA is also motivated by works which have aimed to mechanistically understand attention scores (Zou et al., 2023) , e.g. by studying them through feature importance (Jain & Wallace, 2019; Wiegreffe & Pinter, 2019; Deb et al., 2023) , probing (Conneau et al., 2018; Liu & Avci, 2019) , visualization (Karpathy et al., 2015; Olah et al., 2017) , localizing knowledge (Meng et al., 2022a; Dai et al., 2021) , categorizing directions in representation space (Kim et al., 2017; Schwettmann et al., 2021) , or natural-language explanations (Bills et al., 2023; Singh et al., 2023a) .", "section": "RELATED WORK", "sec_num": "6"}, {"text": "In this study, we propose PASTA, a novel approach aimed at enabling LLMs to move beyond the limitations of plain text and effectively perceive user guidance embodied as highlighted parts of prompts. By making precise adjustments to attention scores in selected heads, PASTA directs the model's focus to the relevant context, mirroring the way humans benefit from textual cues. Unlike traditional fine-tuning methods, PASTA is applied at inference time and requires neither parameter updates nor gradient computation; PASTA requires only selecting which attention heads to apply the re-weighting to, a one-time profiling operation for a LLM. Experimental results show that PASTA can significantly improve model performance on a variety of tasks. In the future, we plan to integrate PASTA with various other methods, such as few-shot in-context learning, aiming to highlight effective examples to enhance its stability.", "section": "CONCLUSION", "sec_num": "7"}, {"text": "In this section, we include extended results, including fluency metrics. Fluency score is the average bigram and tri-gram entropy of generations, designed to be low for degenerated or repetitive texts (Meng et al., 2022a) . This metric can be regarded as the reference metric of generation quality. Typically, the generations of language models are reliable as long as their fluency score is not too low. Here, we filter out any results receiving a fluency score below 3.0. Table 8 , 9 and 10 include all results and fluency evaluation. Few-shot prompting sometimes leads to improvements in model performance. as explicitly providing the examples in additional demonstrations. However, a drawback of few-shot prompting is its insta-bility, meaning its performance exhibits high variance across different samples in the demonstratio.", "section": "B.1 EXTENDED RESULTS WITH FLUENCY", "sec_num": null}, {"text": "In this section, we present the results to show that the performance of few-shot prompting displays high variance in terms of sampling different few-shot demonstrations. ", "section": "B.1 EXTENDED RESULTS WITH FLUENCY", "sec_num": null}, {"text": "Winnie is an American photographer living in New York. Specialized in fashion photography and portrait, she applies her talent on both humans and animals. In this series of pictures, It's all about personification these dogs in the spotlight. The whole thing gives a great result. More pictures & infos on her portfolio. {instruction} {\"name\": \"Winnie\", \"occupation\": \"photographer\" }\\n{\"name\": \"Winnie\", \"occupation\": \"photographer\" }. . . Jon is a software engineer on the Core Processing team at comScore, an online audience measurement and analytics company. He prefers to do most of his coding in Pig. Before working at comScore he wrote software to optimize supply chains and to allocate fixed income securities. {instruction} {\"name\":", "section": "PASTA Generation", "sec_num": null}, {"text": "\"Jon\", \"occupation\": \"Software Engineer\"}\\n{\"name\": \"Jon\", \"occupation\": \"Software Engineer\"}. . . Juris is an associate professor at the Faculty of Information, University of Toronto. He is a co-author of Readers Advisory Service in North American Public Libraries, 1870 -2005 (McFarland, 2007) ; The Evolution of Library and Museum Partnerships: Historical Antecedents, Contemporary Manifestations, and Future Directions (Libraries Unlimited, 2004); and Reading and the Reference Librarian: The Importance to Library Service of Staff Reading Habits (McFarland, 2004) .{instruction} {\"name\": \"Juris\", \"occupation\": \"Associate Professor\"} \\n{\"name\": \"Juris\", \"occupation\": \"Associate Professor\"}. . . Gregory is an educational psychologist whose major concern is with how people learn, ie skills and knowledge development, especially in educational settings. His emphasis is on a strong research (statistical) foundation crossing areas such as social learning theory, information processing, and a cognitive approach to emotional factors. {instruction} {\"name\": \"Gregory\", \"occupation\": \"Educational Psychologist\"}\\n{\"name\": \"Gregory\", \"occupation\": \"Educational Psychologist\"}. . . Asif is a Solutions Architect with Amazon Web Services. He provides technical guidance, design advice and thought leadership to some of the largest and successful AWS customers and partners on the planet. His deepest expertise spans application architecture, containers, devops, security, machine learning and SaaS business applications. Over the last 12 years, he's brought an intense customer focus to challenging and deeply technical roles in multiple industries. He has a number of patents and has successfully led product development, architecture and customer engagements. {instruction} {\"name\":", "section": "PASTA Generation", "sec_num": null}, {"text": "\"Asif\", \"occupation\": \"Solutions Architect\"}\\n{\"name\": \"Asif\", \"occupation\": \"Solutions Architect\"}. . . Graham is an Associate Professor in Construction Management at the University of Newcastle, Australia, where he was first appointed at the end of 1999. He is currently Deputy Head of the School of Architecture and Built Environment, and was previously Head of Discipline, Building. During this time he has undertaken various administrative roles at School, Faculty, and University level, and is currently a member of Academic Senate. {instruction} {\"name\": \"Graham\", \"occupation\": \"Associate Professor in Construction Management\"}\\n{\"name\": \"Graham\", \"occupation\": \"Associate Professor in Construction Management\"}. . . Peter is an immigration attorney with at least three links to the Mexican government. In addition to heading the Center for Human Rights and Constitutional Law, he also operates vocesunidas.org, which until recently was called the \"Mexico Project\". It's since undergone an interesting change. {instruction} {\"name\": \"Peter\", \"occupation\": \"Immigration Attorney\"}\\n The answer is a json object. {\"name\": \"Peter\", \"occupation\": \"Immigration Attorney\"}\\n{\"name\": \"Peter\", \"occupation\": \"Immigration Attorney\"}. . . Delvin is a freelance journalist. He was also the Turtle Mountain Band of Chippewa's Oil and Gas Specialist. He is a frequent contributor to the tribe's newspaper, The Turtle Mountain Times, as well as indianz.com and Indian Country Today Media Network, both national news outlets for Indian Country. {instruction} {\"name\": \"Delvin\", \"occupation\": \"Freelance Journalist\"}\\n {\"name\": \"Delvin\", \"occupation\": \"Freelance Journalist\", \"age\": 25}\\n {\"name\": \"Delvin\", \"occupation\": \"Freelance Journalist\", \"age\": 25, \"gender\": \"male\"}\\n {\"name\": \"Delvin\", \"occupation\": \"Freelance Journalist\", \"age\": 25, \"gender\": \"male\", \"hair\": \"black\", \"eyes\": \"brown\"}. . . Robert is a rock photographer based in Los Angeles. He started his career as a staff photographer for the legendary Creem Magazine. He photographed the Stooges at some of their earliest shows and has maintained a close working relationship with the group. His work has appeared in Playboy, The New York Times, Los Angeles Times, Rolling Stone, and Mojo, as well as on over 200 albums, including the Stooges' most recent album, The Weirdness. He oversaw the 2001 return of CREEM magazine, as well as the 2007 hardcover anthology CREEM: America 2019s Only Rock 2018n 2019 Roll Magazine. {instruction} {\"name\": \"Robert Matheu\", \"occupation\": \"Rock Photographer\"}\\n{\"name\": \"Robert Matheu\", \"occupation\": \"Rock Photographer\"}. . .", "section": "PASTA Generation", "sec_num": null}, {"text": "We understand the importance of preserving generative fluency and quality while enhancing taskspecific performance with PASTA. To ensure this, we employ two metrics to evaluate the quality of PASTA generations across three natural language generation tasks (Prons. Changing, BiasBios, and CounterFact).", "section": "E ADDITIONAL EVALUATION METRICS", "sec_num": null}, {"text": "\u2022 Fluency Evaluation (Meng et al., 2022a) : As mentioned in Section 5, we assess the fluency of all generations (the average bigram and trigram entropy of generations), and exclude results with a fluency score below 3.0. This step effectively eliminates degenerated or repetitive generations from consideration.", "section": "E ADDITIONAL EVALUATION METRICS", "sec_num": null}, {"text": "\u2022 Consistency Metric: We employ an additional consistency metric (introduced by Hernandez et al. ( 2023)), which measures the average tf-idf similarity between the generated text and reference texts of full dataset. This metric helps us measure how well the generated text aligns with overall contextual inputs in terms of content and style (higher is better).", "section": "E ADDITIONAL EVALUATION METRICS", "sec_num": null}, {"text": "Table 16 presents examples of LLAMA-7B generation with PASTA and their fluency and consistency scores on the Pronouns changing task. We can see that repetitive or meaningless generations receive low fluency (below 3.0) and consistency (below 8.0). The generations with high fluency (around 4.5) and consistency (above 13) are meaningful and readable. The following table presents the average fluency and consistency evaluation across the mentioned tasks: The results show that PASTA achieves comparable consistency and fluency scores to zero-shot prompting. This indicates that PASTA effectively maintains the generative quality and fluency while significantly improving the task efficacy.", "section": "E ADDITIONAL EVALUATION METRICS", "sec_num": null}, {"text": "Post-hoc means that our method does not update the model weights.", "section": "", "sec_num": null}, {"text": "We do not need access model weights nor intermediate outputs from the other modules like FFNs.", "section": "", "sec_num": null}], "back_matter": [{"text": "We implement all algorithms using PyTorch (Paszke et al., 2019) and Huggingface (Wolf et al., 2019) and run experiments on NVIDIA V100 GPUs and NVIDIA A6000 GPUs.Table 6 provides detailed statistics of datasets in our experiments. For each task, the prompt templates in our results are as follows:\u2022 JSON Formatting:-(Original) {context}. Answer the occupation of {person} and generate the answer as json format. Here is an example: {\"name\": , \"occupation\": ,}. Now generate the answer. -(Shortened one in Section 5.2) {context}. Answer the occupation of {person} and generate the answer as json format. -(Rephrased one in Section 5.2) Answer the occupation of {person} and generate the answer as json format. Here is an example: {\"name\": , \"occupation\": ,}. {context}.Now generate the answer.\u2022 Pronouns Changing:-(Original): {context}. For the aforementioned text, substitute 'she' and 'he' with 'they' and generate the occupation of {person} after changing pronouns. -(Shortened one in Section 5.2): {context}. Change 'she' and 'he' with 'they' and answer the occupation of {person} after replacing the pronouns -(Rephrased one in Section 5.2): {context}. For the aforementioned descriptions, replace 'she' and 'he' with 'they' in the aformentioned text and generate the new text after replacing the pronouns.\u2022 BiasBios: {context}. {person} has the occupation of.\u2022 CounterFact: Previously, {old fact}. Currently, {new fact}. {question}", "section": "APPENDIX A EXPERIMENTAL DETAILS", "sec_num": null}, {"text": "Table 7 presents the number of heads to be steered by PASTA for LLAMA-7B and GPT-J-6B on every task. We further test PASTA's applicability to Vicuna-7B-v1.3, which is instruction-tuned from LLAMA-7B. We apply PASTA using attention heads selected from LLAMA-7B profiling (including multi-task and task-specific heads). In this way, we evaluate if the heads selected from the base models are transferable to an instruction-tuned model, thereby avoiding the re-profiling. The table below presents the performance of Vicuna across all tasks. The results demonstrate that the attention heads selected for LLAMA-7B effectively steer Vicuna-7B, indicating that re-profiling is not necessary for instruction-tuned models. Notably, when steering taskspecific heads selected from LLAMA profiling, PASTA significantly enhances Vicuna's performance across all tasks. This evidence shows that PASTA can complement instruction tuning without necessitating re-profiling. Jon is a software engineer on the Core Processing team at comScore, an online audience measurement and analytics company. He prefers to do most of his coding in Pig. Before working at comScore he wrote software to optimize supply chains and to allocate fixed income securities. {instruction}Jon is a software engineer on the Core Processing team at comScore, an online audience measurement and analytics company. They prefer to do most of their coding in Pig. Before working at comScore they wrote software to optimize supply chains and to allocate fixed income securities.\\nThe above text is a good example of a gender-neutral sentence.\\nThe following text is a good example of a gender-neutral sentence:\\nJon is a software engineer on the Core Processing team at comScore, an online audience measurement and analytics company. They prefer to do most of their coding in Pig. ", "section": "A.2 THE EVALUATION DETAILS OF PASTA", "sec_num": null}], "ref_entries": {"FIGREF0": {"type_str": "figure", "fig_num": "1", "uris": null, "text": "Figure 1: PASTA uses a user-specified part of the input to steer the model generation aligning with user intentions. PASTA modifies the attention scores generated during inference, by emphasizing the scores generated at token positions corresponding to the user-specified part of the context.", "num": null}, "FIGREF1": {"type_str": "figure", "fig_num": "2", "uris": null, "text": "Figure2: The performance of LLAMA-7B on the JSON Formatting task when we steer (i) all heads (green); (ii) an entire layer (yellow); and (iii) an individual head within a layer (blue violin plot). The performance varies dramatically across layers and across heads of a layer.", "num": null}, "FIGREF2": {"type_str": "figure", "fig_num": "3", "uris": null, "text": "Figure 3: The performance of applying PASTA to LLAMA-7B on JSON Formating and Pronouns Changing tasks when varying the number of steered heads |H| (3a,3b); and changing the scaling coefficient \u03b1 (3c).", "num": null}, "FIGREF3": {"type_str": "figure", "fig_num": "6", "uris": null, "text": "Figure6: The performance of LLAMA-7B on CounterFact task when we steer (i) all heads (green); (ii) entrie layer (yellow); and (iii) individual head with a layer (blue violin plot). The performance varies dramatically across layers and across heads of a layer.", "num": null}, "FIGREF4": {"type_str": "figure", "fig_num": null, "uris": null, "text": "Assistant Professor in the Department of Pathology. She received her MD from the University of Colorado School of Medicine where she also completed her AP/CP residency training in pathology and a fellowship in Cytogenetics. She completed her fellowship in Molecular Genetic Pathology in the Department of Pathology in 2009. She is a Medical Director in Cytogenetics, Molecular Cytogenetics, and Molecular Oncology at ARUP Laboratories. {instruction} {\"name\": \"Katherine\", \"occupation\": \"Assistant Professor in the Department of Pathology\", \"answer\": \"Katherine is an Assistant Professor in the Department of Pathology. She received her MD from the University of Colorado School of Medicine where she also completed her AP/CP residency training in pathology and a fellowship in Cytogenetics.\",", "num": null}, "TABREF0": {"type_str": "table", "content": "<table><tr><td/><td>Method</td><td colspan=\"4\">JSON Format Prons. Changing BiasBios CounterFact F. Acc / P. Acc Acc / A.Acc Acc ES / PS</td><td>All Ave.</td></tr><tr><td/><td>Zero-shot</td><td>60.00 / 54.94</td><td>71.84 / 66.28</td><td>87.36</td><td colspan=\"2\">58.50 / 52.03 67.29</td></tr><tr><td>Prompting</td><td>* -marked \"\"-marked</td><td>18.55 / 12.71 4.56 / 4.20</td><td>39.14 / 35.17 20.55 / 18.19</td><td>90.62 89.82</td><td colspan=\"2\">57.74 / 50.52 49.38 58.14 / 51.70 42.15</td></tr><tr><td/><td>Few-shot</td><td>84.85 / 73.58</td><td>59.06 / 55.27</td><td>88.79</td><td colspan=\"2\">87.45 / 49.82 73.45</td></tr><tr><td>PASTA</td><td>Task-agnostic Multi-task</td><td>88.16 / 49.08 96.64 / 85.09</td><td>83.65 / 81.31 96.42 / 95.84</td><td>93.54 95.28</td><td colspan=\"2\">98.82 / 99.03 85.89 99.60 / 99.57 95.46</td></tr></table>", "text": "Main results of LLAMA-7B to demonstrate that PASTA can improve the model ability to (i) follow user instruction (JSON Format and Prons. Changing); (ii) interpret contextual information (BiasBios); (iii) resolving knowledge conflicts (CounterFact). For all scores, higher is better. The best results are in bold.", "num": null, "html": null}, "TABREF1": {"type_str": "table", "content": "<table><tr><td/><td>Method</td><td colspan=\"4\">JSON Format Prons. Changing BiasBios CounterFact F. Acc / P. Acc Acc / A.Acc Acc ES / PS</td><td>All Ave.</td></tr><tr><td/><td>Zero-shot</td><td>28.83 / 25.09</td><td>39.88 / 36.19</td><td>72.76</td><td colspan=\"2\">42.14 / 42.02 44.96</td></tr><tr><td>Prompting</td><td>* -marked \"\"-marked</td><td>4.44 / 4.10 8.81 / 5.62</td><td>41.25 / 37.57 6.12 / 5.72</td><td>74.14 78.64</td><td colspan=\"2\">44.50 / 45.09 40.63 45.54 / 41.84 33.87</td></tr><tr><td/><td>Few-shot</td><td>84.15 / 72.65</td><td>35.77 / 32.08</td><td>72.98</td><td colspan=\"2\">68.34 / 38.23 59.65</td></tr><tr><td>PASTA</td><td>Task-agnostic Multi-task</td><td>46.68 / 34.71 91.50 / 18.63</td><td>91.62 / 88.60 92.96 / 91.34</td><td>80.84 94.96</td><td colspan=\"2\">99.54 / 99.57 77.80 98.62 / 98.79 85.22</td></tr></table>", "text": "Main results of GPT-J to demonstrate that PASTA can improve the model ability to (i) follow user instruction (JSON Format and Prons. Changing); (ii) interpret contextual information (BiasBios); (iii) resolving knowledge conflicts (CounterFact). For all scores, higher is better. The best results are in bold.", "num": null, "html": null}, "TABREF2": {"type_str": "table", "content": "<table><tr><td>Task</td><td>Prompt</td><td>Zero-shot Generation</td><td>PASTA Generation</td></tr><tr><td>JSON Format</td><td>Winnie is an American photographer living in New York. Specialized in fash-ion photography and portrait, she ap-plies her talent on both humans and ani-mals . . . {instruction}</td><td>\u2717 Winnie is a fashion and portrait pho-tographer living in New York, special-and animals. who applies her talent on both humans ized in fashion photography and portrait,</td><td>\u2713 {\"name\": \"Winnie\", \"occupation\": \"photographer\" }</td></tr><tr><td>Prons. Change</td><td>Mary is an Associate Professor in the Department of Curriculum Instruction at St. John University; she holds a doc-torate in Reading/Writing/Literacy from the University of Pennsylvania. She re-cently published an article in \"Urban Education\" with . . . {instruction}</td><td>\u2717 Mary is a professor in the Depart-ment of Curriculum Instruction at St. John University; she holds a doctor-ate in Reading/Writing/Literacy from the University of Pennsylvania. She re-cently published an article in \"Urban Education\" with . . .</td><td>\u2713 Mary is an associate profes-sor in the department of curriculum and instruction at St. John's Univer-sity; they hold a doctorate in read-ing/writing/literacy from the University of Pennsylvania. They recently pub-lished an article in . . .</td></tr></table>", "text": "Generation examples of LLAMA-7B on JSON Formatting and Pronouns Changing tasks.", "num": null, "html": null}, "TABREF3": {"type_str": "table", "content": "<table><tr><td/><td/><td colspan=\"2\">LLAMA-7B</td><td colspan=\"2\">GPT-J</td><td/></tr><tr><td colspan=\"2\">Instruction Method</td><td>JSON Format F. Acc / P. Acc</td><td>Prons. Changing Acc / A. Acc</td><td>JSON Format F. Acc / P. Acc</td><td>Prons. Changing Acc / A. Acc</td><td>Average</td></tr><tr><td>Original</td><td>Zero-shot PASTA</td><td>60.0 / 54.9 96.6 / 85.1</td><td>71.8 / 66.3 96.4 / 95.8</td><td>28.8 / 25.1 91.5 / 18.6</td><td>39.9 / 36.2 93.0 / 91.3</td><td>47.9 83.5</td></tr><tr><td>Shortened</td><td>Zero-shot PASTA</td><td>36.0 / 32.4 87.4 / 65.9</td><td>49.2 / 42.6 89.0 / 86.9</td><td>25.4 / 17.1 54.1 / 37.0</td><td>56.5 / 54.8 94.0 / 93.7</td><td>39.3 76.0</td></tr><tr><td>Rephrased</td><td>Zero-shot PASTA</td><td>57.9 / 54.2 97.1 / 87.1</td><td>82.3 / 79.6 89.6 / 89.0</td><td>63.3 / 50.3 77.5 / 68.1</td><td>76.0 / 72.8 94.8 / 92.3</td><td>67.1 86.9</td></tr></table>", "text": "Results about sensitivity of model performance to prompt rephrasing on the JSON Formatting task.", "num": null, "html": null}, "TABREF5": {"type_str": "table", "content": "<table><tr><td/><td>PASTA</td><td colspan=\"4\">JSON Format Prons. Changing BiasBios CounterFact F. Acc / P. Acc Acc / A.Acc Acc ES / PS</td><td>All Avg.</td></tr><tr><td/><td>Task-specific</td><td>95.56 / 86.83</td><td>98.52 / 98.02</td><td>97.62</td><td colspan=\"2\">99.18 / 99.24 96.57</td></tr><tr><td>LLAMA</td><td>Union</td><td>88.42 / 74.49</td><td>92.12 / 91.44</td><td>96.36</td><td colspan=\"2\">99.24 / 99.35 92.22</td></tr><tr><td/><td>Intersection</td><td>96.64 / 85.09</td><td>96.42 / 95.84</td><td>95.28</td><td colspan=\"2\">99.60 / 99.57 95.46</td></tr><tr><td/><td>Task-specific</td><td>85.71 / 79.39</td><td>94.74 / 92.54</td><td>97.64</td><td colspan=\"2\">99.26 / 99.34 93.29</td></tr><tr><td>GPT-J</td><td>Union</td><td>72.61 / 64.89</td><td>89.68 / 87.76</td><td>95.56</td><td colspan=\"2\">99.82 / 99.83 88.21</td></tr><tr><td/><td>Intersection</td><td>91.50 / 18.63</td><td>92.96 / 91.34</td><td>94.96</td><td colspan=\"2\">98.62 / 98.79 85.22</td></tr></table>", "text": "Varying head selection strategies between top task-specific heads, union across multiple tasks, and intersection (the default used in PASTA).", "num": null, "html": null}, "TABREF6": {"type_str": "table", "content": "<table><tr><td/><td>Method</td><td>JSON Format Prons. Changing F. Acc / P. Acc Acc / A.Acc / Flue. Acc / Flue. BiasBios</td><td>CounterFact ES / PS /Flue.</td></tr><tr><td/><td>Zero-shot</td><td colspan=\"2\">60.00 / 54.94 71.84 / 66.28 / 6.10 87.36 / 3.98 58.50 / 52.03 / 4.96</td></tr><tr><td>Prompting</td><td>* -marked \"\"-marked</td><td colspan=\"2\">18.55 / 12.71 39.14 / 35.17 / 6.03 90.62 / 3.89 57.74 / 50.52 / 5.12 4.56 / 4.20 20.55 / 18.19 / 5.13 89.82 / 3.97 58.14 / 51.70 / 5.13</td></tr><tr><td/><td>Few-shot</td><td colspan=\"2\">84.85 / 73.58 59.06 / 55.27 / 5.95 88.79 / 4.19 87.45 / 49.82 / 5.68</td></tr><tr><td>PASTA</td><td colspan=\"3\">Task-agnostic 88.16 / 49.08 83.65 / 81.31 / 4.62 93.54 / 3.03 98.82 / 99.03 / 4.78 Multi-task 96.64 /</td></tr></table>", "text": "Main results of LLAMA-7B to demonstrate that PASTA can improve the model ability to (i) follow user instruction (JSON Format and Prons. Changing); (ii) interpret contextual information (BiasBios); (iii) resolving knowledge conflicts (CounterFact). For all scores, higher is better. The best results are in bold. 85.09 96.42 / 95.84 / 5.43 95.28 / 4.05 99.60 / 99.57 / 4.89", "num": null, "html": null}, "TABREF7": {"type_str": "table", "content": "<table><tr><td/><td>Method</td><td colspan=\"2\">JSON Format Prons. Changing F. Acc / P. Acc Acc / A.Acc / Flue. Acc / Flue. BiasBios</td><td>CounterFact ES / PS /Flue.</td></tr><tr><td/><td>Zero-shot</td><td colspan=\"3\">28.83 / 25.09 39.88 / 36.19 / 5.91 72.76 / 5.06 42.14 / 42.02 / 5.01</td></tr><tr><td>Prompting</td><td>* -marked \"\"-marked</td><td>4.44 / 4.10 8.81 / 5.62</td><td colspan=\"2\">41.25 / 37.57 / 4.76 74.14 / 5.01 44.50 / 45.09 / 5.22 6.12 / 5.72 / 5.43 78.64 / 4.96 45.54 / 41.84 / 5.16</td></tr><tr><td/><td>Few-shot</td><td colspan=\"3\">84.15 / 72.65 35.77 / 32.08 / 6.46 72.98 / 4.82 68.34 / 38.23 / 5.67</td></tr><tr><td>PASTA</td><td colspan=\"4\">Task-agnostic 46.68 / 34.71 91.62 / 88.60 / 3.00 80.84 / 4.92 99.54 / 99.57 / 5.11 Multi-task 91.50 / 18.63 92.96 / 91.34 / 4.91 94.96 / 4.87 98.62 / 98.79 / 5.11</td></tr></table>", "text": "Main results of GPT-J to demonstrate that PASTA can improve the model ability to (i) follow user instruction (JSON Format and Prons. Changing); (ii) interpret contextual information (BiasBios); (iii) resolving knowledge conflicts (CounterFact). For all scores, higher is better. The best results are in bold.", "num": null, "html": null}, "TABREF8": {"type_str": "table", "content": "<table><tr><td/><td>PASTA</td><td>JSON Format Prons. Changing F. Acc / P. Acc Acc / A.Acc / Flue. Acc / Flue. BiasBios</td><td>CounterFact ES / PS /Flue.</td></tr><tr><td>LLAMA</td><td colspan=\"3\">Task-specific 95.56 / 86.83 98.52 / 98.02 / 5.92 97.62 / 4.18 99.18 / 99.24 / 4.93 union 88.42 / 74.49 92.12 / 91.44 / 4.88 96.36 / 4.13 99.24 / 99.35 / 4.53 intersection 96.64 / 85.09 96.42 / 95.84 / 5.43 95.28 / 4.05 99.60 / 99.57 / 4.89</td></tr><tr><td>GPT-J</td><td colspan=\"3\">Task-specific 85.71 / 79.39 94.74 / 92.54 / 5.07 97.64 / 5.06 99.26 / 99.34 / 4.94 Union 72.61 / 64.89 89.68 / 87.76 / 3.92 95.56 / 5.02 99.82 / 99.83 / 5.03 Intersection 91.50 / 18.63 92.96 / 91.34 / 4.91 94.96 / 4.87 98.62 / 98.79 / 5.11</td></tr><tr><td colspan=\"3\">B.2 THE VARIANCE OF FEW-SHOT PERFORMANCE</td></tr></table>", "text": "Varying head selection strategies between top top task-specific heads, union across multiple tasks, and intersection (the default used in PASTA).", "num": null, "html": null}, "TABREF9": {"type_str": "table", "content": "<table><tr><td/><td/><td/><td/><td>Few-shot examples</td><td/><td>LLAMA-7B</td><td/><td>GPT-J-6B</td><td/><td/></tr><tr><td/><td/><td/><td/><td>Demonstration 1 Demonstration 2 Demonstration 3 Demonstration 4 Demonstration 5</td><td colspan=\"4\">84.87 / 90.09 / 4.74 43.82 / 40.36 / 6.43 57.24 / 53.98 / 6.22 40.68 / 37.86 / 6.44 57.08 / 53.22 / 6.02 33.13 / 29.21 / 6.48 52.26 / 48.30 / 6.42 25.47 / 20.89 / 6.44 43.86 / 40.78 / 6.43 11.90 / 8.63 / 6.51</td><td/><td/></tr><tr><td colspan=\"5\">B.3 MODEL PROFILING RESULTS</td><td/><td/><td/><td/><td/><td/></tr><tr><td colspan=\"11\">In this Section, we provide more results of the performance of LLAMA-7B on all of tasks when steering: (i) all heads; (ii) entire layer; (iii) a individual head of a layer.</td></tr><tr><td colspan=\"2\">100</td><td/><td/><td/><td/><td/><td/><td/><td/><td/></tr><tr><td/><td>80</td><td/><td/><td/><td/><td/><td/><td/><td/><td/></tr><tr><td>Acc</td><td>20 40 60</td><td>1</td><td>4</td><td>8</td><td>12</td><td>16 Layer</td><td>20</td><td>24</td><td>28</td><td>32 Steer entire layer Zero-shot PASTA Steer all heads Steer single head</td></tr><tr><td colspan=\"11\">4: The performance of LLAMA-7B on Pronouns Changing task when we steer (i) all heads (green); (ii) entrie layer (yellow); and (iii) individual head with a layer (blue violin plot). The performance varies dramatically across layers and across heads of a layer.</td></tr><tr><td colspan=\"2\">90</td><td/><td/><td/><td/><td/><td/><td/><td/><td/></tr><tr><td colspan=\"2\">60 70 80 Acc</td><td>1</td><td>4</td><td>8</td><td>12</td><td>16 Layer</td><td>20</td><td>24</td><td>28</td><td>32 Steer entire layer Zero-shot PASTA Steer all heads Steer single head</td></tr><tr><td colspan=\"11\">5: The performance of LLAMA-7B on BiasBios task when we steer (i) all heads (green); (ii) entrie layer (yellow); and (iii) individual head with a layer (blue violin plot). The performance varies dramatically across layers and across heads of a layer.</td></tr><tr><td colspan=\"2\">100</td><td/><td/><td/><td/><td/><td/><td/><td/><td/></tr><tr><td/><td>80</td><td/><td/><td/><td/><td/><td/><td/><td/><td/></tr><tr><td>ES</td><td>40 60</td><td>1</td><td>4</td><td>8</td><td>12</td><td>16 Layer</td><td>20</td><td>24</td><td>28</td><td>32 Steer entire layer Zero-shot PASTA Steer all heads Steer single head</td></tr></table>", "text": "The few-shot performance (Acc. / A. Acc. / Fluency) on the Pronouns Changing task.", "num": null, "html": null}, "TABREF10": {"type_str": "table", "content": "<table/>", "text": "Generation examples of LLAMA-7B on JSON Formatting.", "num": null, "html": null}, "TABREF11": {"type_str": "table", "content": "<table><tr><td>Method</td><td>Prons. Changing Acc /</td><td>BiasBios</td><td>CounterFact</td></tr></table>", "text": "Results of fluency and consistency evaluation on LLAMA-7B. Cons. / Flue. Acc / Cons. / Flue. ES / PS / Cons. / Flue. Zero-shot 71.84 / 22.29 / 6.10 87.36 / 13.02 / 3.98 58.50 / 52.03 / 11.64 / 4.96 PASTA 92.30 / 22.37 / 6.07 95.28 / 14.25 / 4.05 99.60 / 99.57 / 19.29 / 4.89", "num": null, "html": null}}}}