{"paper_id": "SEABO", "title": "SEABO: A SIMPLE SEARCH-BASED METHOD FOR OFFLINE IMITATION LEARNING", "abstract": "Offline reinforcement learning (RL) has attracted much attention due to its ability in learning from static offline datasets and eliminating the need of interacting with the environment. Nevertheless, the success of offline RL relies heavily on the offline transitions annotated with reward labels. In practice, we often need to hand-craft the reward function, which is sometimes difficult, labor-intensive, or inefficient. To tackle this challenge, we set our focus on the offline imitation learning (IL) setting, and aim at getting a reward function based on the expert data and unlabeled data. To that end, we propose a simple yet effective search-based offline IL method, tagged SEABO. SEABO allocates a larger reward to the transition that is close to its closest neighbor in the expert demonstration, and a smaller reward otherwise, all in an unsupervised learning manner. Experimental results on a variety of D4RL datasets indicate that SEABO can achieve competitive performance to offline RL algorithms with ground-truth rewards, given only a single expert trajectory, and can outperform prior reward learning and offline IL methods across many tasks. Moreover, we demonstrate that SEABO also works well if the expert demonstrations contain only observations. Our code is publicly available at https://github.com/dmksjfl/SEABO.", "pdf_parse": {"paper_id": "SEABO", "abstract": [{"text": "Offline reinforcement learning (RL) has attracted much attention due to its ability in learning from static offline datasets and eliminating the need of interacting with the environment. Nevertheless, the success of offline RL relies heavily on the offline transitions annotated with reward labels. In practice, we often need to hand-craft the reward function, which is sometimes difficult, labor-intensive, or inefficient. To tackle this challenge, we set our focus on the offline imitation learning (IL) setting, and aim at getting a reward function based on the expert data and unlabeled data. To that end, we propose a simple yet effective search-based offline IL method, tagged SEABO. SEABO allocates a larger reward to the transition that is close to its closest neighbor in the expert demonstration, and a smaller reward otherwise, all in an unsupervised learning manner. Experimental results on a variety of D4RL datasets indicate that SEABO can achieve competitive performance to offline RL algorithms with ground-truth rewards, given only a single expert trajectory, and can outperform prior reward learning and offline IL methods across many tasks. Moreover, we demonstrate that SEABO also works well if the expert demonstrations contain only observations. Our code is publicly available at https://github.com/dmksjfl/SEABO.", "section": "Abstract", "sec_num": null}], "body_text": [{"text": "In recent years, reinforcement learning (RL) (Sutton & Barto, 2018) has made prominent achievements in fields like video games (Mnih et al., 2015; Schrittwieser et al., 2020) , robotics (Kober et al., 2013) , nuclear fusion control (Degrave et al., 2022) , etc. It is known that RL is a reward-oriented learning paradigm. Online RL algorithms typically require an interactive environment for data collection and improve the policy through trial-and-error. However, continual online interactions are usually expensive, time-consuming, or even dangerous in many practical applications. Offline RL (Lange et al., 2012; Levine et al., 2020) , instead, resorts to learning optimal policies from previously gathered datasets, which are composed of trajectories containing observations, actions, and rewards.", "section": "INTRODUCTION", "sec_num": "1"}, {"text": "A bare fact is that reward engineering is often difficult, expensive, and labor-intensive. It is also hard to specify or abstract a good reward function given some rules. To overcome this challenge in the offline setting, there are generally two methods. First, one can train the policy via the behavior cloning (BC) algorithm (Pomerleau, 1988) , but its performance is heavily determined by the performance of the data-collecting policy (a.k.a., the behavior policy). Second, one can learn a reward function from some expert demonstrations and assign rewards to the unlabeled data in the dataset. Then, the policy can be optimized by leveraging the reward. This is also known as offline imitation learning (offline IL). Note that in many real-world tasks, acquiring a few expert demonstrations is easy (e.g., ask a human expert to operate the system) and affordable.", "section": "INTRODUCTION", "sec_num": "1"}, {"text": "However, it turns out that, similar to offline RL, offline IL also suffers from distribution shift issue (Kim et al., 2022b; DeMoss et al., 2023) , where the learned policy deviates from the data-collecting policy, leading to poor performance during evaluation. Prior works concerning on distribution cor- The key idea behind SEABO. We assign larger rewards to transitions that are closer to the expert demonstration, and smaller rewards otherwise. The dotted lines connect the query samples with their nearest neighbors along the demonstration. Right: Illustration of the SEABO framework. Given an expert demonstration, we first construct a KD-tree and then feed the unlabeled samples into the tree to query their nearest neighbors. We use the resulting distance to calculate the reward label. Then one can adopt any existing offline RL algorithm to train on the labeled dataset.", "section": "INTRODUCTION", "sec_num": "1"}, {"text": "rection estimation (DICE family) address this by enforcing the learned policy to be close to the behavior policy via a distribution divergence measure (e.g., f -divergence (Ghasemipour et al., 2019; Ke et al., 2019) ). However, such distribution matching schemes can incur training instability (Ma et al., 2022) and over-conservatism (Yu et al., 2023) , and they often involve training task-specific discriminators. On the other hand, some works seek to decouple the processes of reward annotation and policy optimization (Zolna et al., 2020; Luo et al., 2023) . However, they involve solving complex optimal transport problems or contrasting expert states and unlabeled trajectory states.", "section": "INTRODUCTION", "sec_num": "1"}, {"text": "In this paper, we propose a simple yet effective alternative, SEArch-Based method for Offline imitation learning, namely SEABO, that leverages search algorithms to acquire reward signals in an unsupervised learning manner. As illustrated in Figure 1 (left), we hypothesize that the transition is near-optimal if it lies close to the expert trajectory, hence larger reward ought to be assigned to it, and vice versa. To that end, we propose to determine whether the sample approaches the expert trajectory via measuring the distance between the query sample and its nearest neighbor in the expert trajectory. In practice, as depicted in Figure 1 (right), SEABO first builds a KD-tree upon expert demonstrations. Then for each unlabeled sample in the dataset, we query the tree to find its nearest neighbor, and measure their distance. If the distance is small (i.e., close to expert trajectory), a large reward will be annotated, while if the distance is large (i.e., stray away from the expert trajectory), the assigned reward is low. SEABO is efficient and easy to implement. It can be combined with any existing offline RL algorithm to acquire a meaningful policy from the static offline dataset.", "section": "INTRODUCTION", "sec_num": "1"}, {"text": "Empirical results on the D4RL (Fu et al., 2020) datasets show that SEABO can enable the offline RL algorithm to achieve competitive or even better performance against its performance under groundtruth rewards with only one expert trajectory. SEABO also beats recent strong reward annotation methods and imitation learning baselines on many datasets. Furthermore, we also demonstrate that SEABO can learn effectively when the expert demonstrations are composed of pure observations.", "section": "INTRODUCTION", "sec_num": "1"}, {"text": "We formulate the interaction between the environment and policy as a Markov Decision Process (MDP) specified by the tuple \u27e8S, A, p, r, \u03b3, p 0 \u27e9, where S is the state space, A is the action space, p : S \u00d7 A \u2192 S is the transition dynamics, r : S \u00d7 A \u2192 R is the scalar reward signal, \u03b3 \u2208 [0, 1] is the discount factor, p 0 is the initial state distribution. A policy \u03c0(a|s) outputs the action based on the state s. We assume that the underlying MDP has a finite horizon. The goal of RL is to maximize the discounted future reward:", "section": "PRELIMINARY", "sec_num": "2"}, {"text": "J(\u03c0) = E s0\u223cp0 E a\u223c\u03c0,st+1\u223cp(\u2022|st,at) [", "section": "PRELIMINARY", "sec_num": "2"}, {"text": "In this paper, we focus on the offline IL setting. We assume that we have access to the dataset of expert demonstrations D e = {\u03c4", "section": "PRELIMINARY", "sec_num": "2"}, {"text": "(i) e } M i=1", "section": "PRELIMINARY", "sec_num": "2"}, {"text": ", and a dataset of unlabeled data D u = {\u03c4", "section": "PRELIMINARY", "sec_num": "2"}, {"text": "(i) u } N i=1", "section": "PRELIMINARY", "sec_num": "2"}, {"text": ", where M and N are the sizes of the expert dataset and unlabeled dataset, respectively. The unlabeled trajectories are gathered by some unknown behavior policy \u00b5. Note that we allow the expert demonstrations to either contain actions or do not contain actions. We aim at attaining the reward function by extracting information from the expert trajectories and unlabeled trajectories, and assigning rewards to the unlabeled datasets, without any interactions with the environment. Then we can train the policy using any offline RL algorithm.", "section": "PRELIMINARY", "sec_num": "2"}, {"text": "Offline Reinforcement Learning. In offline RL (Lange et al., 2012; Levine et al., 2020) , the agent is not permitted to interact with the environment, and can only learn policies from previously gathered dataset", "section": "RELATED WORK", "sec_num": "3"}, {"text": "D = {(s i , a i , r i , s i+1 )} N i=1", "section": "RELATED WORK", "sec_num": "3"}, {"text": ", where N is the dataset size. Existing work on offline RL can be generally categorized into model-based (Yu et al., 2020; 2021; Kidambi et al., 2020; Lyu et al., 2022b; Rigter et al., 2022; Lu et al., 2022a; Chen et al., 2021; Janner et al., 2021; Uehara & Sun, 2022; Zhang et al., 2023) and model-free approaches (Fujimoto et al., 2019; Fujimoto & Gu, 2021; Kumar et al., 2020; Kostrikov et al., 2022; Lyu et al., 2022c; a; Cheng et al., 2022; Zhou et al., 2020; Ran et al., 2023; Bai et al., 2022; Yang et al., 2024) . The success of these methods rely heavily on the requirement that the datasets must contain annotated reward signals.", "section": "RELATED WORK", "sec_num": "3"}, {"text": "Imitation Learning. Imitation Learning (IL) considers optimizing the behavior of the agent given some expert demonstrations, and no reward is needed. The primary goal of IL is to mimic the behavior of the expert demonstrator. Behavior cloning (BC) (Pomerleau, 1988) directly performs supervised regression or maximum-likelihood on expert demonstrations. Yet, BC can suffer from compounding error and may result in performance collapse upon unseen states (Ross et al., 2011) . Another line of work, inverse reinforcement learning (IRL) (Arora & Doshi, 2021) , first learns a reward function using expert demonstrations, and then utilizes this reward function to train policies with RL algorithms. Typical IRL algorithms include adversarial methods (Ho & Ermon, 2016; Jeon et al., 2018; Kostrikov et al., 2019; Baram et al., 2017) , maximum-entropy approaches (Ziebart et al., 2008; Boularias et al., 2011) , normalizing flows (Freund et al., 2023) , etc. However, these methods often require abundant online transitions to train a good policy. Imitation learning without online interactions, which is the focus of our work, is hence attractive and remains an active area. There are many advances in offline IL, such as applying online IRL algorithms in the offline setting (Zolna et al., 2020; Yue et al., 2023) , using energy-based methods (Jarrett et al., 2020) , weighting the BC loss with the output of the trained discriminator (Xu et al., 2022) , etc. Among them, DICE (Nachum et al., 2019) family receives much attention. Methods like ValueDICE (Kostrikov et al., 2020) , DemoDICE (Kim et al., 2022b) , and LobsDICE (Kim et al., 2022a) can consistently drub BC in the offline setting. Notably, a recent work, OTR (Luo et al., 2023) , acquires the reward function in the offline setting via optimal transport. OTR decouples the processes of reward learning and policy optimization. Still, OTR needs to solve complex optimal transport problems. We, instead, explore to get the reward function via a search-based method.", "section": "RELATED WORK", "sec_num": "3"}, {"text": "Search Algorithms. Search algorithms (Korf, 1999) are critical components in artificial intelligence. Typical search algorithms include brute-force search algorithms (Dijkstra, 1959; Stickel & Tyson, 1985; Korf, 1985; Taylor & Korf, 1993 ), heuristic search approaches (Doran & Michie, 1966; Hart et al., 1968; Pohl, 1970; Edelkamp & Schr\u00f6dl, 2011) , etc. In this paper, we resort to the simple search approach, KD-tree (Bentley, 1975) , for capturing the nearest neighbors of the unlabeled data in the expert demonstrations.", "section": "RELATED WORK", "sec_num": "3"}, {"text": "In this section, we formally present our novel approach for offline imitation learning, SEArch-Based Offline imitation learning (SEABO). We begin by analyzing the common formulation adopted in distribution matching IL methods (Ho & Ermon, 2016; Kim et al., 2020; Kostrikov et al., 2020) , which attempt to match the state-action distribution of the agent p \u03c0 and the expert p e , often by means of minimizing some f -divergence measurement D f : arg min \u03c0 D f (p \u03c0 \u2225p e ). Though these methods have promising results, they usually require training task-specific discriminators and suffer from training instability (Wang et al., 2020; Ma et al., 2022) . A natural question arises, can we get the reward signals without training neural networks? Instead of measuring the distribution of states or state-action pairs, we want to determine the optimality of a single transition. Our idea is quite straightforward, the closer the transition is to the expert trajectory, the more optimal this transition is. The agent ought to pay more attention to those optimal transitions. This motivates us to measure how close the unlabeled transition is to the expert trajectories. We propose to achieve this by finding the nearest neighbor of the query transition in the expert demonstrations, and then measuring their distance (e.g., Euclidean distance). If the distance is large, then the transition is away from the expert demonstration. While if the distance is small, it indicates that the transition is near-optimal, or even is exact expert data if the distance approaches 0. Intuitively, this distance can be interpreted as a reward signal.", "section": "OFFLINE IMITATION LEARNING VIA SEARCH-BASED METHOD", "sec_num": "4"}, {"text": "To that end, we construct a function dubbed NearestNeighbor(demo,query sample) that returns the nearest neighbor of the query sample in the expert demonstrations. Suppose the expert trajectories are made up of state-action pairs, then for the query sample (s, a, s \u2032 ), we have:", "section": "OFFLINE IMITATION LEARNING VIA SEARCH-BASED METHOD", "sec_num": "4"}, {"text": "(s e , \u00e3e , s\u2032 e ) = NearestNeighbor(D e , (s, a, s \u2032 )).", "section": "OFFLINE IMITATION LEARNING VIA SEARCH-BASED METHOD", "sec_num": "4"}, {"text": "(1)", "section": "OFFLINE IMITATION LEARNING VIA SEARCH-BASED METHOD", "sec_num": "4"}, {"text": "Then we measure their deviation using some distance measurement D: d = D((s e , \u00e3e , s\u2032 e ), (s, a, s \u2032 )).", "section": "OFFLINE IMITATION LEARNING VIA SEARCH-BASED METHOD", "sec_num": "4"}, {"text": "(2)", "section": "OFFLINE IMITATION LEARNING VIA SEARCH-BASED METHOD", "sec_num": "4"}, {"text": "Afterward, following prior work (Cohen et al., 2022; Freund et al., 2023; Dadashi et al., 2021; Luo et al., 2023) , we get the rewards via a squashing function: r = \u03b1 exp(-\u03b2 \u00d7 d), where \u03b1 and \u03b2 are hyperparameters that control the scale of the reward and the impact of the distance, respectively. Find its nearest neighbor, (s e , \u00e3e , s\u2032 e ) = NearestNeighbor(D e , (s, a, s \u2032 ))", "section": "OFFLINE IMITATION LEARNING VIA SEARCH-BASED METHOD", "sec_num": "4"}, {"text": "5:", "section": "OFFLINE IMITATION LEARNING VIA SEARCH-BASED METHOD", "sec_num": "4"}, {"text": "Measure the distance: d = D((s e , \u00e3e , s\u2032 e ), (s, a, s \u2032 ))", "section": "OFFLINE IMITATION LEARNING VIA SEARCH-BASED METHOD", "sec_num": "4"}, {"text": "6:", "section": "OFFLINE IMITATION LEARNING VIA SEARCH-BASED METHOD", "sec_num": "4"}, {"text": "Get the reward signal via Equation 37:", "section": "OFFLINE IMITATION LEARNING VIA SEARCH-BASED METHOD", "sec_num": "4"}, {"text": "D label \u2190 D label \u222a (s, a, r, s \u2032 ) 8: end for We name the resulting method SEABO, and list its pseudo-code in Algorithm 1. For practical implementation of SEABO, we leverage KD-tree (Bentley, 1975) for searching the nearest neighbors, and adopt Euclidean distance (Torabi et al., 2019) as the distance measurement for simplicity (i.e., the default setting of KD-tree). We also slightly modify the aforementioned formula of the reward function to make it better adapt to different tasks with one set of hyperparameters, which gives:", "section": "OFFLINE IMITATION LEARNING VIA SEARCH-BASED METHOD", "sec_num": "4"}, {"text": "EQUATION", "section": "OFFLINE IMITATION LEARNING VIA SEARCH-BASED METHOD", "sec_num": "4"}, {"text": "where |A| is the dimension of the action space. Note that this technique is also adopted in Dadashi et al. (2021) . We choose to use (s, a, s \u2032 ) to query since the magnitude of states and actions may be different. One possible solution is to query the demonstrations via (\u03be \u00d7 s, a), \u03be \u2208 R + , but it introduces an additional hyperparameter that may need to be tuned per dataset. We empirically find that involving s \u2032 in the query sample can ensure good performance across many tasks. The above procedure (as specified in Figure 1 (right)) also applies when the expert demonstrations contain only observations, because it is feasible that we find the nearest neighbors using only observations. SEABO enjoys many advantages over prior reward learning methods or offline imitation learning algorithms. First, SEABO does not require any additional processing upon the offline dataset1 .", "section": "OFFLINE IMITATION LEARNING VIA SEARCH-BASED METHOD", "sec_num": "4"}, {"text": "The unlabeled dataset can have different trajectory lengths, and the unlabeled trajectories can be fragmented, or even scattered, since SEABO computes the rewards only using the single transition instead of the entire trajectory. Second, SEABO does not require training reward models or discriminators, hence getting rid of the issues of training instability and hyperparameter tuning of the neural networks. Third, SEABO is easy to implement and can be combined with any offline RL algorithm. To show the effectiveness of our method, we plot the distribution of ground-truth rewards (oracle) and rewards given by SEABO. We choose two datasets, halfcheetah-medium-expert-v2 and hopper-medium-v2 from D4RL (Fu et al., 2020) as examples, and use \u03b1 = 1, \u03b2 = 0.5, which is the same as our hyperparameter setup in Section 5. The results are summarized in Figure 2 . We find that the reward distributions of SEABO resemble those of oracle. Notably, SEABO successfully gives two peaks in halfcheetah-medium-expert, indicating that it can distinguish samples of different qualities. These reveal that SEABO can serve as a good reward labeler, which validates its combination with off-the-shelf offline RL algorithms.", "section": "OFFLINE IMITATION LEARNING VIA SEARCH-BASED METHOD", "sec_num": "4"}, {"text": "In this section, we empirically evaluate SEABO on D4RL datasets. We are targeted at examining, given only one single expert demonstration, whether SEABO can make different base offline RL algorithms recover or beat their performance with ground-truth rewards across varied tasks. We are also interested in exploring how SEABO competes against prior reward learning and offline imitation learning methods. We further investigate whether SEABO can work well if the expert demonstrations are composed of pure observations. Moreover, we check how different choices of search algorithms affect the performance of SEABO.", "section": "EXPERIMENTS", "sec_num": "5"}, {"text": "We discard reward signals in the D4RL datasets to form unlabeled datasets. For expert demonstrations, we follow Luo et al. (2023) and utilize the trajectory with the highest return in the raw dataset for ease of evaluation. One can also use a separate expert trajectory. All of the experiments in this paper are run for 1M gradient steps over five different random seeds, and the results are averaged at the final gradient step. We report the mean performance in conjunction with the corresponding standard deviation. We adopt the same squashing function for tasks under the same domain. Unless specified, we use the number of expert demonstrations K = 1 for evaluation. It is worth noting that SEABO is computationally efficient since there is only a single expert trajectory, and the time complexity of KD-tree gives O(d f log |D e |), where d f is the feature dimension size. It takes SEABO about 1 minute to annotate 1 million unlabeled transitions using merely CPUs. Hence, we believe the overall computation overhead from SEABO is minor and tolerable. We defer the experimental details and hyperparameter setup for all of our experiments to Appendix A.", "section": "EXPERIMENTS", "sec_num": "5"}, {"text": "SEABO upon different base algorithms. We first explore whether SEABO can aid different offline RL algorithms. We verify this by incorporating SEABO with two popular offline RL algorithms, TD3 BC (Fujimoto & Gu, 2021) and IQL (Kostrikov et al., 2022) . We conduct experiments on 9 medium-level (medium, medium-replay, medium-expert) D4RL MuJoCo locomotion \"-v2\" datasets (halfcheetah, hopper, walker2d) and summarize the results in Table 1 .", "section": "MAIN RESULTS", "sec_num": "5.1"}, {"text": "One can see that IQL+SEABO beats IQL with ground-truth rewards on 6 out of 9 datasets, and TD3 BC+SEABO outperforms TD3 BC with raw rewards on 5 out of 9 datasets. On other datasets, SEABO can achieve competitive performance against the oracle performance. The overall scores of SEABO with IQL and TD3 BC exceed those of ground-truth rewards. This evidence indicates that SEABO can generate high-quality rewards and benefit different offline RL algorithms.", "section": "MAIN RESULTS", "sec_num": "5.1"}, {"text": "SEABO competes against baselines. To better illustrate the effectiveness of SEABO, we compare IQL+SEABO against the following strong reward learning and offline IL baselines: ORIL (Zolna et al., 2020) , which learns the reward function by contrasting the expert demonstrations with the unlabeled trajectories; UDS (Yu et al., 2022) , which keeps the rewards in the expert demonstrations and simply assigns minimum rewards to the unlabeled data; OTR (Luo et al., 2023) , which learns a reward function via using the optimal transport to get the optimal alignment between the expert demonstrations and unlabeled trajectories. For a fair comparison, all these methods adopt IQL as the base algorithm. We additionally compare against BC, and 10%BC (Chen et al., 2021) . We take the results of IQL+ORIL and IQL+UDS directly from the OTR paper. As OTR computes rewards using pure observations (and SEABO uses (s, a, s \u2032 ) to query the reward), we modify its way of solving optimal coupling by involving actions, and run IQL+OTR on these datasets with its official codebase. We summarize the comparison results in Table 2 . It can be found that, though methods like ORIL and OTR can lead to competitive or better performance on some of the datasets than IQL trained with raw rewards, SEABO beats them on numerous tasks. Meanwhile, SEABO is the only method that can surpass IQL with ground-truth rewards in terms of the total score.", "section": "MAIN RESULTS", "sec_num": "5.1"}, {"text": "SEABO evaluation on wider datasets. We further evaluate IQL+SEABO on two challenging domains from D4RL, AntMaze and Adroit. We run IQL with ground-truth rewards to obtain the IQL performance. We take the results of IQL+OTR from its paper directly. Table 3 demonstrates the detailed comparison results. We find that IQL+SEABO beats IQL and IQL+OTR on 5 out of ", "section": "MAIN RESULTS", "sec_num": "5.1"}, {"text": "To further show the advantages of SEABO, we additionally compare it against recent strong offline imitation learning approaches, including DemoDICE (Kim et al., 2022b) and SMODICE (Ma et al., 2022) . We also convert two online IL algorithms into the offline setting, SQIL (Reddy et al., 2020) and PWIL (Dadashi et al., 2021) , where we replace the base algorithm in SQIL with TD3 BC and utilize IQL as the base algorithm for PWIL. All algorithms are run using their official implementations under the identical experimental setting as SEABO (i.e., one single expert demonstration).", "section": "COMPARISON AGAINST OFFLINE IL ALGORITHMS", "sec_num": "5.2"}, {"text": "For a fair comparison, we involve actions when training discriminators in SMODICE and measuring the distance in PWIL. We use IQL as the base algorithm for SEABO. The empirical results in Table 4 show that IQL+SEABO achieves the best performance on 6 out of 9 datasets, and has the highest total score (surpassing the second highest one by 13.9%). Though SEABO underperforms PWIL on some datasets, it significantly beats PWIL on tasks like hopper-medium-v2. Note that SMODICE behaves poorly on many tasks, which is also observed in Li et al. (2023) .", "section": "COMPARISON AGAINST OFFLINE IL ALGORITHMS", "sec_num": "5.2"}, {"text": "We now examine how SEABO behaves when the expert demonstrations consist of only observations, i.e., D e = {\u03c4 i e } M i=1 , where M is the size of the demonstration and \u03c4 = {s 0 , s 1 , . . . , s T }. In principle, SEABO can also calculate rewards by querying the KD-tree with only states, (s e , s\u2032 e ) = NearestNeighbor(D e , (s, s \u2032 )). The distance can then be calculated with some distance metric D, d = D((s e , s\u2032 e ), (s, s \u2032 )), and the rewards can be computed accordingly, via Equation 3. For baselines, since DemoDICE and ValueDICE are inapplicable to state-only regimes (Zhu et al., 2021) , we compare against LobsDICE (Kim et al., 2022a) , which is a state-of-the-art offline IL algorithm that learns from expert observations. We also involve SMODICE, PWIL, and OTR for comparison, and train them using only expert observations. All baselines are run with their official implementa- We allow the single expert demonstration to involve actions (i.e., query with (s, a, s \u2032 )), and run all of the variants of SEABO using the same set of hyperparameters for a fair comparison. Empirical results on 9 D4RL locomotion datasets are shown in Table 6 . It is interesting to see that SEABO with Ball-tree is competitive with SEABO with KD-tree (their performance differences are minor), while SEABO with HNSW exhibits poor performance on many datasets. This means that the choice of the search algorithm counts in SEABO, and simply employing KD-tree can already guarantee good performance. Please see more discussions in Appendix C.", "section": "STATE-ONLY REGIMES", "sec_num": "5.3"}, {"text": "It is vital to examine how sensitive SEABO is to the introduced hyperparameters. Due to the space limit, we can only report part of the experiments here and defer more experiments to Appendix B.3. Reward scale \u03b1. \u03b1 controls the scale of the resulting rewards. To check its influence, we conduct experiments on three datasets from D4RL locomotion tasks and sweep \u03b1 across {1, 5, 10}. Results in Figure 3 demonstrate that the best \u03b1 may depend on the dataset while a smaller \u03b1 is preferred.", "section": "PARAMETER STUDY", "sec_num": "5.5"}, {"text": "Weighting coefficient \u03b2. \u03b2 is probably the most critical hyperparameter which decides the scale of the distance. In Figure 4 (a), we vary \u03b2 across {0.1, 0.5, 1, 5}, and find that the performance drops with too small or too large \u03b2. It seems that \u03b2 = 0.5 or \u03b2 = 1 can achieve a good trade-off.", "section": "PARAMETER STUDY", "sec_num": "5.5"}, {"text": "Number of neighbors N . To see whether the number of neighbors N matters, we run IQL+SEABO with N \u2208 {1, 5, 10}. Results in Figure 4 (b) show that SEABO is robust to this hyperparameter.", "section": "PARAMETER STUDY", "sec_num": "5.5"}, {"text": "Number of expert demonstrations K. We investigate whether increasing the number of expert demonstrations can further boost the performance of SEABO and baselines by running experiments of these methods on 9 MuJoCo locomotion tasks. We report the aggregate performance (i.e., total score) in Table 7 . One can see that all methods enjoy performance improvement when K = 10, while none of them can outperform SEABO (there still exists a large performance gap). ", "section": "PARAMETER STUDY", "sec_num": "5.5"}, {"text": "In this paper, we propose a novel search-based offline imitation learning method, dubbed SEABO, that annotates the unlabeled offline trajectories in an unsupervised learning manner. SEABO builds a KD-tree using the expert demonstration(s), and searches the nearest neighbors of the query sample.", "section": "CONCLUSION", "sec_num": "6"}, {"text": "We then measure their distance and output the reward signal via a squashing function. SEABO is easy to implement and can be incorporated with any offline RL algorithm. Experiments on D4RL datasets show that SEABO can incur competitive or even better offline policies than pre-defined reward functions. SEABO can also function well if the expert demonstrations are made up of only observations. For future work, it is interesting to apply SEABO in visual offline RL datasets (e.g., Lu et al. (2022b) ), or adapt SEABO to cross-domain offline imitation learning tasks.", "section": "CONCLUSION", "sec_num": "6"}, {"text": "In this section, we detail the hyperparameter setup utilized in our experiments. We conduct experiments on 9 MuJoCo locomotion \"-v2\" medium-level datasets, 6 AntMaze \"-v0\" datasets, and 8 Adroit \"-v0\" datasets, yielding a total of 23 tasks. We list the hyperparameter setup for IQL and TD3 BC on MuJoCo locomotion tasks in Table 8 . We keep the hyperparameter setup of the base offline RL algorithms unchanged for both IQL and TD3 BC. For IQL, we do not rescale the rewards in the datasets by 1000 /max return-min return, as we have an additional hyperparameter \u03b1 to control the reward scale. In practice, we find minor performance differences if we rescale the rewards. We generally utilize the same formula of squashing function for most of the datasets, except that we set \u03b2 = 1 in hopper-medium-replay-v2, and \u03b1 = 10, \u03b2 = 0.1 in hopper-medium-expert-v2 for better performance. Note that using \u03b1 = 1, \u03b2 = 0.5 on these tasks can also produce a good performance (e.g., setting \u03b1 = 1, \u03b2 = 0.5 on hopper-medium-replay-v2 leads to an average performance of 87.2, still outperforming strong baselines like OTR), while slightly modifying the hyperparameter setup can result in better performance. We divide the scaled distance by the action dimension of the task to strike a balance between different tasks (as we use one set of hyperparameters). This is also adopted in PWIL paper (Dadashi et al., 2021) . For TD3 BC, we use the same type of squashing function as IQL on the locomotion tasks, with \u03b1 = 1, \u03b2 = 0.5, except that we use \u03b1 = 10 for walker2d-medium-v2 and walker2d-medium-replay-v2 for slightly better performance. We use the official implementation of TD3 BC (https://github.com/sfujim/TD3 BC) and adopt the PyTorch (Paszke et al. (2019) ) version of IQL for evaluation. We summarize the hyperparameter setup of SEABO (using IQL as the underlying algorithm) on the AntMaze domain and Adroit domain in Table 9 and Table 10 , respectively. We only list the different hyperparameters in these tables and the other hyperparameters follow those presented in Table 8 . Note that we filter the highest return trajectory as the expert demonstration in the Adroit domain, while selecting the goal-reached trajectory as the expert demonstration in the AntMaze domain, which is also adopted in OTR paper (Luo et al., 2023) . We adopt a comparatively large \u03b2 = 5 on AntMaze tasks. We also follow the IQL paper (Kostrikov et al., 2022) to subtract 1 from the rewards, which we find can result in better performance. For Adroit tasks, we remove the action dimension in the squashing function, since these tasks have large action space dimensions. If one insists on involving |A|, a much larger \u03b2 than 0.5 is then necessary to mitigate its influence. We find that simply removing |A| can ensure quite good performance on all of the evaluated Adroit datasets. Note that OTR (Luo et al., 2023) also adopts different forms of squashing functions for different domains. We query with (s, s \u2032 ) for Adroit tasks and (s, a, s \u2032 ) for other domains.", "section": "A HYPERPARAMETER SETUP", "sec_num": null}, {"text": "To acquire expert demonstrations, we use the trajectory with the highest return as expert demonstrations on MuJoCo locomotion tasks and Adroit tasks, and filter the goal-reached trajectory in AntMaze tasks. For all of the baseline reward learning and offline imitation learning algorithms, we follow this setting and run them with their official codebases2 over five different random seeds. We use the PWIL implementation from Acme (Hoffman et al., 2020) 3 .", "section": "A HYPERPARAMETER SETUP", "sec_num": null}, {"text": "In SEABO, we use the KD-tree implementation from the scipy library (Virtanen et al., 2020) , i.e., scipy.spatial.KDTree. We set the number of nearest neighbors N = 1, and keep other default hyperparameters in KD-tree. Note that we can directly get the desired distance by querying the KD-tree. For Ball-tree, we use its implementation in the scikit-learn package (Pedregosa et al., 2011) , i.e., sklearn.neighbors.BallTree. We also keep its original hyperparameters unchanged. For HNSW, we use its implementation in hnswlib4 . We use the suggested hyperparameter setting in its GitHub page and set ef construction=200 (which defines a construction time/accuracy trade-off) and M=16 (which defines the maximum number of outgoing connections in the graph). All these search algorithms adopt the Euclidean distance as the distance measurement.", "section": "A HYPERPARAMETER SETUP", "sec_num": null}, {"text": "In our experiments, we use MuJoCo 2.0 (Todorov et al., 2012) with Gym version 0.18.3, PyTorch (Paszke et al., 2019) version 1.8. We use the normalized score metric recommended in the D4RL paper (Fu et al., 2020) , where 0 corresponds to a random policy, and 100 corresponds to an expert policy. Formally, suppose we get the average return J by deploying the learned policy in the test environment, the normalized score gives:", "section": "A HYPERPARAMETER SETUP", "sec_num": null}, {"text": "EQUATION", "section": "A HYPERPARAMETER SETUP", "sec_num": null}, {"text": "where J r is the return of a random policy, and J e is the return of an expert policy.", "section": "A HYPERPARAMETER SETUP", "sec_num": null}, {"text": "In this section, we present the missing experimental results from the main text due to the space limit.", "section": "B MISSING EXPERIMENTAL RESULTS", "sec_num": null}, {"text": "Table 11 : Comparison of SEABO against baseline algorithms under 10 expert demonstrations.", "section": "B MISSING EXPERIMENTAL RESULTS", "sec_num": null}, {"text": "We use IQL as the base algorithm for SEABO, PWIL, and OTR. We report the mean performance at the final 10 evaluations for each algorithm, and \u00b1 captures the standard deviation. ", "section": "B MISSING EXPERIMENTAL RESULTS", "sec_num": null}, {"text": "In Section 5.5, we present the comparison results of SEABO and baseline reward learning and offline IL algorithms under different numbers of expert demonstrations K \u2208 {1, 10}. However, we only report the aggregate performance (i.e., the total score) on the 9 MuJoCo locomotion mediumlevel tasks (medium, medium-replay, medium-expert) in Table 7 . To make the comparison clearer, we present the detailed normalized scores of these methods under K = 10 on different datasets in Table 11 , where we mainly compare SEABO against different variants of PWIL and OTR. SEABO computes the rewards with actions involved in the single expert demonstration here.", "section": "B.1 NUMERICAL COMPARISON UNDER TEN EXPERT DEMONSTRATIONS", "sec_num": null}, {"text": "The results reveal that SEABO outperforms baseline methods on 5 out of 9 datasets and is competitive with baselines on the rest of the datasets. SEABO achieves a total score of 716.1, surpassing the second best method (OTR-state) by 3.2%. Though we observe that PWIL-action beats SEABO on datasets like halfcheetah-medium-v2, it can perform poorly on datasets like hopper-medium-expert-v2. We also note that the performance of PWIL deteriorates in the state-only regimes, i.e., learning from pure expert observations. This phenomenon is also reported in Dadashi et al. (2021) ; Luo et al. (2023) . SEABO, instead, is flexible and can be applied regardless of whether the expert demonstrations contain actions.", "section": "B.1 NUMERICAL COMPARISON UNDER TEN EXPERT DEMONSTRATIONS", "sec_num": null}, {"text": "Furthermore, we show in Table 12 the results of IQL+SEABO on AntMaze and Adroit datasets when 10 expert demonstrations are provided. We compare IQL+SEABO against IQL+OTR and IQL with raw rewards (denoted as IQL). The results demonstrate that SEABO can recover the performance of the offline RL algorithm with ground-truth rewards and sometimes yield better performance. This advantage is agnostic to the number of expert demonstrations K.", "section": "B.1 NUMERICAL COMPARISON UNDER TEN EXPERT DEMONSTRATIONS", "sec_num": null}, {"text": "IQL+SEABO matches the performance of IQL+OTR on many AntMaze tasks and outperforms IQL+OTR on 6 out of 8 datasets from the Adroit domain. On both the AntMaze domain and Adroit domain, OTR underperforms SEABO in terms of the total score. One may notice that the performance of IQL+SEABO decreases with more expert demonstrations, mainly on the Adroit datasets. This is caused by the performance drop on pen-human-v0, which dominate the total score (the magnitude of its score is much larger than those of other datasets). One can also observe that the performance of IQL+OTR declines on many Adroit tasks, given 10 expert demonstrations (see Table 7 in Luo et al. (2023) ). Still, IQL+SEABO exhibits strong performance across numerous datasets.", "section": "B.1 NUMERICAL COMPARISON UNDER TEN EXPERT DEMONSTRATIONS", "sec_num": null}, {"text": "Since the majority of the experiments in the main text are conducted using IQL as the base offline RL algorithm, it is interesting to see how SEABO competes against baseline methods with another offline RL algorithm as the base method. To that end, we choose TD3 BC and incorporate it with the strong baseline method, OTR. We follow the experimental setting utilized in the main text, filter a single expert demonstration with the highest return in the offline dataset, and deem it as the expert demonstration. We run TD3 BC+SEABO and TD3 BC+OTR on 9 D4RL MuJoCo locomotion datasets. We follow our experimental setup specified in Appendix A, and use the default hyperpa- Table 13 : Comparison of SEABO against OTR using TD3 BC as the base algorithm. We report the average normalized scores and their standard deviations. We bold and highlight the mean score cell except for TD3 BC. We adopt one single expert demonstration for OTR and SEABO. rameter setup of OTR suggested by the authors. We summarize the comparison results in Table 13 . It turns out that TD3 BC+SEABO outperforms TD3 BC+OTR on 8 out of 9 datasets, often by a large margin, surpassing it by 10.1% in terms of the total score. TD3 BC+SEABO is the only algorithm that even beats TD3 BC learned with raw rewards in total score. We observe that the standard deviation of TD3 BC+OTR is large on datasets like halfcheetah-medium-expert-v2, while the standard deviation of TD3 BC+SEABO is much smaller. This evidence indicates that SEABO is superior to OTR when acting as the reward labeler, and can consistently aid different base offline RL algorithms recover its performance under ground-truth rewards or achieve better performance.", "section": "B.2 COMPARISON OF TD3 BC+OTR AND TD3 BC+SEABO", "sec_num": null}, {"text": "In Section 5.5, we are only able to attach the results on a small proportion of datasets from D4RL, e.g., halfcheetah-medium-replay-v2 due to the space limit. In this part, we include wider experimental results in terms of the reward scale \u03b1, weighting coefficient \u03b2, and number of neighbors N . Again, we use IQL as the base offline RL algorithm for SEABO. The expert demonstrations utilized here contain actions. We follow the hyperparameter setup specified in Section A.", "section": "B.3 HYPERPARAMETER SENSITIVITY", "sec_num": null}, {"text": "Reward scale \u03b1. The reward scale \u03b1 controls the magnitude of the computed rewards. In Figure 3 of the main text, we find that a smaller \u03b1 seems to be better (especially on hopper-medium-v2). We further conduct experiments on three additional tasks, halfcheetah-medium-expert-v2, hopper-medium-replay-v2, and walker2d-medium-v2 by varying \u03b1 \u2208 {1, 5, 10}. The results are shown in Figure 5 , where we actually do not find much performance difference of \u03b1 on these three tasks. That indicates that IQL+SEABO is robust to \u03b1 on most of the datasets. In practice, one can simply set \u03b1 = 1, which we find can already yield very good performance on MuJoCo tasks, AntMaze tasks, and Adroit tasks.", "section": "B.3 HYPERPARAMETER SENSITIVITY", "sec_num": null}, {"text": "Weighting coefficient \u03b2. As commented in the main text, the weighting coefficient \u03b2 is perhaps the most important hyperparameter in SEABO, since it controls the weights of the measured distance and this may have a significant influence on the final rewards. For a specific domain, we mostly adopt a fixed \u03b2 as we do not want to bother tuning this hyperparameter. However, we believe it is vital to examine how \u03b2 influences the performance of SEABO in wider experiments. We additionally conduct several experiments on halfcheetah-medium-expert-v2, hopper-medium-replay-v2, walker2d-medium-replay-v2 from D4RL locomotion tasks. We sweep \u03b2 across {0.1, 0.5, 1, 5}, and summarize the results in Figure 6 . It can be clearly seen that a large \u03b2 results in poor performance on halfcheetah-medium-expert-v2 and walker2d-medium-replay-v2, while setting \u03b2 = 5 results in the best performance on hopper-medium-replay-v2. In the hyperparameter setup part, we state that we set \u03b2 = 1 on hopper-medium-replay-v2 due to the fact that SEABO is comparatively stable with \u03b2{0.5, 1}. We do not doubt that the best \u03b2 is task-dependent, and one can get higher performance by carefully tuning this hyperparameter. However, we empirically show that using a fixed \u03b2 is also feasible, and we believe this is appealing since the users can get rid of the work of tedious hyperparameter search.", "section": "B.3 HYPERPARAMETER SENSITIVITY", "sec_num": null}, {"text": "Number of neighbors N . The number of neighbors N is a hyperparameter introduced in the nearest neighbor algorithms. For all of our main experiments, we simply adopt N = 1, i.e., searching for the nearest neighbor. In Figure 4 (b), we see that SEABO is robust to this hyperparameter. To examine whether this conclusion applies to a wider range of datasets, we conduct experiments on three additional datasets, halfcheetah-medium-v2, halfcheetah-medium-expert-v2, and walker2d-medium-replay-v2. The results are summarized in Figure 7 , where we also observe that SEABO is robust to this hyperparameter, indicating the effectiveness and generality of SEABO.", "section": "B.3 HYPERPARAMETER SENSITIVITY", "sec_num": null}, {"text": "In this part, we investigate how SEABO behaves under long-horizon manipulation tasks. To that end, we evaluate SEABO in Kitchen datasets (Fu et al., 2020) . The kitchen environment (Gupta et al., 2019) consists of a 9 DoF Franka robot interacting with a kitchen scene that includes an openable microwave, four turnable oven burners, an oven light switch, a freely movable kettle, two hinged cabinets, and a sliding cabinet door. In kitchen, the robot may need to manipulate different components, e.g., it may need to open the microwave, move the kettle, turn on the light, and slide open the cabinet (precision is required). We run IQL+SEABO on three kitchen datasets using the author-recommended hyperparameters of IQL on the kitchen environment. We set reward scale \u03b1 = 1, coefficient \u03b2 = 0.5 for SEABO. We compare IQL+SEABO against some baselines taken from the IQL paper and summarize the results in Table 14 . We find that SEABO exhibits superior performance, surpassing IQL with raw rewards by 21.0%. We believe these results show that SEABO can aid some long-horizon manipulation tasks.", "section": "B.4 PERFORMANCE OF SEABO UNDER LONG-HORIZON MANIPULATION TASKS", "sec_num": null}, {"text": "However, we experimentally find that SEABO does not exhibit strong performance for some tasks that require precision, e.g., the IKEA Furniture assembly benchmark (Lee et al., 2019; 2021; Heo et al., 2023) . We leave the open problem of how to enable SEABO to successfully address such benchmarks a future work.", "section": "B.4 PERFORMANCE OF SEABO UNDER LONG-HORIZON MANIPULATION TASKS", "sec_num": null}, {"text": "In this section, we provide the detailed training curves of IQL+SEABO on the locomotion tasks, AntMaze tasks, and Adroit tasks. We also provide learning curves of TD3 BC+SEABO on locomotion tasks. We summarize the results of IQL+SEABO on D4RL MuJoCo locomotion tasks in Figure 8 , the performance of IQL+SEABO on AntMaze tasks in Figure 9 , and the curves of IQL+SEABO on Adroit tasks in Figure 10 . The results of TD3 BC+SEABO are depicted in Figure 11 .", "section": "B.5 LEARNING CURVES", "sec_num": null}, {"text": "From all these results, we find that both IQL+SEABO and TD3 BC+SEABO have stable and strong performance on the evaluated tasks, indicating the advantages of our method.", "section": "B.5 LEARNING CURVES", "sec_num": null}, {"text": "The success of SEABO can be largely attributed to the adopted search algorithm (i.e., KD-tree). In Section 5.4 of the main text, we compare different design choices for the underlying search algorithm. It is not surprising to find that Ball-tree results in a similar performance as KD-tree, as Ball-tree shares many similarities with KD-tree. However, we find that HNSW incurs quite poor performance on many datasets using its default hyperparameter setup (see Appendix A). HNSW builds a multi-layer structure made up of a hierarchical set of proximity graphs for nested subsets of the stored elements while employing a heuristic for selecting proximity graph neighbors. HNSW is a graph-based search algorithm. Based on the empirical results in Table 6 in the main text, we find that HNSW leads to quite poor performance for the base offline RL algorithm, only achieving competitive performance against KD-tree on halfcheetah-medium-v2 and walker2d-medium-expert-v2. ", "section": "C DISCUSSIONS ON DIFFERENT SEARCH ALGORITHMS", "sec_num": null}, {"text": "Methods like OTR(Luo et al.,", "section": "", "sec_num": null}, {"text": "2023) need zero padding of the unlabeled trajectories to ensure that they have identical length as the expert trajectories.", "section": "", "sec_num": null}, {"text": "datasets on AntMaze, and outperforms baselines on 6 out of 8 datasets on Adroit, often by a large margin. IQL+SEABO incurs a performance improvement of 6.0% and 32.0% beyond IQL with vanilla rewards on AntMaze and Adroit tasks, respectively. These indicate that SEABO with one single expert trajectory can handle datasets with diverse behavior, and work as a good and promising proxy to the hand-crafted rewards.", "section": "", "sec_num": null}, {"text": "OTR official codebase: https://github.com/ethanluoyc/optimal transport reward/. SMODICE official codebase: https://github.com/JasonMa2016/SMODICE. DemoDICE and LobsDICE official codebase: https://github.com/geon-hyeong/imitation-dice.", "section": "", "sec_num": null}, {"text": "3 https://github.com/deepmind/acme/tree/master/acme/agents/jax/", "section": "", "sec_num": null}, {"text": "pwil 4 https://github.com/nmslib/hnswlib", "section": "", "sec_num": null}], "back_matter": [{"text": "This work was supported by the STI 2030-Major Projects under Grant 2021ZD0201404 and NSFC under Grant 62250068. The authors would like to thank the anonymous reviewers for their valuable comments and advice.", "section": "ACKNOWLEDGEMENTS", "sec_num": null}, {"text": "In this subsection, we try to understand why HNSW fails through some empirical evidence. We choose some subsets, halfcheetah-medium-v2, halfcheetah-medium-expert-v2, hopper-medium-replay-v2, hopper-medium-expert-v2, walker2d-medium-v2, and walker2d-medium-replay-v2 , from D4RL MuJoCo datasets and plot the reward density of ground-truth rewards, rewards computed using KD-tree, and rewards acquired via HNSW. We summarize the results in Figure 12 . It is clear that SEABO with KD-tree can produce a similar reward structure as the ground-truth reward distribution, while SEABO with HNSW tends to assign large rewards to only a small proportion of samples and small rewards to the majority of transitions. We believe this explains the unsatisfying performance of IQL+SEABO with HNSW as the base search algorithm, indicating that a graph-based search mechanism may not be suitable for D4RL datasets. Another possible explanation is that the hyperparameters of HNSW need to be tuned to adapt to different tasks. We do not doubt that a careful tuning of hyperparameters (e.g., the maximum number of outgoing connections in the graph, the number of neighbors, etc.) has the potential of making SEABO with HNSW work in D4RL datasets. However, we do not think it is necessary to do that considering the fact that adopting KD-tree with its default hyperparameters can already result in quite good performance across different datasets. Hence, it is recommended that one uses KD-tree (or Ball-tree) as the base search algorithm.", "section": "Published as a conference paper at ICLR 2024", "sec_num": null}, {"text": "In Table 15 , we list the compute infrastructure that we use to run all of the algorithms. ", "section": "D COMPUTE INFRASTRUCTURE", "sec_num": null}, {"text": "AMD EPYC 7452 RTX3090\u00d78 288GB", "section": "CPU GPU Memory", "sec_num": null}, {"text": "Despite the simplicity and effectiveness of our proposed algorithm, SEABO, we have to admit honestly that there may exist some potential limitations. First, SEABO is slightly sensitive to the weighting coefficient \u03b2 on some datasets (not all datasets), and one may need to manually tune it so as to find the best-suited hyperparameter setup for a specific task. While based on our empirical results, one can find the best \u03b2 \u2208 {0.5, 1, 5} using grid search, It is not difficult to conduct experiments since SEABO is computationally efficient (and can be applied with only CPUs). Second, it may take more time for SEABO to annotate the unlabeled trajectories with visual input, as images are hard to process. Whereas, we can preprocess the visual images using some pre-trained image encoder (e.g., ImageNet pretrain models) to obtain low-dimensional representations of the high-dimensional image. Note that we build KD-tree upon expert demonstrations which usually contain a small amount of transitions. Thus, it should not be time-consuming to annotate the visual trajectories.We hope this work can provide some new insights to the community and inspire future work on offline imitation learning.", "section": "E LIMITATIONS", "sec_num": null}, {"text": "In this section, we provide reward distribution plots of the ground truth rewards, rewards obtained by SEABO, and rewards output from HNSW on some Adroit-v0 and AntMaze-v0 tasks, hammer-human-v0, hammer-cloned-v0, door-human-v0, door-cloned-v0, antmaze-uamze-v0, and antmaze-medium-diverse-v0. Note that we provide the histogram plot of rewards in antmaze-medium-diverse-v0 as most of the samples in this datasets have quite similar reward signals, making it difficult to draw the density plot. We summarize the results in Figure 13 . It can be seen that with KD-tree, SEABO outputs similar reward density as vanilla rewards (e.g., SEABO successfully gives three peaks in hammer-human-v0 and door-human-v0).", "section": "F ADDITIONAL REWARD PLOTS ON ADROIT AND ANTMAZE TASKS", "sec_num": null}, {"text": "There are some previous studies that use nearest neighbor-based methods for imitation learning, e.g., Pari et al. (2021) . Among them, the most relevant to our work is Ciosek (2022) . In this section, we discuss the connections and differences between our method and prior work, ILR (Ciosek, 2022) , which can be summarized below:\u2022 The motivations are varied. The practical reward formula in ILR is given by r = 1 -min (s \u2032 ,a \u2032 )\u2208D d l2 ((s, a), (s \u2032 , a \u2032 )) 2 , which is a relaxation of its theoretical version.There exists a gap between the theory and the resulting reward formula. The authors claim that the relaxation is an upper bound on the scaled theoretical reward and interpret L = min (s \u2032 ,a \u2032 )\u2208D d l2 ((s, a), (s \u2032 , a \u2032 )) 2 as the l 2 -diameter of the state-action space. The primary goal of doing so is to reduce imitation learning to RL with a stationary reward for deterministic experts. However, the motivation of SEABO is that we would like to determine the optimality of the single transition (instead of examining whether the transition comes from the expert trajectory or performing relaxation to the rewards). We assume that the transition is near-optimal if it lies close to the expert trajectory. Hence, we assign a larger reward to the transition if it is close to the expert trajectory and a smaller reward otherwise. Meanwhile, SEABO does not require that the expert is deterministic (and also does not require that the environment is deterministic). We aim to adopt SEABO to annotate unlabeled samples in the dataset and train off-the-shelf offline RL algorithms.\u2022 The methods are different but connected. The reward formula adopted in ILR is a special case of SEABO with Euclidean distance. SEABO does not interpret L as the diameter of the state-action space. SEABO can adopt N nearest neighbors and use their average distance to compute the reward (ILR simply finds the smallest Euclidean distance between sample (s, a) and the expert trajectory). Meanwhile, SEABO is not restricted to Euclidean distance. Our procedure is, that we first find the nearest neighbor of the query sample, and then utilize some distance measurements (different distance measurements can be used here) to decide the distance between the query sample and its nearest neighbor, and finally get the reward by adopting a squashing function. Furthermore, SEABO strongly relies on the nearest neighbor methods (e.g., KD-Tree), and one can use different types of nearest neighbor algorithms in SEABO, while ILR does not emphasize search algorithms. Note that different search algorithms with different hyperparameter setups can result in different final rewards. For example, in scipy.spatial.KDTree.query, setting eps larger than 0 enables approximate nearest neighbors search and ensures that the k-th returned value is no further than (1 + eps) times the distance to the real k-th nearest neighbor. This may incur different results from ILR even under Euclidean distance. Moreover, SEABO can also work in stateonly regimes, which is both a more general and challenging setting, while ILR strongly relies on the assumption that state-action pairs are present in the expert trajectory in its theory and practical implementation. Finally, one can query with (s, a, s \u2032 ), (s, a) or (s, s \u2032 ) in SEABO (ILR is limited to (s, a)), and SEABO adopts a different choice of squashing function.\u2022 The settings are varied. SEABO is targeted at the offline imitation learning setting while ILR addresses the online setting. It also turns out that the experiment setup (e.g., number of expert trajectories) is different between SEABO and ILR.", "section": "G DISCUSSIONS ON SEABO AND ILR", "sec_num": null}], "ref_entries": {"FIGREF0": {"uris": null, "fig_num": "1", "text": "Figure1: Left: The key idea behind SEABO. We assign larger rewards to transitions that are closer to the expert demonstration, and smaller rewards otherwise. The dotted lines connect the query samples with their nearest neighbors along the demonstration. Right: Illustration of the SEABO framework. Given an expert demonstration, we first construct a KD-tree and then feed the unlabeled samples into the tree to query their nearest neighbors. We use the resulting distance to calculate the reward label. Then one can adopt any existing offline RL algorithm to train on the labeled dataset.", "type_str": "figure", "num": null}, "FIGREF1": {"uris": null, "fig_num": "2", "text": "Figure 2: Density plots of ground-truth rewards and rewards acquired by SEABO. Note that oracle indicates the ground-truth rewards are plotted.", "type_str": "figure", "num": null}, "FIGREF2": {"uris": null, "fig_num": "3", "text": "Figure 3: Parameter study on the reward scale. The shaded region denotes the standard deviation.", "type_str": "figure", "num": null}, "FIGREF3": {"uris": null, "fig_num": "4", "text": "Figure 4: Parameter study of (a) weighting coefficient \u03b2, (b) number of neighbors N . The shaded region captures the standard deviation.", "type_str": "figure", "num": null}, "FIGREF4": {"uris": null, "fig_num": "56", "text": "Figure 5: Additional experiments on the influence of \u03b1. The shaded region captures the standard deviation. All other hyperparameters are kept unchanged except \u03b1.", "type_str": "figure", "num": null}, "FIGREF5": {"uris": null, "fig_num": "7", "text": "Figure 7: Additional experiments on examining the influence of the number of neighbors in KD-tree. The shaded region represents the standard deviation.", "type_str": "figure", "num": null}, "FIGREF6": {"uris": null, "fig_num": "891011", "text": "Figure 8: Full learning curves of IQL+SEABO on D4RL MuJoCo datasets. We plot the average performance and the shaded region captures the standard deviation.", "type_str": "figure", "num": null}, "FIGREF7": {"uris": null, "fig_num": "13", "text": "Figure 13: Density plot comparison of ground-truth rewards and rewards acquired by different search algorithms. The results are on selected datasets from Adroit and AntMaze tasks.", "type_str": "figure", "num": null}, "TABREF1": {"text": "Results of SEABO upon different base algorithms. \u00b5 max denotes the normalized return of the highest return trajectory in the specific dataset, IQL and TD3 BC indicate that they are trained upon the ground-truth reward labels, while +SEABO indicates the algorithm is trained on the reward signals provided by SEABO. The normalized average scores at the final 10 episodes of evaluations are reported, along with standard deviations. We bold the mean score and highlight the cell if SEABO outperforms algorithms trained on ground-truth rewards.", "html": null, "content": "<table><tr><td>Task Name</td><td>\u00b5max</td><td>IQL</td><td colspan=\"2\">IQL+SEABO TD3 BC</td><td>TD3 BC+SEABO</td></tr><tr><td>halfcheetah-medium</td><td>45.0</td><td>47.4\u00b10.2</td><td>44.8\u00b10.3</td><td>48.0\u00b10.7</td><td>45.9\u00b10.3</td></tr><tr><td>hopper-medium</td><td>99.5</td><td>66.2\u00b15.7</td><td>80.9\u00b13.2</td><td>60.7\u00b112.5</td><td>76.1\u00b14.2</td></tr><tr><td>walker2d-medium</td><td>92.0</td><td>78.3\u00b18.7</td><td>80.9\u00b10.6</td><td>83.7\u00b15.3</td><td>76.6\u00b10.4</td></tr><tr><td colspan=\"2\">halfcheetah-medium-replay 42.4</td><td>44.2\u00b11.2</td><td>42.3\u00b10.1</td><td>44.4\u00b10.8</td><td>43.0\u00b10.4</td></tr><tr><td>hopper-medium-replay</td><td>98.6</td><td>94.7\u00b18.6</td><td>92.7\u00b12.9</td><td>64.8\u00b125.5</td><td>96.3\u00b13.0</td></tr><tr><td>walker2d-medium-replay</td><td>89.9</td><td>73.8\u00b17.1</td><td>74.0\u00b12.7</td><td>87.4\u00b18.4</td><td>73.1\u00b12.2</td></tr><tr><td colspan=\"2\">halfcheetah-medium-expert 92.8</td><td>86.7\u00b15.3</td><td>89.3\u00b12.5</td><td>93.5\u00b12.0</td><td>95.7\u00b10.4</td></tr><tr><td>hopper-medium-expert</td><td colspan=\"3\">116.0 91.5\u00b114.3 97.5\u00b15.8</td><td colspan=\"2\">100.2\u00b120.0 107.1\u00b13.3</td></tr><tr><td>walker2d-medium-expert</td><td colspan=\"3\">109.0 109.6\u00b11.0 110.9\u00b10.2</td><td>109.5\u00b10.5</td><td>109.7\u00b10.2</td></tr><tr><td>Total Score</td><td colspan=\"2\">785.2 692.4</td><td>713.3</td><td>692.3</td><td>723.5</td></tr></table>", "type_str": "table", "num": null}, "TABREF2": {"text": "Comparison of SEABO against some recent baselines. We report the mean normalized scores and the corresponding standard deviations. We bold and highlight the mean score cell if it is close to or beats IQL trained on the raw rewards.", "html": null, "content": "<table><tr><td>Task Name</td><td>BC</td><td colspan=\"2\">10%BC IQL</td><td colspan=\"4\">IQL+ORIL IQL+UDS IQL+OTR IQL+SEABO</td></tr><tr><td>halfcheetah-medium</td><td>42.6</td><td>42.5</td><td>47.4\u00b10.2</td><td>49.0\u00b10.2</td><td>42.4\u00b10.3</td><td>43.2\u00b10.2</td><td>44.8\u00b10.3</td></tr><tr><td>hopper-medium</td><td>52.9</td><td>56.9</td><td>66.2\u00b15.7</td><td>47.0\u00b14.0</td><td>54.5\u00b13.0</td><td>74.2\u00b15.1</td><td>80.9\u00b13.2</td></tr><tr><td>walker2d-medium</td><td>75.3</td><td>75.0</td><td>78.3\u00b18.7</td><td>61.9\u00b16.6</td><td>68.9\u00b16.2</td><td>78.7\u00b12.2</td><td>80.9\u00b10.6</td></tr><tr><td colspan=\"2\">halfcheetah-medium-replay 36.6</td><td>40.6</td><td>44.2\u00b11.2</td><td>44.1\u00b10.6</td><td>37.9\u00b12.4</td><td>41.8\u00b10.3</td><td>42.3\u00b10.1</td></tr><tr><td>hopper-medium-replay</td><td>18.1</td><td>75.9</td><td>94.7\u00b18.6</td><td>82.4\u00b11.7</td><td colspan=\"2\">49.3\u00b122.7 85.4\u00b10.8</td><td>92.7\u00b12.9</td></tr><tr><td>walker2d-medium-replay</td><td>26.0</td><td>62.5</td><td>73.8\u00b17.1</td><td>76.3\u00b14.9</td><td>17.7\u00b19.6</td><td>67.2\u00b16.0</td><td>74.0\u00b12.7</td></tr><tr><td colspan=\"2\">halfcheetah-medium-expert 55.2</td><td>92.9</td><td>86.7\u00b15.3</td><td>87.5\u00b13.9</td><td>63.0\u00b15.7</td><td>87.4\u00b14.4</td><td>89.3\u00b12.5</td></tr><tr><td>hopper-medium-expert</td><td>52.5</td><td>110.9</td><td colspan=\"2\">91.5\u00b114.3 29.7\u00b122.2</td><td>53.9\u00b12.5</td><td colspan=\"2\">88.4\u00b112.6 97.5\u00b15.8</td></tr><tr><td>walker2d-medium-expert</td><td colspan=\"2\">107.5 109.0</td><td colspan=\"2\">109.6\u00b11.0 110.6\u00b10.6</td><td colspan=\"3\">107.5\u00b11.7 109.5\u00b10.3 110.9\u00b10.2</td></tr><tr><td>Total Score</td><td colspan=\"2\">466.7 666.2</td><td>692.4</td><td>588.5</td><td>495.1</td><td>675.8</td><td>713.3</td></tr></table>", "type_str": "table", "num": null}, "TABREF3": {"text": "Experimental results on the AntMaze-v0 and Adroit-v0 domains. SEABO and OTR use IQL as the base algorithm. IQL denotes that IQL uses the ground-truth reward for policy learning. We report the mean normalized scores and the corresponding standard deviations. We bold and highlight the best mean score cell.", "html": null, "content": "<table><tr><td/><td/><td/><td/><td>Task Name</td><td>IQL</td><td>IQL+OTR</td><td>IQL+SEABO</td></tr><tr><td>Task Name</td><td>IQL</td><td>IQL+OTR</td><td>IQL+SEABO</td><td>pen-human</td><td>70.7\u00b18.6</td><td>66.8\u00b121.2</td><td>94.3\u00b112.0</td></tr><tr><td>umaze</td><td>87.5\u00b12.6</td><td>83.4\u00b13.3</td><td>90.0\u00b11.8</td><td>pen-cloned</td><td>37.2\u00b17.3</td><td>46.9\u00b120.9</td><td>48.7\u00b115.3</td></tr><tr><td>umaze-diverse</td><td>62.2\u00b113.8</td><td>68.9\u00b113.6</td><td>66.2\u00b17.2</td><td>door-human</td><td>3.3\u00b11.3</td><td>5.9\u00b12.7</td><td>5.1\u00b12.0</td></tr><tr><td>medium-diverse</td><td>70.0\u00b110.9</td><td>70.4\u00b14.8</td><td>72.2\u00b14.1</td><td>door-cloned</td><td>1.6\u00b10.5</td><td>0.0\u00b10.0</td><td>0.4\u00b10.8</td></tr><tr><td>medium-play</td><td>71.2\u00b17.3</td><td>70.5\u00b16.6</td><td>71.6\u00b15.4</td><td>relocate-human</td><td>0.1\u00b10.0</td><td>0.1\u00b10.1</td><td>0.4\u00b10.5</td></tr><tr><td>large-diverse</td><td>47.5\u00b19.5</td><td>45.5\u00b16.2</td><td>50.0\u00b16.8</td><td>relocate-cloned</td><td>-0.2\u00b10.0</td><td>-0.2\u00b10.0</td><td>-0.2\u00b10.0</td></tr><tr><td>large-play</td><td>39.6\u00b15.8</td><td>45.3\u00b16.9</td><td>50.8\u00b18.7</td><td>hammer-human</td><td>1.6\u00b10.6</td><td>1.8\u00b11.4</td><td>2.7\u00b11.8</td></tr><tr><td>Total Score</td><td>378.0</td><td>384.0</td><td>400.8</td><td>hammer-cloned</td><td>2.1\u00b11.0</td><td>0.9\u00b10.3</td><td>2.2\u00b10.8</td></tr><tr><td/><td/><td/><td/><td>Total Score</td><td>116.4</td><td>122.2</td><td>153.6</td></tr></table>", "type_str": "table", "num": null}, "TABREF4": {"text": "Comparison of SEABO against imitation learning algorithms. We use IQL as the base algorithm for SEABO and PWIL. PWIL-action means that we concatenate state and action to compute rewards in PWIL. We report the mean performance at the final 10 episodes of evaluation for each algorithm, \u00b1 captures the standard deviation. We highlight the best mean score cell.", "html": null, "content": "<table><tr><td>Task Name</td><td>SQIL</td><td colspan=\"4\">DemoDICE SMODICE PWIL-action SEABO</td></tr><tr><td>halfcheetah-medium</td><td>31.3\u00b11.8</td><td>42.5\u00b11.7</td><td>41.7\u00b11.0</td><td>44.4\u00b10.2</td><td>44.8\u00b10.3</td></tr><tr><td>hopper-medium</td><td colspan=\"2\">44.7\u00b120.1 55.1\u00b13.3</td><td>56.3\u00b12.3</td><td>60.4\u00b11.8</td><td>80.9\u00b13.2</td></tr><tr><td>walker2d-medium</td><td>59.6\u00b17.5</td><td>73.4\u00b12.6</td><td>13.3\u00b19.2</td><td>72.6\u00b16.3</td><td>80.9\u00b10.6</td></tr><tr><td colspan=\"2\">halfcheetah-medium-replay 29.3\u00b12.2</td><td>38.1\u00b12.7</td><td>38.7\u00b12.4</td><td>42.6\u00b10.5</td><td>42.3\u00b10.1</td></tr><tr><td>hopper-medium-replay</td><td colspan=\"2\">45.2\u00b123.1 39.0\u00b115.4</td><td>44.3\u00b119.7</td><td>94.0\u00b17.0</td><td>92.7\u00b12.9</td></tr><tr><td>walker2d-medium-replay</td><td colspan=\"2\">36.3\u00b113.2 52.2\u00b113.1</td><td>44.6\u00b123.4</td><td>41.9\u00b16.0</td><td>74.0\u00b12.7</td></tr><tr><td colspan=\"2\">halfcheetah-medium-expert 40.1\u00b16.4</td><td>85.8\u00b15.7</td><td>87.9\u00b15.8</td><td>89.5\u00b13.6</td><td>89.3\u00b12.5</td></tr><tr><td>hopper-medium-expert</td><td>49.8\u00b15.8</td><td>92.3\u00b114.2</td><td>76.0\u00b18.6</td><td>70.9\u00b135.1</td><td>97.5\u00b15.8</td></tr><tr><td>walker2d-medium-expert</td><td colspan=\"2\">35.9\u00b122.2 106.9\u00b11.9</td><td>47.8\u00b131.1</td><td>109.8\u00b10.2</td><td>110.9\u00b10.2</td></tr><tr><td>Total Score</td><td>372.2</td><td>585.3</td><td>450.6</td><td>626.1</td><td>713.3</td></tr></table>", "type_str": "table", "num": null}, "TABREF5": {"text": "Experimental results on the state-only regime. SEABO, PWIL, and OTR utilize IQL as the base offline RL algorithm. PWIL-state denotes that PWIL only uses observations to compute rewards. The results are averaged over the final 10 evaluations, and \u00b1 captures the standard deviation. We highlight the cell with the best mean performance.", "html": null, "content": "<table><tr><td>Task Name</td><td colspan=\"4\">SMODICE LobsDICE PWIL-state OTR</td><td>SEABO</td></tr><tr><td>halfcheetah-medium</td><td>41.1\u00b12.1</td><td>41.5\u00b11.8</td><td>0.1\u00b10.6</td><td>43.3\u00b10.2</td><td>45.0\u00b10.2</td></tr><tr><td>hopper-medium</td><td>56.5\u00b11.8</td><td>56.9\u00b11.4</td><td>1.4\u00b10.5</td><td>78.7\u00b15.5</td><td>74.7\u00b15.2</td></tr><tr><td>walker2d-medium</td><td>15.5\u00b118.6</td><td>69.3\u00b15.4</td><td>0.2\u00b10.2</td><td>79.4\u00b11.4</td><td>81.3\u00b11.3</td></tr><tr><td colspan=\"2\">halfcheetah-medium-replay 39.2\u00b13.1</td><td>39.9\u00b13.1</td><td>-2.4\u00b10.2</td><td>41.3\u00b10.6</td><td>42.4\u00b10.6</td></tr><tr><td>hopper-medium-replay</td><td>55.3\u00b121.4</td><td colspan=\"2\">41.6\u00b116.8 0.7\u00b10.2</td><td>84.8\u00b12.6</td><td>88.0\u00b10.7</td></tr><tr><td>walker2d-medium-replay</td><td>37.8\u00b110.2</td><td>33.2\u00b17.0</td><td>-0.2\u00b10.2</td><td>66.0\u00b16.7</td><td>76.4\u00b13.0</td></tr><tr><td colspan=\"2\">halfcheetah-medium-expert 88.0\u00b14.0</td><td>89.4\u00b13.2</td><td>0.0\u00b11.0</td><td>89.6\u00b13.0</td><td>91.8\u00b11.5</td></tr><tr><td>hopper-medium-expert</td><td>75.1\u00b111.7</td><td>53.4\u00b13.2</td><td>2.7\u00b12.1</td><td colspan=\"2\">93.2\u00b120.6 97.5\u00b16.4</td></tr><tr><td>walker2d-medium-expert</td><td>32.3\u00b114.7</td><td colspan=\"2\">106.6\u00b12.7 0.2\u00b10.3</td><td colspan=\"2\">109.3\u00b10.8 110.5\u00b10.3</td></tr><tr><td>Total Score</td><td>440.8</td><td>531.8</td><td>2.7</td><td>685.6</td><td>707.6</td></tr></table>", "type_str": "table", "num": null}, "TABREF6": {"text": "Comparison of different choices of search algorithms in SEABO. We report the mean normalized scores with standard deviations. We highlight the best mean score cell except for IQL. The results in Table5suggest that SEABO outperforms other methods on 8 out of 9 tasks, achieving a total score of 707.6, while LobsDICE and OTR only have a total score of 531.8 and 685.6, respectively. It indicates that SEABO can work quite well regardless of whether the expert demonstrations contain actions, further demonstrating the advantages of SEABO. Note that the failure of PWIL in state-only regimes is also reported inLuo et al. (2023).", "html": null, "content": "<table><tr><td>Task Name</td><td>IQL</td><td colspan=\"3\">SEABO (KD-tree) SEABO (Ball-tree) SEABO (HNSW)</td></tr><tr><td>halfcheetah-medium</td><td>47.4\u00b10.2</td><td>44.8\u00b10.3</td><td>44.9\u00b10.3</td><td>42.1\u00b10.6</td></tr><tr><td>hopper-medium</td><td>66.2\u00b15.7</td><td>80.9\u00b13.2</td><td>80.7\u00b13.7</td><td>47.2\u00b12.9</td></tr><tr><td>walker2d-medium</td><td>78.3\u00b18.7</td><td>80.9\u00b10.6</td><td>80.8\u00b10.6</td><td>30.7\u00b119.9</td></tr><tr><td colspan=\"2\">halfcheetah-medium-replay 44.2\u00b11.2</td><td>42.3\u00b10.1</td><td>42.5\u00b10.3</td><td>26.9\u00b14.2</td></tr><tr><td>hopper-medium-replay</td><td>94.7\u00b18.6</td><td>92.7\u00b12.9</td><td>92.1\u00b12.3</td><td>25.8\u00b17.5</td></tr><tr><td>walker2d-medium-replay</td><td>73.8\u00b17.1</td><td>74.0\u00b12.7</td><td>74.3\u00b12.0</td><td>29.1\u00b110.1</td></tr><tr><td colspan=\"2\">halfcheetah-medium-expert 86.7\u00b15.3</td><td>89.3\u00b12.5</td><td>89.2\u00b12.4</td><td>34.5\u00b12.2</td></tr><tr><td>hopper-medium-expert</td><td colspan=\"2\">91.5\u00b114.3 97.5\u00b15.8</td><td>96.7\u00b16.2</td><td>41.5\u00b17.7</td></tr><tr><td>walker2d-medium-expert</td><td colspan=\"2\">109.6\u00b11.0 110.9\u00b10.2</td><td>110.9\u00b10.1</td><td>108.6\u00b10.8</td></tr><tr><td>Total Score</td><td>692.4</td><td>713.3</td><td>712.1</td><td>386.4</td></tr><tr><td colspan=\"3\">tions and single expert demonstration. 5.4 COMPARISON OF DIFFERENT SEARCH ALGORITHMS</td><td/><td/></tr><tr><td colspan=\"5\">The most critical component in SEABO is the nearest neighbor search algorithm. It is interesting to</td></tr><tr><td colspan=\"5\">check how SEABO performs under different search algorithms. To that end, we build SEABO on top</td></tr><tr><td colspan=\"5\">of Ball-tree (Omohundro, 1989; Liu et al., 2006), and HNSW (Hierarchical Navigable Small World</td></tr><tr><td colspan=\"5\">graphs, Malkov &amp; Yashunin (2018)). These are widely applied nearest neighbor algorithms, where</td></tr><tr><td colspan=\"5\">Ball-tree partitions regions via hyper-spheres and HNSW is a fully graph-based search structure.</td></tr></table>", "type_str": "table", "num": null}, "TABREF7": {"text": "Comparison of SEABO against baseline algorithms under different amounts of expert demonstrations. We report the aggregate performances and bold the best one.", "html": null, "content": "<table><tr><td># demo</td><td colspan=\"6\">DemoDICE IQL+ORIL IQL+UDS IQL+OTR IQL+PWIL IQL+SEABO</td></tr><tr><td>K = 1</td><td>585.3</td><td>588.5</td><td>495.1</td><td>685.6</td><td>626.1</td><td>713.3</td></tr><tr><td colspan=\"2\">K = 10 589.3</td><td>618.3</td><td>575.8</td><td>694.2</td><td>638.0</td><td>716.1</td></tr></table>", "type_str": "table", "num": null}, "TABREF8": {"text": "Hyperparameter setup of SEABO on locomotion tasks, with IQL and TD3 BC as the base offline RL algorithms.", "html": null, "content": "<table><tr><td/><td>Hyperparameter</td><td>Value</td></tr><tr><td colspan=\"2\">Shared Configurations Hidden layers</td><td>(256, 256)</td></tr><tr><td/><td>Discount factor</td><td>0.99</td></tr><tr><td/><td>Actor learning rate</td><td>3 \u00d7 10 -4</td></tr><tr><td/><td>Critic learning rate</td><td>3 \u00d7 10 -4</td></tr><tr><td/><td>Batch size</td><td>256</td></tr><tr><td/><td>Optimizer</td><td>Adam (Kingma &amp; Ba, 2015)</td></tr><tr><td/><td>Target update rate</td><td>5 \u00d7 10 -3</td></tr><tr><td/><td>Activation function</td><td>ReLU</td></tr><tr><td>IQL</td><td>Value learning rate</td><td>3 \u00d7 10 -4</td></tr><tr><td/><td>Temperature</td><td>3.0</td></tr><tr><td/><td>Expectile</td><td>0.7</td></tr><tr><td>TD3 BC</td><td>Policy noise</td><td>0.2</td></tr><tr><td/><td>Policy noise clipping</td><td>(-0.5, 0.5)</td></tr><tr><td/><td>Policy update frequency</td><td>2</td></tr><tr><td/><td>Normalization weight</td><td>2.5</td></tr><tr><td>SEABO</td><td>Squashing function</td><td>r = exp(-0.5\u00d7d |A| )</td></tr><tr><td/><td>Distance measurement</td><td>Euclidean distance</td></tr><tr><td/><td>Number of neighbors</td><td>1</td></tr><tr><td/><td colspan=\"2\">Number of expert demonstrations 1</td></tr></table>", "type_str": "table", "num": null}, "TABREF9": {"text": "Hyperparameter setup of SEABO on AntMaze tasks, with IQL as the base offline RL algorithm.", "html": null, "content": "<table><tr><td/><td>Hyperparameter</td><td>Value</td></tr><tr><td>IQL</td><td>Temperature</td><td>10.0</td></tr><tr><td/><td>Expectile</td><td>0.9</td></tr><tr><td colspan=\"3\">SEABO Squashing function r = exp(-5\u00d7d |A| ) -1</td></tr></table>", "type_str": "table", "num": null}, "TABREF10": {"text": "Hyperparameter setup of SEABO on Adroit tasks, with IQL as the base offline RL algorithm.", "html": null, "content": "<table><tr><td/><td>Hyperparameter</td><td>Value</td></tr><tr><td>IQL</td><td>Temperature</td><td>0.5</td></tr><tr><td/><td>Expectile</td><td>0.7</td></tr><tr><td/><td>Actor dropout rate</td><td>0.1</td></tr><tr><td colspan=\"3\">SEABO Squashing function r = exp(-0.5 \u00d7 d)</td></tr></table>", "type_str": "table", "num": null}, "TABREF12": {"text": "Experimental results of SEABO on the AntMaze-v0 and Adroit-v0 domains with 10 expert demonstrations. SEABO and OTR use IQL as the base algorithm. The average normalized scores along with the corresponding standard deviations are reported. We bold and highlight the best mean score cell.", "html": null, "content": "<table><tr><td/><td/><td/><td/><td>Task Name</td><td>IQL</td><td>IQL+OTR</td><td>IQL+SEABO</td></tr><tr><td>Task Name</td><td>IQL</td><td>IQL+OTR</td><td>IQL+SEABO</td><td>pen-human</td><td>70.7\u00b18.6</td><td>69.4\u00b121.5</td><td>85.8\u00b116.1</td></tr><tr><td>umaze</td><td>87.5\u00b12.6</td><td>88.7\u00b13.5</td><td>87.6\u00b12.0</td><td>pen-cloned</td><td>37.2\u00b17.3</td><td>42.7\u00b125.0</td><td>49.2\u00b112.2</td></tr><tr><td>umaze-diverse</td><td>62.2\u00b113.8</td><td>64.4\u00b118.2</td><td>70.0\u00b19.5</td><td>door-human</td><td>3.3\u00b11.3</td><td>4.2\u00b12.1</td><td>6.8\u00b15.6</td></tr><tr><td>medium-diverse</td><td>70.0\u00b110.9</td><td>70.5\u00b16.9</td><td>70.2\u00b15.4</td><td>door-cloned</td><td>1.6\u00b10.5</td><td>0.0\u00b10.0</td><td>0.1\u00b10.1</td></tr><tr><td>medium-play</td><td>71.2\u00b17.3</td><td>72.7\u00b16.2</td><td>72.8\u00b11.6</td><td>relocate-human</td><td>0.1\u00b10.0</td><td>0.1\u00b10.1</td><td>0.1\u00b10.1</td></tr><tr><td>large-diverse</td><td>47.5\u00b19.5</td><td>50.7\u00b16.9</td><td>50.0\u00b17.9</td><td>relocate-cloned</td><td>-0.2\u00b10.0</td><td>-0.2\u00b10.0</td><td>-0.2\u00b10.0</td></tr><tr><td>large-play</td><td>39.6\u00b15.8</td><td>51.2\u00b17.1</td><td>48.6\u00b19.8</td><td>hammer-human</td><td>1.6\u00b10.6</td><td>1.4\u00b10.2</td><td>1.7\u00b10.3</td></tr><tr><td>Total Score</td><td>378.0</td><td>398.2</td><td>399.2</td><td>hammer-cloned</td><td>2.1\u00b11.0</td><td>1.3\u00b10.7</td><td>1.7\u00b10.5</td></tr><tr><td/><td/><td/><td/><td>Total Score</td><td>116.4</td><td>118.9</td><td>145.2</td></tr></table>", "type_str": "table", "num": null}, "TABREF14": {"text": "Comparison of SEABO against baselines in the Kitchen tasks. We report the average normalized scores and the corresponding standard deviations. We bold and highlight the best mean score cell.", "html": null, "content": "<table><tr><td>Task Name</td><td>BC</td><td>CQL IQL IQL+SEABO</td></tr><tr><td colspan=\"3\">kitchen-complete-v0 65.0 43.8 62.5 67.5\u00b14.2</td></tr><tr><td>kitchen-partial-v0</td><td colspan=\"2\">38.0 49.8 46.3 71.0\u00b14.1</td></tr><tr><td>kitchen-mixed-v0</td><td colspan=\"2\">51.5 51.0 51.0 55.0\u00b13.5</td></tr><tr><td>Average Score</td><td colspan=\"2\">51.5 48.2 53.3 64.5</td></tr></table>", "type_str": "table", "num": null}}}}