{"paper_id": "ST-MEM", "title": "GUIDING MASKED REPRESENTATION LEARNING TO CAPTURE SPATIO-TEMPORAL RELATIONSHIP OF ELECTROCARDIOGRAM", "abstract": "Electrocardiograms (ECG) are widely employed as a diagnostic tool for monitoring electrical signals originating from a heart. Recent machine learning research efforts have focused on the application of screening various diseases using ECG signals. However, adapting to the application of screening disease is challenging in that labeled ECG data are limited. Achieving general representation through self-supervised learning (SSL) is a well-known approach to overcome the scarcity of labeled data; however, a naive application of SSL to ECG data, without considering the spatial-temporal relationships inherent in ECG signals, may yield suboptimal results. In this paper, we introduce ST-MEM (Spatio-Temporal Masked Electrocardiogram Modeling), designed to learn spatiotemporal features by reconstructing masked 12-lead ECG data. ST-MEM outperforms other SSL baseline methods in various experimental settings for arrhythmia classification tasks. Moreover, we demonstrate that ST-MEM is adaptable to various lead combinations. Through quantitative and qualitative analysis, we show a spatio-temporal relationship within ECG data. Our code is available at https://github.com/bakqui/ST-MEM.", "pdf_parse": {"paper_id": "ST-MEM", "abstract": [{"text": "Electrocardiograms (ECG) are widely employed as a diagnostic tool for monitoring electrical signals originating from a heart. Recent machine learning research efforts have focused on the application of screening various diseases using ECG signals. However, adapting to the application of screening disease is challenging in that labeled ECG data are limited. Achieving general representation through self-supervised learning (SSL) is a well-known approach to overcome the scarcity of labeled data; however, a naive application of SSL to ECG data, without considering the spatial-temporal relationships inherent in ECG signals, may yield suboptimal results. In this paper, we introduce ST-MEM (Spatio-Temporal Masked Electrocardiogram Modeling), designed to learn spatiotemporal features by reconstructing masked 12-lead ECG data. ST-MEM outperforms other SSL baseline methods in various experimental settings for arrhythmia classification tasks. Moreover, we demonstrate that ST-MEM is adaptable to various lead combinations. Through quantitative and qualitative analysis, we show a spatio-temporal relationship within ECG data. Our code is available at https://github.com/bakqui/ST-MEM.", "section": "Abstract", "sec_num": null}], "body_text": [{"text": "The electrocardiogram (ECG) is a non-invasive heart measurement to monitor the electrical activity over time and diagnose diseases. Several supervised learning models have been developed to detect various heart diseases through ECG (Siontis et al., 2021) . However, since the types of heart disease are diverse and the experienced cardiologists who can provide labels are limited, learning the ECG representation for each application (i.e., detecting various heart diseases) is challenging. Recently, self-supervised learning (SSL) for general representation has emerged in natural language processing (Kenton & Toutanova, 2019; Brown et al., 2020) and computer vision (Chen et al., 2020; Grill et al., 2020; He et al., 2020; Caron et al., 2021) since it can be leveraged for numerous tasks, such as translation, sentence classification, image classification, and image generation. In ECG-based diagnosis, there were also similar efforts to learn general representation through SSL to overcome the limited resources and detect various heart diseases.", "section": "INTRODUCTION", "sec_num": "1"}, {"text": "ECG-based representation learning through SSL is usually considered in two different learning methods: contrastive and generative learning (Jing & Tian, 2020) . Contrastive learning (Sarkar & Etemad, 2020; Le et al., 2023; Gopal et al., 2021; Soltanieh et al., 2022; Kiyasseh et al., 2021; Wei et al., 2022) is a method to ensure similarity in the context before and after data augmentation. These data are usually defined by numerous augmentation methods (e.g., cropping, flipping, and shifting); however, despite a simple augmentation, the information on the semantic meaning of ECG signals can change drastically (Lan et al., 2023) . Generative learning is a method of learning the representation of data by reconstructing all or part of the input, such as a simple framework for masked image modeling (Xie et al., 2022) or Masked Autoencoder (MAE) (He et al., 2022) . In the case of ECG, there are variants of MAE that reconstruct input ECG signals (Zhang et al., 2022;  Frontal plane (Limb leads) Horizontal plane (Precordial leads)", "section": "INTRODUCTION", "sec_num": "1"}, {"text": "Figure 1 : An illustration of 12-lead electrocardiogram (ECG). ECG signals consist of 12 leads. Each lead is measured from different spatial locations. Limb leads (i.e., I, II, III, aVR, aVL, and aVF) are generated from a frontal plane, while precordial leads (i.e., V1, V2, V3, V4, V5, and V6) are obtained from a horizontal plane. Sawano et al., 2022; Hu et al., 2023) . Generative learning is often augmentation-free or involves simpler data transformations that are more suitable for preserving the integrity of ECG data. This approach ensures that the context and meaningful information in ECG signals are retained. In ECG-based representation learning, exploiting both spatial and temporal information in ECG is significant. For instance, if we have an L-lead ECG, it means that cardiac activity is obtained over a duration with L views. Therefore, we can understand a heart complementary when its ECG is gained not only spatially or temporally but spatio-temporally. The most common setting is standard 12-lead ECG (i.e., a heart is observed in 12 views) as shown in Figure 1 , and for some cases, ECG in which its leads are a subset of 12-lead (i.e., reduced lead ECG) is acquired.", "section": "INTRODUCTION", "sec_num": "1"}, {"text": "In this work, we leverage ECG to learn general representations by introducing a simple but effective self-supervised learning framework using MAE architecture. Throughout this process, both temporal and spatial information present in the ECG is utilized. The approach involves applying spatio-temporal patchifying to ECG data, as illustrated in Figure 2 (c), with lead indicators such as lead-wise shared decoder, learnable lead embeddings, and separation embedding, as depicted in Figure 3 . Moreover, we show that our model can be structurally fine-tuned for reduced lead ECG, demonstrating excellent performance not only in the standard 12-lead setting but also in limb leads and single leads. Finally, through quantitative and qualitative analysis, we demonstrated that spatial and temporal features were effectively learned.", "section": "INTRODUCTION", "sec_num": "1"}, {"text": "Our contributions are the following.", "section": "INTRODUCTION", "sec_num": "1"}, {"text": "(1) We propose the simple but effective ECG-specific generative self-supervised learning framework, named ST-MEM (Spatio-Temporal Masked Electrocardiogram Modeling).", "section": "INTRODUCTION", "sec_num": "1"}, {"text": "(2) ST-MEM can learn general representation by capturing spatio-temporal relationship of ECGs. We show this relationship by quantitative and qualitative analysis.", "section": "INTRODUCTION", "sec_num": "1"}, {"text": "(3) Through extensive experiments, ST-MEM demonstrates comparable performance to other contrastive and generative learning methods, which are widely used in ECG representation learning. We validate that ST-MEM excels in both fine-tuning and linear evaluation for the arrhythmia classification task. This robust performance extends across various scenarios, such as scarcity of labeled data and reduced lead settings.", "section": "INTRODUCTION", "sec_num": "1"}, {"text": "The ECG is a non-invasive heart measurement to observe the electrical signals over time and diagnose diseases. A standard 12-lead ECG, interpreted as a multivariate time series, is the most As we mentioned above, ECG captures both spatio-temporal information. Initially, it provides temporal insights by monitoring the electrical activity of the heart continuously. This is achieved through the detection of voltage fluctuations within the cardiac muscle during each cardiac cycle, which are then represented as waveforms over time. Consequently, it displays multiple cycles of heart electrical activity spanning from one beat to the next. Moreover, ECG is not just a single measurement but rather involves multiple leads. Leads are like different views of the heart's electrical activity from different angles. In a standard 12-lead ECG, there are 12 different leads, each offering a distinct spatial perspective of cardiac electrical activity. The limb leads (I, II, III, aVR, aVL, and aVF) are placed on the arms and legs, providing frontal plane views, and the precordial leads (V1 to V6) are placed on the chest, giving anterior-posterior(or horizontal plane) views.", "section": "BACKGROUNDS: ECG", "sec_num": "2"}, {"text": "Although the standard 12-lead ECG remains significant, the utilization of its reduced lead sets should be considered as well. The advancement of mobile devices, such as smartwatches that are capable of ECG measurements, has led to a substantial increase in limb leads and single lead data. Obtaining reduced lead sets like limb leads or a single lead is often preferred. Therefore, in this work, we demonstrate our ECG representation not only on the 12-lead setting but also on reduced lead settings.", "section": "BACKGROUNDS: ECG", "sec_num": "2"}, {"text": "In this section, we present ST-MEM, a self-supervision framework for general representation learning for ECG. This incorporates the spatio-temporal relationship, which leads to providing enhanced representation. An overview of our proposed method is depicted in Figure 3 .", "section": "SELF-SUPERVISED PRE-TRAINING WITH SPATIO-TEMPORAL MASKED AUTO-ENCODER", "sec_num": "3.1"}, {"text": "Masked auto-encoder with spatio-temporal patchifying. We consider a pre-text task to reconstruct a randomly masked portion of the data. In particular, we adopt an auto-encoder-based reconstruction task, called MAE (He et al., 2022) . It consists of a vision transformer (ViT) encoder (Dosovitskiy et al., 2020 ) and a decoder with additional transformer blocks.", "section": "SELF-SUPERVISED PRE-TRAINING WITH SPATIO-TEMPORAL MASKED AUTO-ENCODER", "sec_num": "3.1"}, {"text": "Considering an ECG signal denoted as X \u2208 R L\u00d7T with L leads and length T , each lth lead signal, represented as X l , is divided into non-overlapping patches defined as P atch l = {P atch l 1 , ..., P atch l n } \u2208 R n\u00d7p . Here, n is determined by T /p, and p represents the size of each patch. We independently split each lead signal into spatio-temporal patches, as depicted in Figure 2 (c), resulting in a total of L \u00d7 n patches for a single 12-lead ECG signal.", "section": "SELF-SUPERVISED PRE-TRAINING WITH SPATIO-TEMPORAL MASKED AUTO-ENCODER", "sec_num": "3.1"}, {"text": "The patches undergo linear projection to form patch embeddings of dimension D. They are added with a positional embedding, P os \u2208 R D , to create a embedding sequence as Z = {Z 1 , ..., Z Ln } \u2208 R L\u00d7n\u00d7D . This embedding sequence becomes the input for the encoder. Since self-attention operations are executed among temporal patches across different leads, the encoder explicitly learns the spatio-temporal relationship within the ECG data. In the pre-training phase, we randomly select indices of embeddings, which are denoted as a masked index set M. After masking the corresponding embeddings, the encoder only receives unmasked embeddings, {Z i } i\u0338 \u2208M , where the number of unmasked embeddings is determined as Ln(1 -m) with a masking proportion m. We set the masking ratio to a value in [0, 1].", "section": "SELF-SUPERVISED PRE-TRAINING WITH SPATIO-TEMPORAL MASKED AUTO-ENCODER", "sec_num": "3.1"}, {"text": "The encoded embeddings are fed to the decoder along with a learnable shared mask embedding, defined by M asked \u2208 R D . This embedding is employed to reconstruct the patches of the M. The training objective is to minimize the discrepancy between the original raw signal values of the masked patches, {P atch i } i\u2208M \u2208 R L\u00d7(nm)\u00d7p , and their corresponding reconstructions, { P atch i } i\u2208M . The loss function is defined as L SSL = 1 Lnm i\u2208M P atch i -P atch i .", "section": "SELF-SUPERVISED PRE-TRAINING WITH SPATIO-TEMPORAL MASKED AUTO-ENCODER", "sec_num": "3.1"}, {"text": "Lead-wise shared decoder. Although spatio-temporal patchifying can have benefits in ECG representation learning, it can be detrimental without careful consideration, especially within the MAE framework. One drawback of spatio-temporal patchifying is that it simplifies the reconstruction task, allowing the decoder to access unmasked embeddings from different leads with identical temporal information. This ease of reconstruction can negatively impact the training of the encoder.", "section": "SELF-SUPERVISED PRE-TRAINING WITH SPATIO-TEMPORAL MASKED AUTO-ENCODER", "sec_num": "3.1"}, {"text": "To address this issue, we employ a straightforward approach by limiting the decoder to operate on only one lead. We configure the decoder to process the embedding sequence of each lead independently, ensuring that it does not make explicit use of embeddings from other leads during reconstruction. This intentional design choice introduces complexity to the task, motivating the encoders to effectively learn spatio-temporal representations. Additionally, we promote training efficiency by having patch embeddings of each lead share a single decoder.", "section": "SELF-SUPERVISED PRE-TRAINING WITH SPATIO-TEMPORAL MASKED AUTO-ENCODER", "sec_num": "3.1"}, {"text": "Lead indicating modules. Merely increasing the difficulty of the reconstruction task may not be sufficient to enable our encoders to learn spatial representations effectively. Specifically, our encoder and decoder may face challenges in differentiating the lead from which the embedding originates. To address this, we introduce additional modules aimed at enhancing the ability to distinguish between leads effectively.", "section": "SELF-SUPERVISED PRE-TRAINING WITH SPATIO-TEMPORAL MASKED AUTO-ENCODER", "sec_num": "3.1"}, {"text": "First, we add a lead-specific embedding, denoted as Lead \u2208 R D , for every patch embedding. This lead embedding is a function of the originating lead of the patch embedding, ensuring that all patch embeddings originating from the same lead have the same lead embedding. Next, we insert an additional shared embedding, denoted as [SEP ] \u2208 R D , which is added before and after each patch embedding sequence. These modules support the model to distinguish between patch embeddings from different leads (i.e., leading the model to learn the relationships between the different leads).", "section": "SELF-SUPERVISED PRE-TRAINING WITH SPATIO-TEMPORAL MASKED AUTO-ENCODER", "sec_num": "3.1"}, {"text": "After pre-training through SSL, we utilize only the encoder for downstream tasks and discard the decoder. We augment the encoder with a basic linear layer, which serves as the classifier head. Subsequently, the encoder, along with the classifier head, is fine-tuned to optimize performance on downstream data across various scenarios.", "section": "DOWNSTREAM FINE-TUNING", "sec_num": "3.2"}, {"text": "ECG classification. For a multi-class arrhythmia diagnosis problem with K classes, our model takes the ECG input, encodes it with the encoder, and passes it through the classifier head to calculate logits. The model makes class predictions, \u0177 = {\u0177 1 , ..., \u0177K }, by applying the softmax function to the logits. These predictions are then compared with the actual one-hot class label y = {y 1 , ..., y K } to minimize the loss function defined as", "section": "DOWNSTREAM FINE-TUNING", "sec_num": "3.2"}, {"text": "L CE = 1 K K c=1 (-y c log(\u0177 c )).", "section": "DOWNSTREAM FINE-TUNING", "sec_num": "3.2"}, {"text": "Fine-tuning in reduced lead setting. Our model demonstrates robust adaptability, even when there is a discrepancy in the number of leads between datasets used for pre-training and fine-tuning. Firstly, the shape of the input patch fed into our model remains unaffected by the number of leads, making our model agnostic to the number of leads in the input ECG. Additionally, our model learns distinctive characteristics of different leads through the lead-indicating module. As a result, our model is well-suited for reduced lead scenarios such as pre-training on a 12-lead dataset to learn general representations and subsequently fine-tuning on a dataset with fewer leads.", "section": "DOWNSTREAM FINE-TUNING", "sec_num": "3.2"}, {"text": "This section provides a brief overview of the datasets utilized in our experiments, as well as the baselines against which our proposed method will be compared. More detailed information regarding the datasets, baselines, and implementation can be found in Appendix A.", "section": "EXPERIMENTAL SETTINGS", "sec_num": "4"}, {"text": "There are three 12-lead ECG datasets designated for pre-training, along with three other ECG datasets intended for downstream tasks. In the context of pre-training, we leverage the combined power of all three datasets. These datasets consist of Chapman (Zheng et al., 2020b) , Ningbo (Zheng et al., 2020a), and CODE-15 (Ribeiro et al., 2021) . As for the downstream datasets, we used PTB-XL (Wagner et al., 2020) , CPSC2018 (Liu et al., 2018 ), and PhysioNet2017 (Clifford et al., 2017) datasets, where PhysioNet2017 is a single-lead dataset (i.e., lead I dataset) and others are 12-lead ECG datasets. For consistency, we resampled all ECGs, including pre-training and downstream datasets, to 250Hz.", "section": "DATASETS", "sec_num": "4.1"}, {"text": "Pre-training datasets. Chapman dataset comprises 10,646 12-lead ECG recordings, each lasting 10 seconds with a sample rate of 500 Hz. Similarly, the Ningbo dataset contains 34,905 12-lead ECG recordings, also 10 seconds in duration and sampled at 500Hz. On the other hand, CODE-15 encompasses 345,779 12-lead ECG recordings from 233,770 patients, with a sample rate of 400 Hz. Within the 345,779 ECGs, 143,328 are 10-second recordings, with the remainder being 7 seconds, and we and we exclusively utilized the 10-second ECGs. In alignment with the PhysioNet 2021 challenge (Reyna et al., 2021) , we removed 399 ECGs from the Chapman dataset. We proceeded to merge these three datasets into a unified dataset for pre-training. This pre-training dataset comprises a total of 188,480 ECGs. Note that, during pre-training, we use all ECGs without focusing on specific labels. Downstream datasets. PTB-XL comprises 21,837 12-lead ECG recordings collected from 18,885 patients, each lasting 10 seconds and sampled at a rate of 500 Hz. This dataset has five distinct labels, including cardiac arrhythmia and myocardial infarction. In the case of CPSC2018, it contains 6,877 12-lead ECG recordings, ranging from 6 seconds to 60 seconds in duration, with a sample rate of 500 Hz. This dataset is characterized by nine different labels associated with cardiac arrhythmia. Lastly, PhysioNet2017 consists of 8,528 ECGs recorded from lead I, with durations spanning from 9 to 60 seconds and sampled at a rate of 200 Hz. This dataset has four cardiac arrhythmia categories. ECGs shorter than 10 seconds are omitted, and for the remaining records, each is cropped into a consistent length of disjointed 10 seconds. These cropped ECG segments are considered individual data points and evaluated independently.", "section": "DATASETS", "sec_num": "4.1"}, {"text": "All backbones are fixed as ViT-B (Dosovitskiy et al., 2020) with different patch projection layers corresponding to the patchifying way. We compared our pre-training method to networks initialized randomly (i.e., Supervised) and pre-trained models that learn representation by contrastive learning and generative learning methods. In the realm of contrastive learning, we evaluated both MoCo v3 (Chen et al., 2021) and Contrastive Multi-segment Coding (CMSC) from CLOCS (Kiyasseh et al., 2021) . MoCo v3 encourages the similarity between representations of instances and their augmented counterparts, while CMSC divides an ECG into two temporal segments and encourages the similarity of representations for these segments.", "section": "BASELINES", "sec_num": "4.2"}, {"text": "Additionally, we examined generative learning methods, specifically Masked Time Autoencoder (MTAE) and Masked Lead Autoencoder (MLAE) from MaeFE (Zhang et al., 2022) . MTAE constructs representations by reconstructing temporal patches as depicted in Figure 2 (a), while MLAE does by reconstructing spatial patches, illustrated in Figure 2 (b ). These models do not have leadindicating modules (e.g., lead-wise decoder, SEP, and lead embeddings) and differ in their approach to patchifying input ECGs. Furthermore, to enhance robustness and adaptation to reduced lead sets, ", "section": "BASELINES", "sec_num": "4.2"}, {"text": "In this section, we examine the results of our experiments, evaluating them both quantitatively and qualitatively to verify the effectiveness of ST-MEM. Additional experimental results are reported in Appendix B.", "section": "EXPERIMENTS AND RESULTS", "sec_num": "5"}, {"text": "As shown in Table 1 , we evaluate the general ECG representation obtained from each SSL method by conducting both linear evaluation and fine-tuning experiments on unseen datasets (i.e., not used during a pre-training stage). PTB-XL is a task of classifying both myocardial infarction (MI) and cardiac arrhythmia, while CPSC2018 consists of only cardiac arrhythmia1 . Our proposed method, ST-MEM, shows outperforming performance against other baseline methods. In particular, we achieve a non-trivial margin with others on accuracy, F1, and AUROC scores in the linear evaluation. For instance, the F1 score is increased in the range of 0.064 to 0.366 and 0.292 to 0.561 on both PTB-XL and CPSC2018 datasets. This demonstrates that ST-MEM learns general ECG representation compared to others by explicitly considering both spatial and temporal information for ECG signals. Moreover, we present the applicability of ST-MEM by adapting to each different heart disease task. Although the baseline methods are pre-trained from large ECG datasets, their performance is similar to the supervised learning method, only used with downstream datasets, PTB-XL and CPSC2018. The CMSC pre-training method is even lower than the supervised learning method when we fine-tune the encoder. However, ST-MEM shows consistent outperforming performance on task adaptation, which is fine-tuning on downstream datasets.", "section": "EXPERIMENTAL RESULTS", "sec_num": "5.1"}, {"text": "The diversity of heart diseases and few experienced cardiologists prevent obtaining abundant labeled ECG data; thus, relying only on supervised learning methods is not a suitable solution for the low-resource problem. We conduct low-resource experiments to demonstrate that general ECG representation can mitigate the scarcity of labeled data. As shown in Table 2 , we first randomly sampled 1% and 5% of data from each dataset. Then, we fine-tune the model for each task. Although the performance of a supervised learning method drops drastically compared to 100% of data, other SSL methods still show comparable performance, which shows the need for general ECG representation learning. However, our proposed method, ST-MEM, surpasses other representation learning methods from all 1% and 5%. Moreover, in CPSC2018, only with 5% of the data, we could achieve a similar performance against 100% of the data result.", "section": "EFFECTIVENESS OF GENERAL ECG REPRESENTATION IN A LOW-RESOURCE SETTING", "sec_num": "5.2"}, {"text": "12-lead ECG is a standard measurement that provides whole spatial and temporal information regarding the heart. However, measuring precordial leads (i.e., V1 to V6) requires expertise, while limb leads (i.e., I, II, III, aVR, aVL, and aVF) are easily accessible through smart devices such as a smartwatch. Therefore, we need a generally applicable ECG representation that is robust not only for 12 leads but also for any lead combinations. Simple representation learning methods, such as MoCo v3, CMSC, and MTAE, do not consider the robustness of the lead combination; thus, the model requires 12 lead signals during a fine-tuning stage. On the other hand, the random lead masking (RLM) method is one of the approaches to handle any lead combinations since the model can learn the robustness of leads by masking the random leads during the pre-training stage. Our proposed method, ST-MEM, also addresses the lead combination through spatio-temporal patchifying with explicit lead embeddings. Table 3 compares ST-MEM with RLM and MLAE methods on 1lead (I), 6-lead (I, II, III, aVR, aVL, and aVF), and 12-lead. The results demonstrate that ST-MEM is robust to any lead combinations, even in a PhysioNet2017 dataset.", "section": "PERFORMANCE IN REDUCED LEAD SETTINGS", "sec_num": "5.3"}, {"text": "Incorporating spatial information in the ECG representation is significant for ECG signals. As shown in Figure 1 , the ECG signals are spatially separated by frontal and horizontal planes; the former indicates the limb leads, while the latter represents the precordial leads. To validate the spatial information for the representation learned from ST-MEM, we visualize the embedding space using t-SNE (Van der Maaten & Hinton, 2008) as depicted in Figure 4 . Each circle indicates the representation of one ECG sample in a particular lead. We utilize the Gaussian mixture model (GMM) (Rasmussen, 1999) to cluster those representations learned from ST-MEM. Interestingly, the samples assigned to a blue cluster are mostly limb leads, I and II, whereas the orange cluster is formed with precordial leads, V2 and V3. This phenomenon demonstrates that the representation learned from ST-MEM incorporates the spatial information of ECG signals. In addition, in Table 4 , we quantitatively measure the inclusiveness of spatial relationships. We first define the samples, assigned to a Gaussian, as predicted limb or precordial lead labels. Then, we compute the accuracy of whether the lead sample is correctly clustered into a frontal (i.e., limb leads) or horizontal (i.e., precordial leads) plane. Since the baseline methods, MTAE and MoCo v3, could not consider spatial information, each representation of the ECG signal is randomly assigned to a cluster that causes low accuracy. However, ST-MEM shows high accuracy since samples are grouped in the frontal or horizontal plane. Table 5 shows the importance of the lead indication module for ST-MEM. We conduct the linear evaluation in both PTB-XL and CPSC2018 datasets and compute the AU-ROC score. Applying only spatio-temporal patchifying without considering the lead type yields the lowest performance. However, when we include lead-wise shared encoder and each lead indication module (e.g., SEP embedding, and lead embedding), the results of linear evaluation monotonically increase in a CPSC2018 dataset. This demonstrates the effectiveness of spatial information while learning the general ECG representation.", "section": "ANALYSIS OF GENERAL ECG REPRESENTATION LEARNED FROM ST-MEM", "sec_num": "5.4"}, {"text": "By analyzing self-attention, we could observe that ST-MEM considers the ECG signal spatially and temporally. Figure 5 is an attention map for a single lead III query patch (i.e., red dashed box). Since lead III is spatially located in a frontal plane, the attention scores are generally high for limb leads. This phenomenon explains why the ECG representation is clustered in the frontal or horizontal plane. Moreover, from a temporal perspective, the patches show high attention scores if the signal shape is similar to the query patch in that the ECG signal contains a periodic rhythm. Overall, we could observe that ST-MEM incorporates both a spatial and temporal relationship of ECG signals.", "section": "INTERPRETATION OF ST-MEM BY ANALYZING SELF-ATTENTIONS", "sec_num": "5.6"}, {"text": "In addition, instead of patchifying temporally or spatially, the spatio-temporal patchifying can also benefit the cardiologist in diagnosing heart disease by analyzing the spatio-temporal self-attentions.", "section": "INTERPRETATION OF ST-MEM BY ANALYZING SELF-ATTENTIONS", "sec_num": "5.6"}, {"text": "Our work is closely related to the recent work on self-supervised learning, such as contrastive and generative learning, used widely in computer vision and natural language processing.", "section": "RELATED WORKS", "sec_num": "6"}, {"text": "ECG on self-supervised learning. Recently, research employing deep learning for ECG analysis has extended to a wide range of tasks, including the diagnosis of cardiac diseases such as arrhythmia classification (Ribeiro et al., 2020; Hu et al., 2022; Jun et al., 2018; Strodthoff et al., 2020) , emotion recognition (Sarkar & Etemad, 2020) , and patient identification (Oh et al., 2022; Li et al., 2020) . Furthermore, self-supervised learning is utilized to learn general representations, with some studies focusing on contrastive learning methods. In contrastive learning, some papers apply concepts such as semantic preservation after data augmentation (Chen et al., 2020; He et al., 2020) , to ECG data (Lai et al., 2023) . Additionally, there is a study on the utilization of temporal invariance and spatial invariance within a single ECG data to preserve semantics (Kiyasseh et al., 2021) . Some research combines CNN and transformer architectures to learn local and global features from ECG data (Oh et al., 2022) . In terms of generative learning, MaeFE (Zhang et al., 2022) applies MAE (He et al., 2022) , which patchifies temporally or spatially for analysis of ECG. Moreover, some studies (Sawano et al., 2022) were conducted by applying spatio-temporal patchifying, shown in Figure 2 (c), to acquire general ECG representation, but without lead-indicating modules, it is challenging to learn the spatial relationship between leads. Challenging on reduced lead ECG. Obtaining a standard 12-lead ECG, however, can be excessive and often requires high-level clinical knowledge (Giannetta et al., 2020) that may not be readily available. Therefore, recent advancements in ECG technologies have resulted in the creation of smaller and portable devices that can obtain the reduced lead set of 12lead ECG. This advancement promotes the research to apply a machine learning technique to a reduced lead ECG setting (Kiyasseh et al., 2021; Hannun et al., 2019; Urtnasan et al., 2022; Mathews et al., 2018) . It is worth noting that the reduced-lead ECG dataset is less abundant compared to 12-lead ECG, and there is research dedicated to addressing this limitation. In the context of self-supervised learning, RLM (Oh et al., 2022) was introduced to acquire robust representation to input ECG lead combinations. On the other hand, in Knowledge Distillation approaches, there is a work that utilizes a model pre-trained on 12-lead ECG as a teacher model and introduces a student model that takes a single lead as input (Qin et al., 2023) . This student model leverages the representation from the 12-lead ECG teacher model.", "section": "RELATED WORKS", "sec_num": "6"}, {"text": "In this work, we propose ST-MEM, Spatio-Temporal Masked Electrocardiogram Modeling, to learn the general ECG representation, generally applicable to diverse ECG problems by incorporating the spatial and temporal relationship of ECG signal. Through extensive experiments, we first demonstrate that ECG representation learned from ST-MEM can exhibit spatial relationships. Since limb leads are measured in the frontal plane, while precordial leads are in the horizontal plane, each representation from ST-MEM reflects that spatial information. Second, we observe the temporal relationship through an attention map. Third, we evaluate the general ECG representation in various experiments, such as reduced lead and low-resource settings. We believe that our work, providing general ECG representation encapsulating the spatio-temporal relationship, can benefit the recent healthcare industry. As part of our future work, we aim to explore the application of ST-MEM to general multivariate time-series datasets. Our experimental results on the human activity recognition (Anguita et al., 2013) task can be found in Appendix C. Moreover, we will explore the various transfer learning approaches (e.g., partially fine-tuning the pre-trained model (He et al., 2022) ) to adapt to downstream tasks using general ECG representation instead of naively fine-tuning the model.", "section": "CONCLUSION", "sec_num": "7"}, {"text": "Our code encompasses the implementation of ST-MEM and several other baselines written in Python. Furthermore, we furnish the pre-trained model parameters to facilitate others in fine-tuning the model and achieving reproducible results. Moreover, comprehensive details on training hyperparameters, schemes, and hardware specifications are provided. While we provide just one downstream dataset, PTB-XL, already preprocessed and partitioned into train, validation, and test sets, we ensure access to all additional datasets via provided links.", "section": "CONCLUSION", "sec_num": "7"}, {"text": "The codes will be available at https://github.com/bakqui/ST-MEM. Please read the 'README.md' file and follow the instructions.", "section": "CODES", "sec_num": "8.1"}, {"text": "All details in pre-training, fine-tuning, and linear evaluation can be found in Appendix A.1. It includes basic hyperparameters such as epochs, batch size, and optimizer.", "section": "HYPERPARAMETERS", "sec_num": "8.2"}, {"text": "In Secion 4.1, there is all the information of datasets including the number of ECGs, the number of patients, sample rate, and its duration.", "section": "DATASETS", "sec_num": "8.3"}, {"text": "Moreover, all ECG data are resampled to 250 Hz, and additional information can be found in Appendix A.2. Moreover, one of the downstream datasets, PTB-XL, separated into the train, valid, and test datasets, can be downloaded from the link in our codes (README.md).", "section": "DATASETS", "sec_num": "8.3"}, {"text": "Although only preprocessed PTB-XL is given, all raw data can be downloaded from the below links:", "section": "DATASETS", "sec_num": "8.3"}, {"text": "\u2022 PTB-XL, Chapman, Ningbo and CPSC2018 : https://physionet.org/content/ challenge-2021/1.0.3/ \u2022 CODE-15 : https://zenodo.org/record/4916206#.YUG9MStxeUl", "section": "DATASETS", "sec_num": "8.3"}, {"text": "\u2022 PhysioNet2017 : https://physionet.org/content/challenge-2017/1. 0.0/ Ningbo and Chapman can be downloaded together in PhysioNet Challenge 2021 (45, 152 ECG recordings) . For CODE-15, as we mentioned in Secion 4.1, ECGs with a duration of less than 10 seconds should be dropped out, and there are some zero padding at the start and end of the recordings, these zero-paddings should be stripped out.", "section": "DATASETS", "sec_num": "8.3"}, {"text": "with a range of 0.67-40Hz to eliminate baseline wandering and high-frequency noise. Finally, we normalized the ECG signals using Z-normalization to ensure uniform scales. The signal processing was conducted for all baselines regardless of whether it was during the pre-training or fine-tuning stage.", "section": "DATASETS", "sec_num": "8.3"}, {"text": "Cropping ECGs into disjoint 10-second segments. Chapman, Ningbo, CODE-15 and PTB-XL consist of 10-second ECG data, except for CPSC2018 and PhysioNet2017. To standardize all ECG data to 10 seconds, data with a duration of less than 10 seconds are discarded, and only data exceeding 10 seconds are utilized. For those ECGs more than 10 seconds, they are cropped into non-overlapping 10-second segments. Each crop is evaluated individually and tagged with an origin label for later use in loss computation (Zhang et al., 2022; Gopal et al., 2021; Lan et al., 2022) .", "section": "DATASETS", "sec_num": "8.3"}, {"text": "Removing ECGs which have more than one label for multi-class classification setting. A single ECG may exhibit multiple heart diseases simultaneously, i.e., one ECG could show both MI and CD concurrently. In our ECG datasets, PTB-XL and CPSC2018, some ECGs have more than one label. In a multi-class classification setting, each ECG should have only one label. Consequently, we excluded ECGs with more than one concurrent label (Zhang et al., 2022) .", "section": "DATASETS", "sec_num": "8.3"}, {"text": "Dividing downstream datasets into train, validation and test set. Finally, regarding the downstream datasets, they are divided into training, validation, and test sets, following a 70-10-20 configuration. Table 10 provides the preprocessing steps for PTB-XL, along with information about the utilized train, validation, and test sets. Likewise, Table 11 presents information regarding CPSC2018, while Table 12 outlines details concerning PhysioNet2017.", "section": "DATASETS", "sec_num": "8.3"}, {"text": "The downstream task involves classifying arrhythmias and myocardial infarction. Due to imbalances in the labels within these downstream datasets, we assess model performance using metrics beyond accuracy, including F1 score and AUROC (Area Under the Receiver Operating Characteristic curve) for each experiment. Furthermore, since there are more than two classes involved, we compute the average of one-vs-rest AUROC and the macro F1-score to provide a comprehensive evaluation of the model's performance across multiple classes. As we mentioned before, all cropped ECG segments are evaluated individually, neither averaging nor voting. ", "section": "A.3 EVALUATION ON DOWNSTREAM TASKS", "sec_num": null}, {"text": "While we reproduced pre-trained baselines for comparison with ST-MEM, it is important to note that the pre-trained models may exhibit slight variations due to heterogeneous experimental settings, including diverse datasets, backbone encoder models, and hyperparameters. To further explore this, we conduct additional experiments utilizing another pre-trained model, Contrastive Predictive Coding (CPC) (Mehari & Strodthoff, 2022) , which provides original pre-trained weights. As shown in Table 13 , our proposed approach, ST-MEM, demonstrates comparable performance to CPC. Moreover, in low-resource settings, certain baseline models like MLAE and MoCo v3 exhibit similar performance, emphasizing the comparability of our reproduced pre-trained models as baselines.", "section": "B.1 COMPARISON OF EXISTING ECG PRE-TRAINED MODELS WITH ST-MEM", "sec_num": null}, {"text": "Additionally, it is worth mentioning that the CPC model employed PTB-XL and CPSC2018 as pretrained datasets, whereas ST-MEM and other baselines treated these datasets as unseen datasets to validate the genuine performance of general ECG representation learning. Overall, we believe ST-MEM can provide general ECG representation to effectively solve diverse challenging tasks, e.g., diverse heart disease classification tasks, reduced lead settings, and low-resource settings. In MoCo v3 pre-training, positive pairs are made by employing eight straightforward time-series augmentations (Nonaka & Seita, 2020) :", "section": "B.1 COMPARISON OF EXISTING ECG PRE-TRAINED MODELS WITH ST-MEM", "sec_num": null}, {"text": "1. Erase: Randomly setting the values of a chosen lead to 0.", "section": "B.1 COMPARISON OF EXISTING ECG PRE-TRAINED MODELS WITH ST-MEM", "sec_num": null}, {"text": "2. Flip: Randomly inverting the signal vertically.", "section": "B.1 COMPARISON OF EXISTING ECG PRE-TRAINED MODELS WITH ST-MEM", "sec_num": null}, {"text": "3. Drop: Randomly zeroing out signal values.", "section": "B.1 COMPARISON OF EXISTING ECG PRE-TRAINED MODELS WITH ST-MEM", "sec_num": null}, {"text": "4. Cutout: Selecting a random interval and setting its values to 0.", "section": "B.1 COMPARISON OF EXISTING ECG PRE-TRAINED MODELS WITH ST-MEM", "sec_num": null}, {"text": "5. Shift: Randomly shifting the signal temporally.", "section": "B.1 COMPARISON OF EXISTING ECG PRE-TRAINED MODELS WITH ST-MEM", "sec_num": null}, {"text": "6. Sine: Adding a sine wave to the entire signal.", "section": "B.1 COMPARISON OF EXISTING ECG PRE-TRAINED MODELS WITH ST-MEM", "sec_num": null}, {"text": "7. Partial sine: Adding a sine wave into a randomly selected interval.", "section": "B.1 COMPARISON OF EXISTING ECG PRE-TRAINED MODELS WITH ST-MEM", "sec_num": null}, {"text": "8. Partial white noise: Introducing white noise into a randomly chosen interval.", "section": "B.1 COMPARISON OF EXISTING ECG PRE-TRAINED MODELS WITH ST-MEM", "sec_num": null}, {"text": "However, certain augmentations, such as flip, shift, sine, and partial sine, may have a negative impact on the semantics of the ECG. Flipping an ECG can result in misalignment with standard lead systems; shifting can lead to a loss of temporal continuity; adding a sine wave or partial sine wave to an ECG may introduce distortion, altering the original morphology of the signal. Consequently, these changes can lead to the misinterpretation of the ECG, potentially affecting the accuracy of diagnoses and analyses. In terms of contrastive learning, the distortion of semantic information makes it inappropriate to define positive or negative pairs. Therefore, we pre-train MoCo v3 using the remaining four augmentations (erase, drop, cutout, and partial noise) and compared the results with experiments using the original eight augmentations.", "section": "B.1 COMPARISON OF EXISTING ECG PRE-TRAINED MODELS WITH ST-MEM", "sec_num": null}, {"text": "After pre-training on the same 12-lead dataset as outlined in the paper, we fine-tune the model on 12-lead ECGs from PTB-XL and CPSC2018, with the results presented in Table 14 . Using all eight augmentations performed better than using only four augmentations for all settings except for fine-tuning the model on PTB-XL. A critical point emphasized here is the challenge of selecting augmentations when working with ECG signals. This complexity highlights our preference for generative learning (masking and reconstructing) over contrastive learning which needs to select and use proper augmentations.", "section": "B.1 COMPARISON OF EXISTING ECG PRE-TRAINED MODELS WITH ST-MEM", "sec_num": null}, {"text": "We expand our problem to detect a broader range of heart diseases through multi-label classification for other labels in PTB-XL. PTB-XL consists of a total of 71 labels, categorized into diagnostic, form, and rhythm. As mentioned earlier, the diagnostic labels consist of 44 labels, which are merged into 23 subclasses, with their explanations provided in Table 7 . Additionally, there are 19 form labels and 12 rhythm labels, described in Table 15 and Table 16 , respectively.", "section": "B.3 EXPERIMENTS OF DIFFERENT PROBLEM SETTINGS FOR DOWNSTREAM DATASET PTB-XL", "sec_num": null}, {"text": "We conducted multi-label classification for these three different settings, following a similar process as in the preprocessing steps described in Appendix A, excluding the step of dropping ECGs that have more than one label. We compared our approach, ST-MEM, with baselines such as supervised learning and MTAE. The superiority of our ST-MEM is highlighted in Table 17 . Mobile devices such as smartwatches usually provide lead I ECGs. However, several studies (Li et al., 2022; Han et al., 2021) show the possibility of obtaining other lead types of single lead ECGs. Therefore, as shown in Table 18 , we demonstrate the additional single lead experiments. Interestingly, ST-MEM still outperforms other baselines, MTAE+RLM and MLAE. Moreover, in lead II and aVL, our proposed approach, ST-MEM, surpasses the baselines with a non-trivial margin. This shows that ST-MEM is not only applicable to 12-lead standard ECGs but also to single lead ECGs. 0.638 \u00b1 0.035 0.657 \u00b1 0.025 0.538 \u00b1 0.05 0.668 \u00b1 0.021 0.562 \u00b1 0.015 0.603 \u00b1 0.03 ST-MEM (Ours) 0.673 \u00b1 0.012 0.752 \u00b1 0.03 0.640 \u00b1 0.008 0.681 \u00b1 0.008 0.667 \u00b1 0.006 0.674 \u00b1 0.01 5% Supervised 0.655 \u00b1 0.018 0.682 \u00b1 0.006 0.577 \u00b1 0.041 0.654 \u00b1 0.053 0.593 \u00b1 0.003 0.652 \u00b1 0.012 ST-MEM (Ours) 0.694 \u00b1 0.017 0.786 \u00b1 0.024 0.700 \u00b1 0.016 0.691 \u00b1 0.012 0.718 \u00b1 0.026 0.723 \u00b1 0.024", "section": "B.3 EXPERIMENTS OF DIFFERENT PROBLEM SETTINGS FOR DOWNSTREAM DATASET PTB-XL", "sec_num": null}, {"text": "In order to validate the effectiveness of the lead indication module (e.g., lead-wise shared decoder, SEP embedding, and lead embedding), we plot t-SNE for sampled 12-lead ECG signals across regular and irregular rhythms which are obtained from a Chapman dataset. As shown in Figure 6 ", "section": "B.6 ADDITIONAL ANALYSIS OF ECG REPRESENTATION LEARNED FROM ST-MEM", "sec_num": null}, {"text": "We extend our analysis through an additional ablation study within our framework. In this study, we vary key pre-training stage parameters to understand their impact on the representation. We assess how these changes influence the downstream fine-tuning performance, specifically within the PTB-XL dataset. In Figure 8 , we demonstrate additional self-attention maps, generated by pre-trained ST-MEM, from ECGs across different rhythm types. It is notable that, regardless of the rhythm types of ECG, ST-MEM consistently assigns high attention weights to temporal patches that have similar shapes to query patch and neighboring spatial patches. From this observation, we conjecture that the ST-MEM is trained to recognize the morphologies of ECGs while distinguishing the unique characteristics of each lead, which is essential for general ECG representation learning. We believe that our methodology can be applied to various multivariate time-series domains. An example of this adaptability is the transformation of lead embedding into a general time-series feature embedding. In this section, we demonstrate an additional experiment utilizing the Human Activity Recognition (HAR) dataset (Anguita et al., 2013) .", "section": "B.7 ADDITIONAL ABLATION STUDY", "sec_num": null}, {"text": "HAR dataset is a multivariate time series acquired from 30 individuals engaged in daily activities while wearing a waist-mounted smartphone equipped with inertial sensors. Data were collected in 2.56 seconds with a sampling frequency of 50Hz, resulting in 128 readings per sample. The collected data include triaxial acceleration from the accelerometer, estimated triaxial body acceleration, and triaxial angular velocity from the gyroscope, constituting a total of 9 features. The goal is to classify six different activities: walking, walking upstairs, walking downstairs, sitting, standing, and lying down.", "section": "B.7 ADDITIONAL ABLATION STUDY", "sec_num": null}, {"text": "The experimental settings are as follows. The model processes input data with dimensions of 9 x 128 with a patch size of 32. The encoder consists of 8 blocks with 64 widths and four heads, while the decoder comprises four blocks with 64 widths and four heads. During pre-training, 60% of patches are randomly masked and reconstructed to minimize the mean squared error between raw signals and reconstruction. The pre-training lasts for 200 epochs with a fixed learning rate of 0.001. Fine-tuning is performed using cross-entropy for 30 epochs with a fixed learning rate of 0.001. ", "section": "B.7 ADDITIONAL ABLATION STUDY", "sec_num": null}, {"text": "Cardiac arrhythmia can be divided into different sub-classes (e.g., AV block (AVB) and premature atrial contraction (PAC)) in both PTB-XL and CPSC2018 datasets.", "section": "", "sec_num": null}], "back_matter": [{"text": "In this section, we provide in-depth explanations of our experimental setup, including our approach to dataset processing, model evaluation on downstream tasks, and implementation of baseline methodologies.A.1 IMPLEMENTATION DETAILS All backbones are fixed as ViT-B with patch size 75 and different patch projection layers corresponding to the patchifying way as shown in Figure 2 ; temporal patchifying is adopted in MoCo v3, CMSC, and MTAE pre-training; spatial patchifying is used in MLAE pre-training; ST-MEM and its variants for ablation study use spatio-temporal patchifying. We use fixed sinusoid temporal positional embedding, while other special embeddings (e.g. mask, lead, and SEP embedding) are learned during training.For contrastive pre-training, InfoNCE (Oord et al., 2018) loss is used for MoCo v3 and CMSC pre-training. In CMSC pre-training, we divide ECG signals with length T into two temporal nonoverlapped segments with length T /2 to make positive pairs. In MTAE, MLAE, and ST-MEM pre-training, we mask 75% randomly selected patches and reconstruct them. Mean squared error loss is used for these generative pre-training. We fix the decoder design for all masked auto-encoder variants as four transformer blocks, four heads, and 256 width. For RLM, we randomly mask each lead with probability 0.5. Further details of hyperparameters used in each pre-training is shown in Table 6 . Describing target labels of each downstream dataset. As mentioned earlier, we have three downstream datasets: PTB-XL, CPSC2018, and PhysioNet2017. In Table 7 , there are 44 diagnostic labels for PTB-XL, each with its corresponding description. These 44 labels are merged into 23 subclass labels, and these 23 subclass labels are further merged into 5 superclass labels (Wagner et al., 2020) .The 5 superclass labels are Myocardial Infarction (MI), Conduction Disturbance (CD), ST/T-Change (STTC), Hypertrophy (HYP), and Normal ECG (NORM). These 5 labels are our target labels in PTB-XL. Table 8 provides explanations for the 9 arrhythmia target labels in CPSC2018 (Liu et al., 2018) , while Table 9 contains descriptions for the 4 target labels in the PhysioNet2017 dataset (Clifford et al., 2017) .ECG signal processing We have 6 ECG datasets, each with different characteristics. For instance, Chapman and CODE-15 have varying sampling frequencies (500Hz and 400Hz) and units (microvolts and millivolts). These differences in data resolution and scale could potentially confuse the model and diminish prediction performance. To ensure consistency among datasets and improve ECG signal quality, we implemented several signal processing procedures. Initially, we resampled all ECGs to a uniform sampling frequency of 250Hz. Next, we applied a bandpass digital filter Decoder depth. First, we explore the impact of the depth of the lead-wise shared decoder. Modifying the depth of decoder can influence the characteristics of the representations learned by the encoder. For instance, if the decoder is too shallow, some parts of the encoder might end up taking over the role of decoder (Park et al., 2022) . Table 20 provides insights into the impact of varying the decoder depth on PTB-XL fine-tuning performance. Notably, when configuring the decoder with just a single transformer block, a significant decrease in performance is observed. Conversely, excessive depth is also found to be undesirable. The highest performance is achieved with a depth of 4 blocks.Masking ratio. Next, we examine the impact of the random masking ratio during pre-training. The masking ratio directly influences the number of unmasked patches accessible to the decoder, a factor that governs the complexity of the reconstruction task. Figure 7 illustrates how PTB-XL fine-tuning performance changes with varying masking ratios. Notably, for ST-MEM, the highest performance is achieved at a moderately high masking ratio of 75%. indicating modules. We compare the effectiveness of the lead indicating embeddings, SEP and lead embeddings, by removing them one by one. Table 21 is the PTB-XL linear evaluation performances of the model trained with or without each lead indicating module. The AUROC score is the highest when both two modules are hired together, meaning that they help the model to learn spatio-temporal relationships.", "section": "A DETAILS IN EXPERIMENTAL SETTINGS", "sec_num": null}], "ref_entries": {"FIGREF0": {"num": null, "uris": null, "text": "Figure 2: An illustration of spatio-temporal patchifying. The black dashed box indicates the query patch; each arrow represents the selfattention arrow; each color represents a patch, a single input sample for the model. Temporal patchifying from (a) provides three different patches (i.e., three different inputs). Spatial patchifying from (b) yields 12 patches for every 12 leads. Spatio-temporal patchifying from (c) can provide fine-grained input signals for the model, which allows for capturing spatial and temporal relationships.", "fig_num": "2", "type_str": "figure"}, "FIGREF1": {"num": null, "uris": null, "text": "Figure 3: An overview of our proposed method. ST-MEM consists of an encoder and decoder for reconstructing the masked ECG signals. The encoder takes patchfied ECG signals with lead and position embedding. The shared decoder reconstructs the masked ECG signals for each lead by utilizing the encoded representations.", "fig_num": "3", "type_str": "figure"}, "FIGREF2": {"num": null, "uris": null, "text": "Figure 4: A t-SNE plot of ECG signal representation learned from ST-MEM. Each circle represents the single ECG signal representation with different leads. The ellipse with blue and orange indicates the Gaussian (i.e., a cluster) obtained from the Gaussian mixture model (GMM).", "fig_num": "4", "type_str": "figure"}, "FIGREF3": {"num": null, "uris": null, "text": "Figure 5: An illustration of an attention map. Attention scores from each encoder layer and head are averaged.", "fig_num": "5", "type_str": "figure"}, "FIGREF4": {"num": null, "uris": null, "text": "(a) and (c), the representation of ECG signals provided from ST-MEM clusters the lead embedding by limb leads and precordial leads. However, as depicted in Figure 6 (b) and (d), a model that excludes all lead indication modules struggles to cluster ECG representation.", "fig_num": null, "type_str": "figure"}, "FIGREF5": {"num": null, "uris": null, "text": "Figure 8: Self-attention of ECGs with regular and irregular rhythm. (a) is from a regular rhythm ECG, while (b) and (c) are from irregular rhythm ECGs. Pre-trained ST-MEM consistently assigns high attention weights to temporal patches that share a similar shape to the query patch.", "fig_num": "8", "type_str": "figure"}, "TABREF0": {"html": null, "num": null, "content": "<table><tr><td>Methods</td><td>Accuracy</td><td>PTB-XL F1</td><td>AUROC</td><td>Accuracy</td><td>CPSC2018 F1</td><td>AUROC</td></tr><tr><td>Supervised</td><td colspan=\"3\">0.787 \u00b1 0.006 0.604 \u00b1 0.010 0.905 \u00b1 0.004</td><td colspan=\"3\">0.779 \u00b1 0.008 0.753 \u00b1 0.012 0.958 \u00b1 0.002</td></tr><tr><td/><td/><td/><td>Linear Evaluation</td><td/><td/><td/></tr><tr><td>MoCo v3</td><td colspan=\"3\">0.552 \u00b1 0.000 0.142 \u00b1 0.000 0.739 \u00b1 0.006</td><td colspan=\"3\">0.268 \u00b1 0.055 0.080 \u00b1 0.038 0.712 \u00b1 0.054</td></tr><tr><td>CMSC</td><td colspan=\"3\">0.681 \u00b1 0.032 0.441 \u00b1 0.058 0.797 \u00b1 0.038</td><td colspan=\"3\">0.361 \u00b1 0.005 0.238 \u00b1 0.022 0.724 \u00b1 0.013</td></tr><tr><td>MTAE</td><td colspan=\"3\">0.683 \u00b1 0.008 0.437 \u00b1 0.012 0.807 \u00b1 0.006</td><td colspan=\"3\">0.486 \u00b1 0.012 0.349 \u00b1 0.034 0.818 \u00b1 0.010</td></tr><tr><td>MTAE+RLM</td><td colspan=\"3\">0.687 \u00b1 0.006 0.444 \u00b1 0.009 0.806 \u00b1 0.005</td><td colspan=\"3\">0.480 \u00b1 0.010 0.342 \u00b1 0.022 0.824 \u00b1 0.006</td></tr><tr><td>MLAE</td><td colspan=\"3\">0.649 \u00b1 0.008 0.382 \u00b1 0.020 0.779 \u00b1 0.008</td><td colspan=\"3\">0.443 \u00b1 0.014 0.263 \u00b1 0.021 0.794 \u00b1 0.016</td></tr><tr><td colspan=\"4\">ST-MEM (Ours) 0.726 \u00b1 0.005 0.508 \u00b1 0.008 0.838 \u00b1 0.011</td><td colspan=\"3\">0.723 \u00b1 0.008 0.641 \u00b1 0.010 0.938 \u00b1 0.002</td></tr><tr><td/><td/><td/><td>Fine-tuning</td><td/><td/><td/></tr><tr><td>MoCo v3</td><td colspan=\"3\">0.799 \u00b1 0.004 0.644 \u00b1 0.010 0.913 \u00b1 0.002</td><td colspan=\"3\">0.852 \u00b1 0.002 0.838 \u00b1 0.002 0.967 \u00b1 0.003</td></tr><tr><td>CMSC</td><td colspan=\"3\">0.724 \u00b1 0.067 0.510 \u00b1 0.115 0.877 \u00b1 0.003</td><td colspan=\"3\">0.736 \u00b1 0.006 0.717 \u00b1 0.006 0.938 \u00b1 0.006</td></tr><tr><td>MTAE</td><td colspan=\"3\">0.789 \u00b1 0.002 0.613 \u00b1 0.015 0.910 \u00b1 0.001</td><td colspan=\"3\">0.793 \u00b1 0.004 0.769 \u00b1 0.004 0.961 \u00b1 0.001</td></tr><tr><td>MTAE+RLM</td><td colspan=\"3\">0.793 \u00b1 0.002 0.615 \u00b1 0.007 0.911 \u00b1 0.004</td><td colspan=\"3\">0.782 \u00b1 0.002 0.756 \u00b1 0.003 0.960 \u00b1 0.002</td></tr><tr><td>MLAE</td><td colspan=\"3\">0.802 \u00b1 0.004 0.625 \u00b1 0.009 0.915 \u00b1 0.001</td><td colspan=\"3\">0.834 \u00b1 0.007 0.816 \u00b1 0.009 0.973 \u00b1 0.002</td></tr><tr><td colspan=\"4\">ST-MEM (Ours) 0.825 \u00b1 0.002 0.655 \u00b1 0.003 0.933 \u00b1 0.003</td><td colspan=\"3\">0.872 \u00b1 0.009 0.857 \u00b1 0.012 0.980 \u00b1 0.001</td></tr></table>", "text": "Linear evaluation and fine-tuning results of arrhythmia and myocardial infarction (MI) classification tasks. The experiment is conducted based on 12-lead ECG data on unseen data (i.e., not used during the pre-training stage).", "type_str": "table"}, "TABREF1": {"html": null, "num": null, "content": "<table><tr><td>Methods</td><td>1%</td><td>PTB-XL 5%</td><td>100%</td><td>1%</td><td>CPSC2018 5%</td><td>100%</td></tr><tr><td>Supervised</td><td colspan=\"3\">0.676 \u00b1 0.011 0.736 \u00b1 0.020 0.905 \u00b1 0.004</td><td colspan=\"3\">0.600 \u00b1 0.095 0.609 \u00b1 0.111 0.958 \u00b1 0.002</td></tr><tr><td>MoCo v3</td><td colspan=\"3\">0.797 \u00b1 0.006 0.826 \u00b1 0.015 0.913 \u00b1 0.002</td><td colspan=\"3\">0.791 \u00b1 0.045 0.903 \u00b1 0.019 0.967 \u00b1 0.003</td></tr><tr><td>CMSC</td><td colspan=\"3\">0.648 \u00b1 0.064 0.773 \u00b1 0.023 0.877 \u00b1 0.003</td><td colspan=\"3\">0.625 \u00b1 0.013 0.732 \u00b1 0.038 0.938 \u00b1 0.006</td></tr><tr><td>MTAE</td><td colspan=\"3\">0.707 \u00b1 0.024 0.713 \u00b1 0.001 0.910 \u00b1 0.001</td><td colspan=\"3\">0.670 \u00b1 0.032 0.756 \u00b1 0.013 0.961 \u00b1 0.001</td></tr><tr><td>MTAE+RLM</td><td colspan=\"3\">0.730 \u00b1 0.030 0.730 \u00b1 0.003 0.911 \u00b1 0.004</td><td colspan=\"3\">0.708 \u00b1 0.020 0.726 \u00b1 0.011 0.960 \u00b1 0.002</td></tr><tr><td>MLAE</td><td colspan=\"3\">0.793 \u00b1 0.007 0.838 \u00b1 0.018 0.915 \u00b1 0.001</td><td colspan=\"3\">0.860 \u00b1 0.013 0.922 \u00b1 0.007 0.973 \u00b1 0.002</td></tr><tr><td colspan=\"4\">ST-MEM (Ours) 0.815 \u00b1 0.012 0.878 \u00b1 0.011 0.933 \u00b1 0.003</td><td colspan=\"3\">0.897 \u00b1 0.025 0.952 \u00b1 0.004 0.980 \u00b1 0.001</td></tr></table>", "text": "Experiments of low-resource settings. 1% and 5% indicate the random sampling for training and validation data; however, the test data are the same for all results. Three different sampling was done, and the results were averaged. 12-lead ECG signals are used for each result, and the score represents the AUROC scores.", "type_str": "table"}, "TABREF2": {"html": null, "num": null, "content": "<table><tr><td>Methods</td><td>12-lead</td><td>PTB-XL 6-lead</td><td>1-lead</td><td>12-lead</td><td>CPSC2018 6-lead</td><td>1-lead</td><td>PhysioNet2017 1-lead</td></tr><tr><td>MTAE+RLM</td><td colspan=\"3\">0.911 \u00b1 0.004 0.888 \u00b1 0.002 0.795 \u00b1 0.003</td><td colspan=\"3\">0.960 \u00b1 0.002 0.931 \u00b1 0.017 0.909 \u00b1 0.006</td><td>0.857 \u00b1 0.005</td></tr><tr><td>MLAE</td><td colspan=\"3\">0.915 \u00b1 0.001 0.890 \u00b1 0.001 0.797 \u00b1 0.001</td><td colspan=\"3\">0.973 \u00b1 0.002 0.959 \u00b1 0.002 0.925 \u00b1 0.001</td><td>0.861 \u00b1 0.003</td></tr><tr><td colspan=\"4\">ST-MEM (Ours) 0.933 \u00b1 0.003 0.903 \u00b1 0.007 0.804 \u00b1 0.005</td><td colspan=\"3\">0.980 \u00b1 0.001 0.973 \u00b1 0.002 0.937 \u00b1 0.006</td><td>0.866 \u00b1 0.003</td></tr></table>", "text": "Robustness of any lead combinations. 6-lead represents limb leads, I, II, III, aVR, aVL, aVF, while 1-lead is a single lead, I. The bold represents the significant difference (p < 0.05) against other baseline methods. The score indicates the AUROC score.", "type_str": "table"}, "TABREF3": {"html": null, "num": null, "content": "<table><tr><td>Method</td><td colspan=\"2\">PTB-XL CPSC2018</td></tr><tr><td>Spatiotemporal patchifying</td><td>0.805</td><td>0.861</td></tr><tr><td>&amp; Lead-wise shared decoder</td><td>0.822</td><td>0.911</td></tr><tr><td>&amp; SEP embedding</td><td>0.820</td><td>0.929</td></tr><tr><td>&amp; Lead embedding (Ours)</td><td>0.838</td><td>0.938</td></tr></table>", "text": "Effectiveness of lead-wise indication module. Each score indicates the AUROC score.", "type_str": "table"}, "TABREF4": {"html": null, "num": null, "content": "<table><tr><td>Label</td><td>Description</td><td>Subclass</td><td>Superclass</td></tr><tr><td>LAFB</td><td>left anterior fascicular block</td><td colspan=\"2\">LAFB/LPFB CD</td></tr><tr><td>IRBBB</td><td>incomplete right bundle branch block</td><td>IRBBB</td><td>CD</td></tr><tr><td>AVB</td><td>first degree AV block</td><td>AVB</td><td>CD</td></tr><tr><td>IVCD</td><td colspan=\"2\">non-specific intraventricular conduction disturbance (block) IVCD</td><td>CD</td></tr><tr><td>CRBBB</td><td>complete right bundle branch block</td><td>CRBBB</td><td>CD</td></tr><tr><td>CLBBB</td><td>complete left bundle branch block</td><td>CLBBB</td><td>CD</td></tr><tr><td>LPFB</td><td>left posterior fascicular block</td><td colspan=\"2\">LAFB/LPFB CD</td></tr><tr><td>WPW</td><td>Wolff-Parkinson-White syndrome</td><td>WPW</td><td>CD</td></tr><tr><td>ILBBB</td><td>incomplete left bundle branch block</td><td>ILBBB</td><td>CD</td></tr><tr><td>3AVB</td><td>third degree AV block</td><td>AVB</td><td>CD</td></tr><tr><td>2AVB</td><td>second degree AV block</td><td>AVB</td><td>CD</td></tr><tr><td>LVH</td><td>left ventricular hypertrophy</td><td>LVH</td><td>HYP</td></tr><tr><td colspan=\"2\">LAO/LAE left atrial overload/enlargement</td><td>LAO/LAE</td><td>HYP</td></tr><tr><td>RVH</td><td>right ventricular hypertrophy</td><td>RVH</td><td>HYP</td></tr><tr><td colspan=\"2\">RAO/RAE right atrial overload/enlargement</td><td>RAO/RAE</td><td>HYP</td></tr><tr><td>SEHYP</td><td>septal hypertrophy</td><td>SEHYP</td><td>HYP</td></tr><tr><td>IMI</td><td>inferior myocardial infarction</td><td>IMI</td><td>Ml</td></tr><tr><td>ASMI</td><td>anteroseptal myocardial infarction</td><td>AMI</td><td>Ml</td></tr><tr><td>ILMI</td><td>inferolateral myocardial infarction</td><td>IMI</td><td>Ml</td></tr><tr><td>AMI</td><td>anterior myocardial infarction</td><td>AMI</td><td>Ml</td></tr><tr><td>ALMI</td><td>anterolateral myocardial infarction</td><td>AMI</td><td>Ml</td></tr><tr><td>INJAS</td><td>subendocardial injury in anteroseptal leads</td><td>AMI</td><td>Ml</td></tr><tr><td>LMI</td><td>lateral myocardial infarction</td><td>LMI</td><td>Ml</td></tr><tr><td>INJAL</td><td>subendocardial injury in anterolateral leads</td><td>AMI</td><td>Ml</td></tr><tr><td>IPLMI</td><td>inferoposterolateral myocardial infarction</td><td>IMI</td><td>Ml</td></tr><tr><td>IPMI</td><td>inferoposterior myocardial infarction</td><td>IMI</td><td>Ml</td></tr><tr><td>INJIN</td><td>subendocardial injury in inferior leads</td><td>IMI</td><td>Ml</td></tr><tr><td>PMI</td><td>posterior myocardial infarction</td><td>PMI</td><td>Ml</td></tr><tr><td>INJLA</td><td>subendocardial injury in lateral leads</td><td>AMI</td><td>Ml</td></tr><tr><td>INJIL</td><td>subendocardial injury in inferolateral leads</td><td>IMI</td><td>Ml</td></tr><tr><td>NORM</td><td>normal ECG</td><td>NORM</td><td>NORM</td></tr><tr><td>NDT</td><td>non-diagnostic T abnormalities</td><td>STTC</td><td>STTC</td></tr><tr><td>NST</td><td>non-specific ST changes</td><td>NST</td><td>STTC</td></tr><tr><td>DIG</td><td>digitalis-effect</td><td>STTC</td><td>STTC</td></tr><tr><td>LNGQT</td><td>long QT-interval</td><td>STTC</td><td>STTC</td></tr><tr><td>ISC</td><td>non-specific ischemic</td><td>ISC</td><td>STTC</td></tr><tr><td>ISCAL</td><td>ischemic in anterolateral leads</td><td>ISCA</td><td>STTC</td></tr><tr><td>ISCIN</td><td>ischemic in inferior leads</td><td>ISCI</td><td>STTC</td></tr><tr><td>ISCIL</td><td>ischemic in inferolateral leads</td><td>ISCI</td><td>STTC</td></tr><tr><td>ISCAS</td><td>ischemic in anteroseptal leads</td><td>ISCA</td><td>STTC</td></tr><tr><td>ISCLA</td><td>ischemic in lateral leads</td><td>ISCA</td><td>STTC</td></tr><tr><td>ANEUR</td><td>ST-T changes compatible with ventricular aneurysm</td><td>STTC</td><td>STTC</td></tr><tr><td>EL</td><td>electrolytic disturbance or drug (former EDIS)</td><td>STTC</td><td>STTC</td></tr><tr><td>ISCAN</td><td>ischemic in anterior leads</td><td>ISCA</td><td>STTC</td></tr></table>", "text": "Description of each diagnostic label of PTB-XL.", "type_str": "table"}, "TABREF5": {"html": null, "num": null, "content": "<table><tr><td>Label</td><td>Description</td></tr><tr><td colspan=\"2\">NORMAL normal ECG</td></tr><tr><td>AF</td><td>atrial fibrillation</td></tr><tr><td>1AVB</td><td>first-degree atrioventricular block</td></tr><tr><td>LBBB</td><td>left bundle branch block</td></tr><tr><td>RBBB</td><td>right bundle branch block</td></tr><tr><td>PAC</td><td>premature atrial contraction</td></tr><tr><td>PVC</td><td>premature ventricular contraction</td></tr><tr><td>STD</td><td>ST-segment depression</td></tr><tr><td>STE</td><td>ST-segment elevated</td></tr></table>", "text": "Description of each label of CPSC2018.", "type_str": "table"}, "TABREF6": {"html": null, "num": null, "content": "<table><tr><td>Label</td><td>Description</td></tr><tr><td>NORMAL</td><td>normal sinus rhythm</td></tr><tr><td>AF</td><td>atrial fibrillation</td></tr><tr><td colspan=\"2\">OTHER RHYTHM alternative rhythm</td></tr><tr><td>NOISY</td><td>too noisy to be classified</td></tr></table>", "text": "Description of each label of PhysioNet2017.", "type_str": "table"}, "TABREF7": {"html": null, "num": null, "content": "<table><tr><td/><td colspan=\"2\"># ECGs NORMAL</td><td>MI</td><td>STTC</td><td>CD</td><td>HYP</td></tr><tr><td>Original</td><td>21837</td><td>9528</td><td colspan=\"4\">5486 5250 4907 2655</td></tr><tr><td>After removing ECGs</td><td>16272</td><td>9083</td><td colspan=\"4\">2538 2406 1709 536</td></tr><tr><td>Train</td><td>11390</td><td>6379</td><td colspan=\"4\">1752 1706 1177 376</td></tr><tr><td>Valid</td><td>3255</td><td>1797</td><td>507</td><td>460</td><td>373</td><td>118</td></tr><tr><td>Test</td><td>1627</td><td>907</td><td>279</td><td>240</td><td>159</td><td>42</td></tr></table>", "text": "The number of instances (ECGs) of downstream dataset PTB-XL.", "type_str": "table"}, "TABREF8": {"html": null, "num": null, "content": "<table><tr><td/><td colspan=\"2\"># ECGs NORMAL</td><td>AF</td><td colspan=\"7\">1AVB LBBB RBBB PAC PVC STD STE</td></tr><tr><td>Original</td><td>6877</td><td>918</td><td>1098</td><td>704</td><td>207</td><td>1695</td><td>574</td><td>653</td><td>826</td><td>202</td></tr><tr><td>After cropping ECGs</td><td>9364</td><td>1201</td><td>1593</td><td>900</td><td>300</td><td>2357</td><td colspan=\"4\">1014 1256 1102 332</td></tr><tr><td>After removing ECGs</td><td>8682</td><td>1201</td><td>1266</td><td>840</td><td>225</td><td>1911</td><td colspan=\"3\">892 1104 971</td><td>272</td></tr><tr><td>Train</td><td>6077</td><td>849</td><td>865</td><td>585</td><td>161</td><td>1336</td><td>636</td><td>779</td><td>673</td><td>193</td></tr><tr><td>Valid</td><td>868</td><td>113</td><td>131</td><td>84</td><td>18</td><td>212</td><td>85</td><td>113</td><td>86</td><td>26</td></tr><tr><td>Test</td><td>1737</td><td>239</td><td>270</td><td>171</td><td>46</td><td>363</td><td>171</td><td>212</td><td>212</td><td>53</td></tr></table>", "text": "The number of instances (ECGs) of downstream dataset CPSC2018.", "type_str": "table"}, "TABREF9": {"html": null, "num": null, "content": "<table><tr><td/><td colspan=\"2\"># ECGs Normal</td><td>AF</td><td colspan=\"2\">OTHER RHYTHM NOISY</td></tr><tr><td>Original</td><td>8528</td><td>5154</td><td>771</td><td>2557</td><td>46</td></tr><tr><td>After cropping ECGs</td><td>26940</td><td colspan=\"2\">15765 2317</td><td>8237</td><td>621</td></tr><tr><td>Train</td><td>18771</td><td colspan=\"2\">10946 1608</td><td>5778</td><td>439</td></tr><tr><td>Valid</td><td>2710</td><td>1537</td><td>217</td><td>875</td><td>81</td></tr><tr><td>Test</td><td>5459</td><td>3282</td><td>492</td><td>1584</td><td>101</td></tr></table>", "text": "The number of instances (ECGs) of downstream dataset PhysioNet2017.", "type_str": "table"}, "TABREF10": {"html": null, "num": null, "content": "<table><tr><td>Methods</td><td>1%</td><td>PTB-XL 5%</td><td>100%</td><td>1%</td><td>CPSC2018 5%</td><td>100%</td></tr><tr><td>Supervised</td><td colspan=\"3\">0.676 \u00b1 0.011 0.736 \u00b1 0.020 0.905 \u00b1 0.004</td><td colspan=\"3\">0.600 \u00b1 0.095 0.609 \u00b1 0.111 0.958 \u00b1 0.002</td></tr><tr><td>MoCo v3</td><td colspan=\"3\">0.797 \u00b1 0.006 0.826 \u00b1 0.015 0.913 \u00b1 0.002</td><td colspan=\"3\">0.791 \u00b1 0.045 0.903 \u00b1 0.019 0.967 \u00b1 0.003</td></tr><tr><td>CMSC</td><td colspan=\"3\">0.648 \u00b1 0.064 0.773 \u00b1 0.023 0.877 \u00b1 0.003</td><td colspan=\"3\">0.625 \u00b1 0.013 0.732 \u00b1 0.038 0.938 \u00b1 0.006</td></tr><tr><td>MTAE</td><td colspan=\"3\">0.707 \u00b1 0.024 0.713 \u00b1 0.001 0.910 \u00b1 0.001</td><td colspan=\"3\">0.670 \u00b1 0.032 0.756 \u00b1 0.013 0.961 \u00b1 0.001</td></tr><tr><td>MTAE+RLM</td><td colspan=\"3\">0.730 \u00b1 0.030 0.730 \u00b1 0.003 0.911 \u00b1 0.004</td><td colspan=\"3\">0.708 \u00b1 0.020 0.726 \u00b1 0.011 0.960 \u00b1 0.002</td></tr><tr><td>MLAE</td><td colspan=\"3\">0.793 \u00b1 0.007 0.838 \u00b1 0.018 0.915 \u00b1 0.001</td><td colspan=\"3\">0.860 \u00b1 0.013 0.922 \u00b1 0.007 0.973 \u00b1 0.002</td></tr><tr><td colspan=\"4\">(250 Hz) CPC  \u2020 0.740 \u00b1 0.057 0.838 \u00b1 0.024 0.933 \u00b1 0.001</td><td colspan=\"3\">0.754 \u00b1 0.015 0.898 \u00b1 0.026 0.974 \u00b1 0.002</td></tr><tr><td colspan=\"4\">(100 Hz) CPC  \u2020 0.773 \u00b1 0.014 0.842 \u00b1 0.043 0.934 \u00b1 0.002</td><td colspan=\"3\">0.762 \u00b1 0.058 0.917 \u00b1 0.016 0.973 \u00b1 0.003</td></tr><tr><td colspan=\"4\">ST-MEM (Ours) 0.815 \u00b1 0.012 0.878 \u00b1 0.011 0.933 \u00b1 0.003</td><td colspan=\"3\">0.897 \u00b1 0.025 0.952 \u00b1 0.004 0.980 \u00b1 0.001</td></tr><tr><td colspan=\"5\">B.2 SELECTING AUGMENTATION FOR PRE-TRAINING MOCO V3</td><td/><td/></tr></table>", "text": "Experiments in low-resource settings. CPC \u2020(Mehari & Strodthoff, 2022) indicates the original implementation of pre-trained model that utilizes pre-training datasets including PTB-XL and CPSC2018. 250 Hz and 100 Hz represent the sampling rate for ECG preprocessing during the fine-tuning stage. Note that CPC was pre-trained in a sample rate of 100 Hz, yet our default sample rate experimental setting is 250 Hz. Furthermore, 1% and 5% indicate random sampling for training and validation data, while the test data remain constant for all results. Three different samplings were conducted, and the results were averaged. 12-lead ECG signals are used for each result, and the scores represent AUROC scores.", "type_str": "table"}, "TABREF11": {"html": null, "num": null, "content": "<table><tr><td>Methods</td><td>Accuracy</td><td>PTB-XL F1</td><td>AUROC</td><td colspan=\"2\">CPSC2018 Accuracy F1</td><td>AUROC</td></tr><tr><td/><td colspan=\"3\">Linear Evaluation</td><td/><td/><td/></tr><tr><td>MoCo v3, 4 augmentations</td><td>0.552</td><td>0.142</td><td>0.709</td><td>0.209</td><td>0.038</td><td>0.644</td></tr><tr><td>MoCo v3, 8 augmentations</td><td>0.552</td><td>0.142</td><td>0.739</td><td>0.268</td><td>0.08</td><td>0.712</td></tr><tr><td/><td/><td colspan=\"2\">Fine-tuning</td><td/><td/><td/></tr><tr><td>MoCo v3, 4 augmentations</td><td>0.798</td><td>0.636</td><td>0.915</td><td>0.833</td><td>0.816</td><td>0.967</td></tr><tr><td>MoCo v3, 8 augmentations</td><td>0.799</td><td>0.644</td><td>0.910</td><td>0.852</td><td>0.838</td><td>0.967</td></tr></table>", "text": "Linear evaluation and fine-tuning performance of MoCo v3 on PTB-XL and CPSC2018.", "type_str": "table"}, "TABREF12": {"html": null, "num": null, "content": "<table><tr><td>Label</td><td>Description</td></tr><tr><td>NDT</td><td>non-diagnostic T abnormalities</td></tr><tr><td>NST</td><td>non-specific ST changes</td></tr><tr><td>DIG</td><td>digitalis-effect</td></tr><tr><td colspan=\"2\">LNGQT long QT-interval</td></tr><tr><td colspan=\"2\">ABQRS abnormal QRS</td></tr><tr><td>PVC</td><td>ventricular premature complex</td></tr><tr><td>STD</td><td>non-specific ST depression</td></tr><tr><td colspan=\"2\">VCLVH voltage criteria (QRS) for left ventricular hypertrophy</td></tr><tr><td colspan=\"2\">QWAVE Q waves present</td></tr><tr><td>LOWT</td><td>low amplitude T-waves</td></tr><tr><td>NT</td><td>non-specific T-wave changes</td></tr><tr><td>PAC</td><td>atrial premature complex</td></tr><tr><td>LPR</td><td>prolonged PR interval</td></tr><tr><td>INVT</td><td>inverted T-waves</td></tr><tr><td>LVOLT</td><td>low QRS voltages in the frontal and horizontal leads</td></tr><tr><td colspan=\"2\">HVOLT high QRS voltage</td></tr><tr><td>TAB</td><td>T-wave abnormality</td></tr><tr><td>STE</td><td>non-specific ST elevation</td></tr><tr><td>PRC(S)</td><td>premature complex(es)</td></tr></table>", "text": "Description of each form label of PTB-XL.", "type_str": "table"}, "TABREF13": {"html": null, "num": null, "content": "<table><tr><td>Label</td><td>Description</td></tr><tr><td>SR</td><td>sinus rhythm</td></tr><tr><td>AFIB</td><td>atrial fibrillation</td></tr><tr><td colspan=\"2\">STACH sinus tachycardia</td></tr><tr><td colspan=\"2\">SARRH sinus arrhythmia</td></tr><tr><td colspan=\"2\">SBRAD sinus bradycardia</td></tr><tr><td>PACE</td><td>normal functioning artificial pacemaker</td></tr><tr><td colspan=\"2\">SVARR supraventricular arrhythmia</td></tr><tr><td>BIGU</td><td>bigeminal pattern (unknown origin, SV or Ventricular)</td></tr><tr><td>AFLT</td><td>atrial flutter</td></tr><tr><td colspan=\"2\">SVTAC supraventricular tachycardia</td></tr><tr><td>PSVT</td><td>paroxysmal supraventricular tachycardia</td></tr><tr><td colspan=\"2\">TRIGU trigeminal pattern (unknown origin, SV or Ventricular)</td></tr></table>", "text": "Description of each rhythm label of PTB-XL.", "type_str": "table"}, "TABREF14": {"html": null, "num": null, "content": "<table><tr><td>Methods</td><td>Subclass</td><td>Categories Form</td><td>Rhythm</td></tr><tr><td>Supervised</td><td colspan=\"3\">0.914 \u00b1 0.002 0.829 \u00b1 0.021 0.934 \u00b1 0.003</td></tr><tr><td>MTAE</td><td colspan=\"3\">0.911 \u00b1 0.001 0.793 \u00b1 0.014 0.920 \u00b1 0.005</td></tr><tr><td colspan=\"4\">ST-MEM (Ours) 0.929 \u00b1 0.001 0.895 \u00b1 0.008 0.966 \u00b1 0.004</td></tr></table>", "text": "Fine-tuning average AUROC results for different settings of PTB-XL.", "type_str": "table"}, "TABREF15": {"html": null, "num": null, "content": "<table><tr><td>Method</td><td>Lead I</td><td>Lead II</td><td>Lead III</td><td>PTB-XL Lead aVR</td><td>Lead aVL</td><td>Lead aVF</td></tr><tr><td>MTAE+RLM</td><td colspan=\"6\">0.795 \u00b1 0.003 0.833 \u00b1 0.002 0.742 \u00b1 0.005 0.839 \u00b1 0.002 0.753 \u00b1 0.006 0.801 \u00b1 0.003</td></tr><tr><td>MLAE</td><td colspan=\"6\">0.797 \u00b1 0.001 0.826 \u00b1 0.003 0.743 \u00b1 0.006 0.830 \u00b1 0.003 0.753 \u00b1 0.004 0.793 \u00b1 0.002</td></tr><tr><td colspan=\"7\">ST-MEM (Ours) 0.804 \u00b1 0.005 0.856 \u00b1 0.002 0.788 \u00b1 0.019 0.840 \u00b1 0.003 0.805 \u00b1 0.003 0.819 \u00b1 0.022</td></tr><tr><td>B.5</td><td/><td/><td/><td/><td/><td/></tr></table>", "text": "Results of single lead on PTB-XL. Each value indicates the AUROC score. RESULTS OF SINGLE LEAD ECGS IN A LOW-RESOURCE SETTINGWhile smart devices readily supply unlabeled single lead ECGs, we believe acquiring a small number of labeled ECGs from cardiologists is a feasible endeavor. As demonstrated in Table19, we show the results of single lead ECGs in low-resource settings. Leveraging the capabilities of general ECG representation learning, ST-MEM consistently surpasses the performance of the supervised baseline model. Notably, ST-MEM achieves an AUROC score of 0.786 using only 5% of lead II ECGs.", "type_str": "table"}, "TABREF16": {"html": null, "num": null, "content": "<table><tr><td/><td/><td/><td colspan=\"2\">PTB-XL</td><td/><td/></tr><tr><td>Method</td><td>Lead I</td><td>Lead II</td><td>Lead III</td><td>Lead aVR</td><td>Lead aVL</td><td>Lead aVF</td></tr><tr><td/><td/><td/><td>1%</td><td/><td/><td/></tr><tr><td>Supervised</td><td/><td/><td/><td/><td/><td/></tr></table>", "text": "Experiments of low-resource settings using single lead ECGs. 1% and 5% indicate the random sampling for training and validation data; however, the test data are the same for all results. Three different sampling was done, and the results were averaged. The score represents the AUROC scores.", "type_str": "table"}, "TABREF17": {"html": null, "num": null, "content": "<table><tr><td colspan=\"2\">Ablation [SEP] embedding Lead embedding</td><td>AUROC</td></tr><tr><td>\u2717</td><td>\u2717</td><td>0.822</td></tr><tr><td>\u2717</td><td>\u2713</td><td>0.830</td></tr><tr><td>\u2713</td><td>\u2717</td><td>0.820</td></tr><tr><td>\u2713</td><td>\u2713</td><td>0.838</td></tr><tr><td colspan=\"3\">B.8 ADDITIONAL ANALYSIS OF SELF-ATTENTION MAPS OF ST-MEM</td></tr></table>", "text": "Ablation on lead indicating modules.", "type_str": "table"}, "TABREF18": {"html": null, "num": null, "content": "<table/>", "text": "is classification results of the fine-tuned model on HAR. ST-MEM shows comparable performances, which implies that our proposed model can be extended to the general multi-variate time series domain.", "type_str": "table"}, "TABREF19": {"html": null, "num": null, "content": "<table><tr><td>Methods</td><td>HAR Accuracy</td><td>F1</td></tr><tr><td>Supervised</td><td>0.964</td><td>0.967</td></tr><tr><td>MTAE</td><td>0.965</td><td>0.968</td></tr><tr><td>ST-MEM (Ours)</td><td>0.983</td><td>0.984</td></tr></table>", "text": "Fine-tuning results of human activity classification tasks.", "type_str": "table"}}}}