{"paper_id": "vocos", "title": "VOCOS: CLOSING THE GAP BETWEEN TIME-DOMAIN AND FOURIER-BASED NEURAL VOCODERS FOR HIGH-QUALITY AUDIO SYNTHESIS", "abstract": "Recent advancements in neural vocoding are predominantly driven by Generative Adversarial Networks (GANs) operating in the time-domain. While effective, this approach neglects the inductive bias offered by time-frequency representations, resulting in reduntant and computionally-intensive upsampling operations. Fourierbased time-frequency representation is an appealing alternative, aligning more accurately with human auditory perception, and benefitting from well-established fast algorithms for its computation. Nevertheless, direct reconstruction of complexvalued spectrograms has been historically problematic, primarily due to phase recovery issues. This study seeks to close this gap by presenting Vocos, a new model that directly generates Fourier spectral coefficients. Vocos not only matches the state-of-the-art in audio quality, as demonstrated in our evaluations, but it also substantially improves computational efficiency, achieving an order of magnitude increase in speed compared to prevailing time-domain neural vocoding approaches. The source code and model weights have been open-sourced at https://github.com/gemelo-ai/vocos.", "pdf_parse": {"paper_id": "vocos", "abstract": [{"text": "Recent advancements in neural vocoding are predominantly driven by Generative Adversarial Networks (GANs) operating in the time-domain. While effective, this approach neglects the inductive bias offered by time-frequency representations, resulting in reduntant and computionally-intensive upsampling operations. Fourierbased time-frequency representation is an appealing alternative, aligning more accurately with human auditory perception, and benefitting from well-established fast algorithms for its computation. Nevertheless, direct reconstruction of complexvalued spectrograms has been historically problematic, primarily due to phase recovery issues. This study seeks to close this gap by presenting Vocos, a new model that directly generates Fourier spectral coefficients. Vocos not only matches the state-of-the-art in audio quality, as demonstrated in our evaluations, but it also substantially improves computational efficiency, achieving an order of magnitude increase in speed compared to prevailing time-domain neural vocoding approaches. The source code and model weights have been open-sourced at https://github.com/gemelo-ai/vocos.", "section": "Abstract", "sec_num": null}], "body_text": [{"text": "Sound synthesis, the process of generating audio signals through electronic and computational means, has a long and rich history of innovation . Within the scope of text-to-speech (TTS), concatenative synthesis (Moulines & Charpentier, 1990; Hunt & Black, 1996) and statistical parametric synthesis (Yoshimura et al., 1999) were the prevailing approaches. The latter strategy relied on a source-filter theory of speech production, where the speech signal was seen as being produced by a source (the vocal cords) and then shaped by a filter (the vocal tract). In this framework, various parameters such as pitch, vocal tract shape, and voicing were estimated and then used to control a vocoder (Dudley, 1939) which would reconstruct the final audio signal. While vocoders evolved significantly (Kawahara et al., 1999; Morise et al., 2016) , they tended to oversimplify speech production, generating a distinctive \"buzzy\" sound and thus compromising the naturalness of the speech.", "section": "INTRODUCTION", "sec_num": "1"}, {"text": "A significant breakthrough in speech synthesis was achieved with the introduction of WaveNet (Oord et al., 2016) , a deep generative model for raw audio waveforms. WaveNet proposed a novel approach to handle audio signals by modeling them autoregressively in the time-domain, using dilated convolutions to broaden receptive fields and consequently capture long-range temporal dependencies. In contrast to the traditional parametric vocoders which incorporate prior knowledge about audio signals, WaveNet solely depends on end-to-end learning.", "section": "INTRODUCTION", "sec_num": "1"}, {"text": "Since the advent of WaveNet, modeling distribution of audio samples in the time-domain has become the most popular approach in the field of audio synthesis. The primary methods have fallen into two major categories: autoregressive models and non-autoregressive models. Autoregressive models, like WaveNet, generate audio samples sequentially, conditioning each new sample on all previously generated ones (Mehri et al., 2016; Kalchbrenner et al., 2018; Valin & Skoglund, 2019) . On the other hand, nonautoregressive models generate all samples independently, parallelizing the process and making it more computationally efficient (Oord et al., 2018; Prenger et al., 2019; Donahue et al., 2018) . Figure 1 : This illustrates the phase wrapping using an example sinusoidal signal (b) generated with a time-varying frequency (a). The instantaneous phase, \u03c6(t), is shown in (c). The apparent discontinuities observed around -\u03c0 and \u03c0 are the result of phase wrapping. Nevertheless, when viewed on the complex plane, these discontinuities represent continuous rotations. The instantaneous phase is computed as \u03c6(t) = arg {\u015d(t)}, where \u015d(t) denotes the Hilbert transform of s(t) = sin(\u03c9t).", "section": "INTRODUCTION", "sec_num": "1"}, {"text": "Despite considerable advancements in time-domain audio synthesis, efforts to generate spectral representations of signals have been relatively limited. While it's possible to perfectly reconstruct the original signal from its Short-Time Fourier Transform (STFT), in many applications, only the magnitude of the STFT is utilized, leading to inherent information loss. The magnitude of the STFT provides a clear understanding of the signal by indicating the amplitude of different frequency components throughout its duration. In contrast, phase information is less intuitive and its manipulation can often yield unpredictable results.", "section": "CHALLENGES OF MODELING PHASE SPECTRUM", "sec_num": "1.1"}, {"text": "Modeling the phase distribution presents challenges due to its intricate nature in the time-frequency domain. Phase spectrum exhibits a periodic structure causing wrapping around the principal values within the range of (-\u03c0, \u03c0] (Figure 1 ). Furthermore, the literature does not provide a definitive answer regarding the perceptual importance of phase-related information in speech (Wang & Lim, 1982; Paliwal et al., 2011) . However, improved phase spectrum estimates have been found to minimize perceptual impairments (Saratxaga et al., 2012) . Researchers have explored the use of deep learning for directly modeling the phase spectrum, but this remains a challenging area (Williamson et al., 2015) .", "section": "CHALLENGES OF MODELING PHASE SPECTRUM", "sec_num": "1.1"}, {"text": "Attempts to model Fourier-related coefficients with generative models have not achieved the same level of success as has been seen with modeling audio in the time-domain. This study focuses on bridging that gap with the following contributions:", "section": "CONTRIBUTION", "sec_num": "1.2"}, {"text": "\u2022 We propose Vocos -a GAN-based vocoder, trained to produce complex STFT coefficients of an audio clip. Unlike conventional neural vocoder architectures that rely on transposed convolutions for upsampling, this work proposes maintaining the same feature temporal resolution across all layers. The upsampling to waveform is realized through the Inverse Fast Fourier Transform.", "section": "CONTRIBUTION", "sec_num": "1.2"}, {"text": "\u2022 To estimate phase angles, we propose a simple activation function defined in terms of a unit circle. This approach naturally incorporates implicit phase wrapping, ensuring meaningful values across all phase angles.", "section": "CONTRIBUTION", "sec_num": "1.2"}, {"text": "\u2022 As Vocos maintains a low temporal resolution throughout the network, we revisited the need to use dilated convolutions, typical to time-domain vocoders. Our results indicate that integrating ConvNeXt (Liu et al., 2022) blocks contributes to better performance.", "section": "CONTRIBUTION", "sec_num": "1.2"}, {"text": "\u2022 Our extensive evaluation shows that Vocos matches the state-of-the-art in audio quality while demonstrating over an order of magnitude increase in speed compared to time-domain counterparts. The source code and model weights have been made open-source, enabling further exploration and potential advancements in the field of neural vocoding.", "section": "CONTRIBUTION", "sec_num": "1.2"}, {"text": "GAN-based vocoders Generative Adversarial Networks (GANs) (Goodfellow et al., 2014) , have achieved significant success in image generation, sparking interest from audio researchers due to their ability for fast and parallel waveform generation (Donahue et al., 2018; Engel et al., 2018) . Progress was made with the introduction of advanced critics, such as the multi-scale discriminator (MSD) (Kumar et al., 2019) and the multi-period discriminator (MPD) (Kong et al., 2020) . These works also adopted a feature-matching loss to minimize the distance between the discriminator feature maps of real and synthetic audio. To discriminate between real and generated samples, also multi-resolution spectrograms (MRD) were employed (Jang et al., 2021) .", "section": "RELATED WORK", "sec_num": "2"}, {"text": "At this point the standard practice involves using a stack of dilated convolutions to increase the receptive field, and transposed convolutions to sequentially upsample the feature sequence to the waveform. However, this design is known to be susceptible to aliasing artifacts, and there are works suggesting more specialized modules for both the discriminator (Bak et al., 2022) and generator (Lee et al., 2022) . The historical jump in quality is largely attributed to discriminators that are able to capture implicit structures by examining input audio signal at various periods or scales. It has been argued (You et al., 2021) that the architectural details of the generators do not significantly affect the vocoded outcome, given a well-established multi-resolution discriminating framework. Contrary to these methods, Vocos presents a carefully designed, frequency-aware generator that models the distribution of Fourier spectral coefficients, rather than modeling waveforms in the time domain.", "section": "RELATED WORK", "sec_num": "2"}, {"text": "Phase and magnitude estimation Historically, the phase estimation problem has been at the core of audio signal reconstruction. Traditional methods usually rely on the Griffin-Lim algorithm (Griffin & Lim, 1984) , which iteratively estimate the phase by enforcing spectrogram consistency. However, the Griffin-Lim method introduces unnatural artifacts into synthesized speech. Several methods have been proposed for reconstructing phase using deep neural networks, including likelihood-based approaches (Takamichi et al., 2018) and GANs (Oyamada et al., 2018) . Another line of work suggests perceptual phase quantization (Kim, 2003) , which has proven promising in deep learning by treating the phase estimation problem as a classification problem (Takahashi et al., 2018) .", "section": "RELATED WORK", "sec_num": "2"}, {"text": "Despite their effectiveness, these models assume the availability of a full-scale magnitude spectrogram, while modern audio synthesis pipelines often employ more compact representations, such as melspectrograms (Shen et al., 2018) . Furthermore, recent research is focusing on leveraging latent features extracted by pretrained deep learning models (Polyak et al., 2021; Siuzdak et al., 2022) .", "section": "RELATED WORK", "sec_num": "2"}, {"text": "Closer to this paper are studies that estimate both the magnitude and phase spectrum. This can be done either implicitly, by predicting the real and imaginary parts of the STFT, or explicitly, by parameterizing the model to generate the phase and magnitude components. In the former category, Gritsenko et al. (2020) presents a variant of a model trained to produce STFT coefficients. They recognized the significance of adversarial objective in preventing robotic sound quality, however they were unable to train it successfully due to its inherent instability. On the other hand, iSTFTNet (Kaneko et al., 2022) proposes modifications to HiFi-GAN, enabling it to return magnitude and phase spectrum. However, their optimal model only replaces the last two upsample blocks with inverse STFT, leaving the majority of the upsampling to be realized with transposed convolutions. They find that replacing more upsampling layers drastically degrades the quality. Pasini & Schl\u00fcter (2022) were able to successfully model the magnitude and phase spectrum of audio with higher frequency resolution, although it required multi-step training (Caillon & Esling, 2021) , because of the adversarial objective instability. Also, the initial studies using GANs to generate invertible spectrograms involved estimating instantaneous frequency (Engel et al., 2018) . However, these were limited to a single dataset containing only individual musical instrument notes, with the assumption of a constant instantaneous frequency.", "section": "RELATED WORK", "sec_num": "2"}, {"text": "At its core, the proposed GAN model uses Fourier-based time-frequency representation as the target data distribution for the generator. Vocos is constructed without any transposed convolutions; instead, the upsample operation is realized solely through the fast inverse STFT. This approach permits a unique model design compared to time-domain vocoders, which typically employ a series of upsampling layers to inflate input features to the target waveform's resolution, often necessitating upscaling by several hundred times. In contrast, Vocos maintains the same temporal resolution throughout the network (Figure 2 ). This design, known as an isotropic architecture, has been found to work well in various settings, including Transformer (Vaswani et al., 2017) . This approach can also be particularly beneficial for audio synthesis. Traditional methods often use transposed convolutions that can introduce aliasing artifacts, necessitating additional measures to mitigate the issue (Karras et al., 2021; Lee et al., 2022) . Vocos eliminates learnable upsampling layers, and instead employs the well-establish inverse Fourier transform to reconstruct the original-scale waveform. In the context of converting mel-spectrograms into audio signal, the temporal resolution is dictated by the hop size of the STFT.", "section": "OVERVIEW", "sec_num": "3.1"}, {"text": "Vocos uses the Short-Time Fourier Transform (STFT) to represent audio signals in the time-frequency domain:", "section": "OVERVIEW", "sec_num": "3.1"}, {"text": "STFT x [m, k] = N -1 n=0 x[n]w[n -m]e -j2\u03c0kn/N (1)", "section": "OVERVIEW", "sec_num": "3.1"}, {"text": "The STFT applies the Fourier transform to successive windowed sections of the signal. In practice, the STFT is computed by taking a sequence of Fast Fourier Transforms (FFTs) on overlapping, windowed frames of data, which are created as the window function advances or \"hops\" through time.", "section": "OVERVIEW", "sec_num": "3.1"}, {"text": "Backbone Vocos adapts ConvNeXt (Liu et al., 2022) as the foundational backbone for the generator. It first embeds the input features into a hidden dimensionality and then applies a stack of 1D convolutional blocks. Each block consists of a depthwise convolution, followed by an inverted bottleneck that projects features into a higher dimensionality using pointwise convolution. GELU (Gaussian Error Linear Unit) activations are used within the bottleneck, and Layer Normalization is employed between the blocks.", "section": "MODEL", "sec_num": "3.2"}, {"text": "Head Fourier transform of real-valued signals is conjugate symmetric, so we use only a single side band spectrum, resulting in n f f t /2 + 1 coefficients per frame. As we parameterize the model to output phase and magnitude values, hidden-dim activations are projected into a tensor h with n f f t + 2 channels and splitted into:", "section": "MODEL", "sec_num": "3.2"}, {"text": "m, p = h[1 : (n f f t /2 + 1)], h[(n f f t /2 + 2) : n]", "section": "MODEL", "sec_num": "3.2"}, {"text": "To represent the magnitude, we apply the exponential function to m: M = exp(m).", "section": "MODEL", "sec_num": "3.2"}, {"text": "We map p onto the unit circle by calculating the cosine and sine of p to obtain x and y, respectively:", "section": "MODEL", "sec_num": "3.2"}, {"text": "x = cos(p) y = sin(p)", "section": "MODEL", "sec_num": "3.2"}, {"text": "Finally, we represent complex-valued coefficients as: STFT = M \u2022 (x + jy).", "section": "MODEL", "sec_num": "3.2"}, {"text": "Importantly, this simple formulation allows to express phase angle \u03c6 = atan2(y, x) for any real argument p, and it ensures that \u03c6 is correctly wrapped into the desired range (-\u03c0, \u03c0].", "section": "MODEL", "sec_num": "3.2"}, {"text": "Discriminator We employ the multi-period discriminator (MPD) as defined by Kong et al. (2020) , and multi-resolution discriminator (MRD) (Jang et al., 2021) .", "section": "MODEL", "sec_num": "3.2"}, {"text": "Following the approach proposed by Kong et al. (2020) , the training objective of Vocos consists of reconstruction loss, adversarial loss and feature matching loss. However, we adopt a hinge loss formulation instead of the least squares GAN objective, as suggested by Zeghidour et al. (2021) :", "section": "LOSS", "sec_num": "3.3"}, {"text": "\u2113 G ( x) = 1 K k max (0, 1 -D k ( x)) \u2113 D (x, x) = 1 K k max (0, 1 -D k (x)) + max (0, 1 + D k ( x))", "section": "LOSS", "sec_num": "3.3"}, {"text": "where D k is the kth subdiscriminator. The reconstruction loss, denoted as L mel , is defined as the L1 distance between the mel-scaled magnitude spectrograms of the ground truth sample x and the synthesized sample: x: L mel = \u2225M(x) -M( x)\u2225 1 . The feature matching loss, denoted as L f eat is calculated as the mean of the distances between the lth feature maps of the kth subdistriminator:", "section": "LOSS", "sec_num": "3.3"}, {"text": "L f eat = 1 KL k l D l k (x) -D l k ( x) 1 .", "section": "LOSS", "sec_num": "3.3"}, {"text": "Reconstructing audio waveforms from mel-spectrograms has become a fundamental task for vocoders in contemporary speech synthesis pipelines. In this section, we assess the performance of Vocos relative to established baseline methods.", "section": "MEL-SPECTROGRAMS", "sec_num": "4.1"}, {"text": "Data The models are trained on the LibriTTS dataset (Zen et al., 2019) , from which we use the entire training subset (both train-clean and train-other). We maintain the original sampling rate of 24 kHz for the audio files. For each audio sample, we compute mel-scaled spectrograms using parameters: n f f t = 1024, hop n = 256, and the number of Mel bins is set to 100. A random gain is applied to the audio samples, resulting in a maximum level between -1 and -6 dBFS.", "section": "MEL-SPECTROGRAMS", "sec_num": "4.1"}, {"text": "Training Details We train our models up to 2 million iterations, with 1 million iterations per generator and discriminator. During training, we randomly crop the audio samples to 16384 samples and use a batch size of 16. The model is optimized using the AdamW optimizer with an initial learning rate of 2e-4 and betas set to (0.9, 0.999). The learning rate is decayed following a cosine schedule. Baseline Methods Our proposed model, Vocos, is compared to: iSTFTNet (Kaneko et al., 2022) , BigVGAN (Lee et al., 2022) , and HiFi-GAN (Kong et al., 2020) . These models are retrained on the same LibriTTS subset for up to 2 million iterations, following the original training details recommended by the authors. We use the official implementations of BigVGAN1 and HiFi-GAN2 , and a community open-sourced version of iSTFTNet3 .", "section": "MEL-SPECTROGRAMS", "sec_num": "4.1"}, {"text": "Objective Evaluation For objective evaluation of our models, we employ the UTMOS (Saeki et al., 2022) automatic Mean Opinion Score (MOS) prediction system. Although UTMOS can yield scores highly correlated with human evaluations, it is restricted to 16 kHz sample rate. To assess perceptual quality, we also utilize ViSQOL (Chinen et al., 2020) in audio-mode, which operates in the full band.", "section": "EVALUATION", "sec_num": "4.1.1"}, {"text": "Our evaluation process also encompasses several other metrics, including the Perceptual Evaluation of Speech Quality (PESQ) (Rix et al., 2001) , periodicity error, and the F1 score for voiced/unvoiced classification (V/UV F1), following the methodology proposed by Morrison et al. (2021) . The results are presented in Table 1 . Vocos achieves superior performance in most of the metrics compared to the other models. It obtains the highest scores in VISQOL and PESQ. Importantly, it also effectively mitigates the periodicity issues frequently associated with time-domain GANs. BigVGAN stands out as the closest competitor, especially in the UTMOS metric, where it slightly outperforms Vocos.", "section": "EVALUATION", "sec_num": "4.1.1"}, {"text": "In our ablation study, we examined the impact of specific design decisions on Vocos's performance:", "section": "EVALUATION", "sec_num": "4.1.1"}, {"text": "\u2022 Vocos with absolute phase: In this variant, we predict phase angles using a tanh nonlinearity, scaled to fit within the range of [-\u03c0, \u03c0] . This formulation does not give the model an inductive bias regarding the periodic nature of phase, and the results show it leads to degraded quality. This finding emphasizes the importance of implicit phase wrapping in the effectiveness of Vocos.", "section": "EVALUATION", "sec_num": "4.1.1"}, {"text": "\u2022 Vocos with Snake activation: Although Snake (Ziyin et al., 2020) has been shown to enhance time-domain vocoders such as BigVGAN, in our case, it did not result in performance gains; in fact, it showed a slight decline. The primary purpose of the Snake function is to induce periodicity, addressing the limitations of time-domain vocoders. Vocos, on the other hand, explicitly incorporates periodicity through the use of Fourier basis functions, eliminating the need for specialized modules like Snake.", "section": "EVALUATION", "sec_num": "4.1.1"}, {"text": "\u2022 Vocos without ConvNeXt: Replacing ConvNeXt blocks with traditional ResBlocks with dilated convolutions, slightly lowers scores across all evaluated metrics. This finding highlights the integral role of ConvNeXt blocks in Vocos, contributing significantly to its overall success. Subjective Evaluation We conducted crowd-sourced subjective assessments, using a 5-point Mean Opinion Score (MOS) to evaluate the naturalness of the presented recordings. Participants rated speech samples on a scale from 1 ('poor -completely unnatural speech') to 5 ('excellent -completely natural speech'). Following (Lee et al., 2022) , we also conducted a 5-point Similarity Mean Opinion Score (SMOS) between the reproduced and ground-truth recordings. Participants were asked to assign a similarity score to pairs of audio files, with a rating of 5 indicating 'Extremely similar' and a rating of 1 representing 'Not at all similar'.", "section": "EVALUATION", "sec_num": "4.1.1"}, {"text": "To ensure the quality of responses, we carefully selected participants through a third-party crowdsourcing platform. Our criteria included the use of headphones, fluent English proficiency, and a declared interest in music listening as a hobby. A total of 1560 ratings were collected from 39 participants.", "section": "EVALUATION", "sec_num": "4.1.1"}, {"text": "The results are detailed in Table 2 . Vocos performs on par with the state-of-the-art in both perceived quality and similarity. Statistical tests show no significant differences between Vocos and BigVGAN in MOS and SMOS scores, with p-values greater than 0.05 from the Wilcoxon signed-rank test. Out-of-distribution data A crucial aspect of a vocoder is its ability to generalize to unseen acoustic conditions. In this context, we evaluate the performance of Vocos with out-of-distribution audio using the MUSDB18 dataset (Rafii et al., 2017) , which includes a variety of multi-track music audio like vocals, drums, bass, and other instruments, along with the original mixture. The VISQOL scores for this evaluation are provided in Table 3 . From the table, Vocos consistently outperforms the other models, achieving the highest scores across all categories.", "section": "EVALUATION", "sec_num": "4.1.1"}, {"text": "Figure 3 presents spectrogram visualization of an out-of-distribution singing voice sample, as reproduced by different models. Periodicity artifacts are commonly observed when employing time-domain GANs. BigVGAN, with its anti-aliasing filters, is able to recover some of the harmonics in the upper frequency ranges, marking an improvement over HiFi-GAN. Nonetheless, Vocos appears to provide a more accurate reconstruction of these harmonics, without the need for additional modules.", "section": "EVALUATION", "sec_num": "4.1.1"}, {"text": "While traditionally, neural vocoders reconstruct the audio waveform from a mel-scaled spectrogram -an approach widely adopted in many speech synthesis pipelines -recent research has started to utilize learnt features (Siuzdak et al., 2022) , often in a quantized form (Borsos et al., 2022) .", "section": "NEURAL AUDIO CODEC", "sec_num": "4.2"}, {"text": "In this section, we draw a comparison with EnCodec (D\u00e9fossez et al., 2022) , an open-source neural audio codec, which follows a typical time-domain GAN vocoder architecture and uses Residual Vector Quantization (RVQ) (Zeghidour et al., 2021) to compress the latent space. RVQ cascades multiple layers of Vector Quantization, iteratively quantizing the residuals from the previous stage to form a multi-stage structure, thereby enabling support for multiple bandwidth targets. In EnCodec, dedicated discriminators are trained for each bandwidth. In contrast, we have adapted Vocos to be a conditional GAN with a projection discriminator (Miyato & Koyama, 2018) , and have incorporated adaptive layer normalization (Huang & Belongie, 2017) into the generator.", "section": "NEURAL AUDIO CODEC", "sec_num": "4.2"}, {"text": "We utilize the open-source model checkpoint of EnCodec operating at 24 kHz. To align with EnCodec, we scale down Vocos to match its parameter count (7.9M) and train it on clean speech segments sourced from the DNS Challenge (Dubey et al., 2022) . Our evaluation, conducted on the DAPS dataset (Mysore, 2014) and detailed in Table 4 , reveals that despite EnCodec's reconstruction artifacts not significantly impacting PESQ and Periodicity scores, they are considerably reflected in the perceptual score, as denoted by UTMOS. In this regard, Vocos notably outperforms EnCodec. We also performed a crowd-sourced subjective assessment to evaluate the naturalness of these samples. The results, as shown in Table 5 , indicate that Vocos consistently achieves better performance across a range of bandwidths, based on evaluations by human listeners. End-to-end text-to-speech Recent progress in text-to-speech (TTS) has been notably driven by language modeling architectures employing discrete audio tokens. Bark (Suno AI, 2023) , a widely recognized open-source model, leverages a GPT-style, decoder-only architecture, with EnCodec's 6kbps audio tokens serving as its vocabulary. Vocos trained to reconstruct EnCodec tokens can effectively serve as a drop-in replacement vocoder for Bark. We have provided text-to-speech samples from Bark and Vocos on our website and encourage readers to listen to them for a direct comparison.4 .", "section": "Audio reconstruction", "sec_num": null}, {"text": "Our inference speed benchmarks were conducted using an Nvidia Tesla A100 GPU and an AMD EPYC 7542 CPU. The code was implemented in Pytorch, with no hardware-specific optimizations. The forward pass was computed using a batch of 16 samples, each one second long. Table 6 presents the synthesis speed and model footprint of Vocos in comparison to other models.", "section": "INFERENCE SPEED", "sec_num": "4.3"}, {"text": "Vocos showcases notable speed advantages compared to other models, operating approximately 13 times faster than HiFi-GAN and nearly 70 times faster than BigVGAN. This speed advantage is particularly pronounced when running without GPU acceleration. This is primarily due to the use of the Inverse Short-Time Fourier Transform (ISTFT) algorithm instead of transposed convolutions. We also evaluate a variant of Vocos that utilizes ResBlock's dilated convolutions instead of ConvNeXt blocks. Depthwise separable convolutions offer an additional speedup when executed on a GPU. The results demonstrate that the proposed vocoder matches state-of-the-art audio quality while effectively mitigating periodicity issues commonly observed in time-domain GANs. Importantly, Vocos provides a significant computational efficiency advantage over traditional time-domain methods by utilizing inverse fast Fourier transform for upsampling.", "section": "INFERENCE SPEED", "sec_num": "4.3"}, {"text": "Overall, the findings of this study contribute to the advancement of neural vocoding techniques by incorporating the benefits of Fourier-based time-frequency representations. The open-sourcing of the source code and model weights allows for further exploration and application of the proposed vocoder in various audio processing tasks.", "section": "INFERENCE SPEED", "sec_num": "4.3"}, {"text": "While STFT is widely used in audio processing, there are other time-frequency representations with different properties. In audio coding applications, it is desirable to design the analysis/synthesis system in such a way that the overall rate at the output of the analysis stage equals the rate of the input signal. Such systems are described as being critically sampled. When we transform the signal via the DFT, even a slight overlap between adjacent blocks increases the data rate of the spectral representation of the signal. With 50% overlap between adjoining blocks, we end up doubling our data rate.", "section": "A MODIFIED DISCRETE COSINE TRANSFORM (MDCT)", "sec_num": null}, {"text": "The Modified Discrete Cosine Transform (MDCT) with its corresponding Inverse Transform (IMDCT) have become a crucial tool in high-quality audio coding as they enable the implementation of a critically sampled analysis/synthesis filter bank. A key feature of these transforms is the Time-Domain Aliasing Cancellation (TDAC) property, which allows for the perfect reconstruction of overlapping segments from a source signal.", "section": "A MODIFIED DISCRETE COSINE TRANSFORM (MDCT)", "sec_num": null}, {"text": "The MDCT is defined as follows:", "section": "A MODIFIED DISCRETE COSINE TRANSFORM (MDCT)", "sec_num": null}, {"text": "EQUATION", "section": "A MODIFIED DISCRETE COSINE TRANSFORM (MDCT)", "sec_num": null}, {"text": "for k = 0, 1, . . . , N -1 and N is the length of the window.", "section": "A MODIFIED DISCRETE COSINE TRANSFORM (MDCT)", "sec_num": null}, {"text": "The MDCT is a lapped transform and thus produces N output coefficients from 2N input samples, allowing for a 50% overlap between blocks without increasing the data rate.", "section": "A MODIFIED DISCRETE COSINE TRANSFORM (MDCT)", "sec_num": null}, {"text": "There is a relationship between the MDCT and the DFT through the Shifted Discrete Fourier Transform (SDFT) (Wang & Vilermo, 2003) . It can be leveraged to implement a fast version of the MDCT using FFT (Bosi & Goldberg, 2002) . See Appendix A.3.", "section": "A MODIFIED DISCRETE COSINE TRANSFORM (MDCT)", "sec_num": null}, {"text": "MDCT is attractive in audio coding because of its its efficiency and compact representation of audio signals. In the context of deep learning, this might be seen as reduced dimensionality, potentially advantageous as it requires fewer data points during generation.", "section": "A.1 VOCOS AND MDCT", "sec_num": null}, {"text": "While STFT coefficients can be conveniently expressed in polar form, providing a clear interpretation of both magnitude and phase, MDCT represents the signal only in a real subspace of the complex space needed to accurately convey spectral magnitude and phase. Naive approach would be to treat raw unnormalized hidden outputs of the network as MDCT coefficients and convert it back to time-domain with IMDCT. In our preliminary experiments we found that it led to slower convergence. However we can easily observe that the MDCT spectrum, similarly to the STFT, can be more perceptually meaningful on the logarithmic scale, which reflects the logarithmic nature of human auditory perception of sound intensity. But as the MDCT can take also negative values, they cannot be represented using the conventional logarithmic transformation.", "section": "A.1 VOCOS AND MDCT", "sec_num": null}, {"text": "One solution is to utilize a symmetric logarithmic function. In the context of deep learning, Hafner et al. (2023) introduces such function and its inverse, referred to as symlog and symexp respectively:", "section": "A.1 VOCOS AND MDCT", "sec_num": null}, {"text": "EQUATION", "section": "A.1 VOCOS AND MDCT", "sec_num": null}, {"text": "The symlog function compresses the magnitudes of large values, irrespective of their sign. Unlike the conventional logarithm, it is symmetric around the origin and retains the input sign. We note the correspondence with the \u00b5-law companding algorithm, a well-established method in telecommunication and signal processing.", "section": "A.1 VOCOS AND MDCT", "sec_num": null}, {"text": "An alternative approach involves parametrizing the model to output the absolute value of the MDCT coefficients and its corresponding sign. While the MDCT does not directly convey information about phase relationships, this strategy may offer advantages as the sign of the MDCT can potentially provide additional insights indirectly. For example, an opposite sign could imply a phase difference 3.536 3.565 0.9547 0.109 of 180 degrees. In practice, we compute a \"soft\" sign using the cosine activation function, which supposedly provides a periodic inductive bias. Hence, similar to the ISTFT head, this approach projects the hidden activations into two values for each frequency bin, representing the final coefficients as MDCT = exp(m) \u2022 cos(p).", "section": "A.1 VOCOS AND MDCT", "sec_num": null}, {"text": "Table 7 presents objective evaluation metrics for a variant of Vocos that represents audio samples with MDCT coefficients. Both 'symexp' and 'sign' demonstrate significantly weaker performance compared to their STFT-based counterpart. This suggests that while MDCT may be attractive in audio coding applications, its properties may not be as favorable in the context of generative modeling with GANs. The redundancy inherent in the STFT representation appears to be beneficial for generative tasks. This finding aligns with the work of Gritsenko et al. (2020) , who discovered that an overcomplete Fourier basis contributed to improved training stability. Furthermore, it is worth noting that the MDCT, being a lapped transform, incorporates information from surrounding windows, which effectively act as aliases of the signal. To ensure Time Domain Alias Cancellation (TDAC), the prediction of the coefficients has to be accurate and consistent over the frames. return X 13: end procedure", "section": "A.2 RESULTS", "sec_num": null}, {"text": "https://github.com/NVIDIA/BigVGAN", "section": "", "sec_num": null}, {"text": "https://github.com/jik876/hifi-gan", "section": "", "sec_num": null}, {"text": "https://github.com/rishikksh20/iSTFTNet-pytorch", "section": "", "sec_num": null}, {"text": "Listen to audio samples at https://gemelo-ai.github.io/vocos/", "section": "", "sec_num": null}], "back_matter": [], "ref_entries": {"FIGREF1": {"type_str": "figure", "num": null, "uris": null, "fig_num": "2", "text": "Figure 2: Comparison of a typical time-domain GAN vocoder (a), with the proposed Vocos architecture (b) that maintains the same temporal resolution across all layers. Time-domain vocoders use transposed convolutions to sequentially upsample the signal to the desired sample rate. In contrast, Vocos achieves this by using a computationally efficient inverse Fourier transform."}, "FIGREF2": {"type_str": "figure", "num": null, "uris": null, "fig_num": "3", "text": "Figure 3: Spectrogram visualization of an out-of-distribution singing voice sample reproduced by different models. The bottom row presents a zoomed-in view of the upper midrange frequency range."}, "FIGREF3": {"type_str": "figure", "num": null, "uris": null, "fig_num": "3", "text": "FORWARD MDCT ALGORITHM Algorithm 1 Fast MDCT Algorithm realized with FFT 1: Input: Audio signal x with frame length N 2: Output: MDCT coefficients X 3: procedure MDCT(x) 4:for each frame f in x with overlap of N/2 do"}, "TABREF0": {"type_str": "table", "num": null, "content": "<table><tr><td>Ground truth</td><td>4.058</td><td>-</td><td>-</td><td>-</td><td>-</td></tr><tr><td>HiFi-GAN</td><td>3.669</td><td>4.57</td><td>3.093</td><td>0.9457</td><td>0.129</td></tr><tr><td>iSTFTNet</td><td>3.564</td><td>4.56</td><td>2.942</td><td>0.9372</td><td>0.141</td></tr><tr><td>BigVGAN</td><td>3.749</td><td>4.65</td><td>3.693</td><td>0.9557</td><td>0.108</td></tr><tr><td>Vocos</td><td>3.734</td><td>4.66</td><td>3.70</td><td>0.9582</td><td>0.101</td></tr><tr><td>w/ absolute phase</td><td>3.590</td><td>4.65</td><td>3.565</td><td>0.9556</td><td>0.108</td></tr><tr><td>w/ Snake</td><td>3.699</td><td>4.66</td><td>3.629</td><td>0.9579</td><td>0.102</td></tr><tr><td>w/o ConvNeXt</td><td>3.658</td><td>4.65</td><td>3.528</td><td>0.9534</td><td>0.109</td></tr></table>", "html": null, "text": "Objective evaluation metrics for various models, including baseline models (HiFi-GAN, iSTFTNet, BigVGAN) and Vocos."}, "TABREF1": {"type_str": "table", "num": null, "content": "<table><tr><td/><td>MOS (\u2191)</td><td>SMOS (\u2191)</td></tr><tr><td>Ground truth</td><td>3.81\u00b10.16</td><td>4.70\u00b10.11</td></tr><tr><td>HiFi-GAN</td><td>3.54\u00b10.16</td><td>4.49\u00b10.14</td></tr><tr><td>iSTFTNet</td><td>3.57\u00b10.16</td><td>4.42\u00b10.16</td></tr><tr><td>BigVGAN</td><td>3.64\u00b10.15</td><td>4.54\u00b10.14</td></tr><tr><td>Vocos</td><td>3.62\u00b10.15</td><td>4.55\u00b10.15</td></tr></table>", "html": null, "text": "Subjective evaluation metrics -5-scale Mean Opinion Score (MOS) and Similarity Mean Opinion Score (SMOS) with 95% confidence interval."}, "TABREF2": {"type_str": "table", "num": null, "content": "<table><tr><td/><td>Mixture</td><td>Drums</td><td>Bass</td><td>Other</td><td>Vocals</td><td>Average</td></tr><tr><td>HiFi-GAN</td><td>4.46</td><td>4.40</td><td>4.12</td><td>4.44</td><td>4.54</td><td>4.39</td></tr><tr><td>iSTFTNet</td><td>4.47</td><td>4.48</td><td>3.80</td><td>4.40</td><td>4.53</td><td>4.34</td></tr><tr><td>BigVGAN</td><td>4.60</td><td>4.60</td><td>4.29</td><td>4.58</td><td>4.64</td><td>4.54</td></tr><tr><td>Vocos</td><td>4.61</td><td>4.61</td><td>4.31</td><td>4.58</td><td>4.66</td><td>4.55</td></tr></table>", "html": null, "text": "VISQOL scores of various models tested on the MUSDB18 dataset. A higher VISQOL score indicates better perceptual audio quality."}, "TABREF3": {"type_str": "table", "num": null, "content": "<table><tr><td/><td colspan=\"6\">Bandwidth UTMOS (\u2191) VISQOL (\u2191) PESQ (\u2191) V/UV F1 (\u2191) Periodicity (\u2193)</td></tr><tr><td/><td>1.5 kbps</td><td>1.527</td><td>3.74</td><td>1.508</td><td>0.8826</td><td>0.215</td></tr><tr><td>EnCodec</td><td>3.0 kbps 6.0 kbps</td><td>2.522 3.262</td><td>3.93 4.13</td><td>2.006 2.665</td><td>0.9347 0.9625</td><td>0.141 0.090</td></tr><tr><td/><td>12.0 kbps</td><td>3.765</td><td>4.25</td><td>3.283</td><td>0.9766</td><td>0.062</td></tr><tr><td/><td>1.5 kbps</td><td>3.210</td><td>3.88</td><td>1.845</td><td>0.9238</td><td>0.160</td></tr><tr><td>Vocos</td><td>3.0 kbps 6.0 kbps</td><td>3.688 3.822</td><td>4.06 4.22</td><td>2.317 2.650</td><td>0.9380 0.9439</td><td>0.135 0.124</td></tr><tr><td/><td>12.0 kbps</td><td>3.882</td><td>4.34</td><td>2.874</td><td>0.9482</td><td>0.116</td></tr></table>", "html": null, "text": "Objective evaluation metric calculated for various bandwidths."}, "TABREF4": {"type_str": "table", "num": null, "content": "<table><tr><td>Bandwidth</td><td>Vocos</td><td>EnCodec</td></tr><tr><td>1.5 kbps</td><td>2.73\u00b10.20</td><td>1.09\u00b10.05</td></tr><tr><td>3 kbps</td><td>3.50\u00b10.18</td><td>1.71\u00b10.21</td></tr><tr><td>6 kbps</td><td>3.84\u00b10.16</td><td>2.41\u00b10.15</td></tr><tr><td>12 kbps</td><td>4.00\u00b10.16</td><td>3.08\u00b10.19</td></tr><tr><td>Ground truth</td><td>4.09\u00b10.16</td><td/></tr></table>", "html": null, "text": "Subjective evaluation metrics -5-scale Mean Opinion Score (MOS) with 95% confidence interval for various bandwidths."}, "TABREF5": {"type_str": "table", "num": null, "content": "<table><tr><td>Model</td><td colspan=\"2\">xRT (\u2191)</td><td>Parameters</td></tr><tr><td/><td>GPU</td><td>CPU</td><td/></tr><tr><td>HiFi-GAN</td><td>495.54</td><td>5.84</td><td>14.0 M</td></tr><tr><td>BigVGAN</td><td>98.61</td><td>0.40</td><td>14.0 M</td></tr><tr><td>ISTFTNet</td><td>1045.94</td><td>14.44</td><td>13.3 M</td></tr><tr><td>Vocos</td><td>6696.52</td><td>169.63</td><td>13.5 M</td></tr><tr><td>w/o ConvNeXt</td><td>4565.71</td><td>193.56</td><td>14.9 M</td></tr><tr><td>5 CONCLUSIONS</td><td/><td/><td/></tr><tr><td colspan=\"4\">This paper introduces Vocos, a novel neural vocoder that bridges the gap between time-domain and</td></tr><tr><td colspan=\"4\">Fourier-based approaches. Vocos tackles the challenges associated with direct reconstruction of</td></tr><tr><td colspan=\"4\">complex-valued spectrograms, with careful design of generator that correctly handle phase wrapping.</td></tr><tr><td colspan=\"4\">It achieves accurate reconstruction of the coefficients in Fourier-based time-frequency representations.</td></tr></table>", "html": null, "text": "Model footprint and synthesis speed. xRT denotes the speed factor relative to real-time. A higher xRT value means the model can generate speech faster than real-time, with a value of 1.0 denoting real-time speed."}, "TABREF6": {"type_str": "table", "num": null, "content": "<table><tr><td/><td>UTMOS (\u2191)</td><td>PESQ (\u2191)</td><td>V/UV F1 (\u2191)</td><td>Periodicity (\u2193)</td></tr><tr><td>Ground truth</td><td>4.058</td><td>-</td><td>-</td><td>-</td></tr><tr><td>Baseline (ISTFT)</td><td>3.734</td><td>3.70</td><td>0.9582</td><td>0.101</td></tr><tr><td>IMDCT (symexp)</td><td>3.498</td><td>3.648</td><td>0.9569</td><td>0.106</td></tr><tr><td>IMDCT (sign)</td><td/><td/><td/><td/></tr></table>", "html": null, "text": "Objective evaluation metrics for MDCT variant of Vocos compared to the ISTFT baseline."}}}}